Frame,NIA_ID,Angle_deg,P2,Orientation
0,1,23.691443360124147,0.7578218494225832,flat
0,2,94.9241193634402,-0.48894818426543507,upright
0,3,120.73803051284986,-0.10814442546818803,upright
0,4,24.171007743355805,0.7485119947429593,flat
0,5,86.87030249903,-0.49552885516435824,upright
0,6,167.3130794646829,0.9276482748211909,flat
0,7,55.65215463026131,-0.022490977005204194,upright
0,8,26.8066792138442,0.694923407993663,flat
0,9,40.91714530949603,0.35652740706817687,flat
0,10,41.7972481023464,0.33367329429379733,flat
1,1,7.636539825884789,0.9735109692994075,flat
1,2,45.01226828927072,0.24967881694777538,upright
1,3,125.54639347523923,0.006972610224101672,upright
1,4,10.1031579218819,0.9538412155404148,flat
1,5,57.46306278757027,-0.06608702080143608,upright
1,6,95.69942258761857,-0.48520636872801737,upright
1,7,7.988065718319791,0.971032329188332,flat
1,8,26.055142496701368,0.7106076580653613,flat
1,9,54.71791302469759,0.00043686433614820164,upright
1,10,21.778725097688767,0.7935128475602733,flat
2,1,53.686560501765875,0.02605517539383151,upright
2,2,24.84286873565788,0.7352347067771701,flat
2,3,125.24616476769793,-0.0004497891815578581,upright
2,4,20.14522069763859,0.82208216684083,flat
2,5,69.01278499256136,-0.30758252851819506,upright
2,6,142.11003706580138,0.4342352690417931,flat
2,7,5.726528502153144,0.98506578986185,flat
2,8,37.674100852496295,0.43970808501964465,flat
2,9,47.11918310919379,0.1945705005854823,upright
2,10,15.943952583359085,0.8868124144188498,flat
3,1,128.42833894436671,0.07945924079791844,upright
3,2,23.462707487696278,0.7622123685546813,flat
3,3,117.08245956829833,-0.18909062051358494,upright
3,4,57.32070320227149,-0.06270332638574272,upright
3,5,50.901831348181894,0.09658103004302321,upright
3,6,85.96957467642076,-0.4925897767340245,upright
3,7,20.724440573024886,0.8121599553518981,flat
3,8,20.167191954068088,0.821710034362038,flat
3,9,22.358702250592177,0.7829393303441599,flat
3,10,87.05452670101725,-0.4960392853401535,upright
4,1,138.12894676797364,0.3317528673720618,flat
4,2,21.654056507204483,0.7957567294722585,flat
4,3,94.08464492310858,-0.4923894026605847,upright
4,4,51.614884024553625,0.07835750301727351,upright
4,5,48.1710136145321,0.16715247602001204,upright
4,6,57.85022775216562,-0.07524968613613775,upright
4,7,26.599111924222182,0.6992863154906197,flat
4,8,6.179968694369511,0.9826166408224113,flat
4,9,12.995687635773598,0.9241450180634292,flat
4,10,120.76530599470082,-0.10751686832474605,upright
5,1,75.85936252178152,-0.4104741837423683,upright
5,2,50.414116104556086,0.10910101828474394,upright
5,3,99.25378768551784,-0.4612112708221623,upright
5,4,28.34119466067914,0.6619597670697628,flat
5,5,33.88140273612684,0.5338313138250117,flat
5,6,98.32823807228397,-0.4685303805943053,upright
5,7,22.71257913202563,0.776380253924384,flat
5,8,13.006784845655249,0.9240176493364376,flat
5,9,71.79169278737506,-0.35354126452355783,upright
5,10,62.32855916657774,-0.17649803738551356,upright
6,1,115.43129503059065,-0.2233867807315683,upright
6,2,11.467199408885161,0.9407137151435947,flat
6,3,109.66258056428673,-0.33017149202643087,upright
6,4,28.278356813928852,0.6633334764264291,flat
6,5,51.18611035708611,0.08930367088166591,upright
6,6,114.80948003493589,-0.23590089548056303,upright
6,7,36.96180430194692,0.45768905707607077,flat
6,8,27.412082088372415,0.6820657289452361,flat
6,9,36.81501418699441,0.46137898554729706,flat
6,10,28.75697005785831,0.6528207959001773,flat
7,1,154.0842856043374,0.7134829237247899,flat
7,2,67.2300472186476,-0.27530924539869306,upright
7,3,123.41540125825674,-0.045085790470970166,upright
7,4,23.02698330725689,0.7704853898353525,flat
7,5,56.6560173323977,-0.046803806352519295,upright
7,6,140.26157239989783,0.3869745245083057,flat
7,7,34.25432836484663,0.5247704854051267,flat
7,8,12.369812322392601,0.9311642286705855,flat
7,9,47.02594221674431,0.19700515500255755,upright
7,10,53.10363269243096,0.04066534470366934,upright
8,1,119.14570531087394,-0.14419939456580366,upright
8,2,30.886761526216244,0.6047184800940519,flat
8,3,93.96029331937149,-0.49284501113044643,upright
8,4,60.3378164995137,-0.132632892499012,upright
8,5,12.039032708918038,0.9347428238232771,flat
8,6,121.74082352695291,-0.08486334124635098,upright
8,7,29.4522355098512,0.6373498820018149,flat
8,8,49.22861188018663,0.1396967617102235,upright
8,9,33.772933200042765,0.5364577945467357,flat
8,10,78.74610073304568,-0.44287057765684845,upright
9,1,149.58750601546797,0.6156091839560065,flat
9,2,30.66732571612252,0.6097696958548624,flat
9,3,93.96690254179987,-0.49282114788547887,upright
9,4,44.74970883470407,0.2565525240228159,flat
9,5,3.8279530776617094,0.9933145147792242,flat
9,6,150.58739974549948,0.6382380571218302,flat
9,7,28.60607524474662,0.6561474568495411,flat
9,8,43.750864648734655,0.2826919256030509,flat
9,9,45.37655491981875,0.24014209911783768,upright
9,10,105.58561486793958,-0.39171820417912895,upright
10,1,135.19700196847674,0.25515745882590823,flat
10,2,23.023943149999894,0.7705426920233394,flat
10,3,85.9957497732965,-0.4926855574975827,upright
10,4,20.51526063717057,0.8157699944950298,flat
10,5,42.08286223389813,0.3262385781159538,flat
10,6,168.94949561725443,0.9448915051141116,flat
10,7,41.80592912285538,0.33344744066092014,flat
10,8,28.954053031935157,0.6484590441289964,flat
10,9,38.20568781669927,0.4262118498536911,flat
10,10,42.122760614482885,0.3251993779746096,flat
11,1,102.49531049085205,-0.4297827164632158,upright
11,2,15.845441323740857,0.8881710368577225,flat
11,3,82.73223387455933,-0.47599413489779074,upright
11,4,4.2039519482992835,0.9919391286547159,flat
11,5,35.6441958024627,0.490603669954218,flat
11,6,144.9680081961906,0.5057279142973785,flat
11,7,46.31528871861903,0.21557791808691185,upright
11,8,40.05667280868827,0.3787747292974726,flat
11,9,25.25938195169206,0.7268691140316776,flat
11,10,40.341221881197654,0.37142965005110606,flat
12,1,68.89719481093026,-0.3055541136076502,upright
12,2,17.273731773449537,0.8677425232842135,flat
12,3,90.08960601073665,-0.4999963312347312,upright
12,4,4.052405260299881,0.9925088681807348,flat
12,5,55.46050146850485,-0.017810320291131942,upright
12,6,151.70838089657568,0.6630437124983428,flat
12,7,32.96758618326431,0.5558275140060349,flat
12,8,49.93394691664443,0.1214672056682713,upright
12,9,46.74293126701747,0.2043983105651972,upright
12,10,34.13390886730671,0.5277014351011318,flat
13,1,90.32347344027743,-0.4999521900119687,upright
13,2,10.818095167254924,0.9471578335396444,flat
13,3,112.75382643806444,-0.2756104930200687,upright
13,4,10.105227508010831,0.9538224992766104,flat
13,5,67.32666164786416,-0.2771115560132726,upright
13,6,149.78790753233838,0.6201811021838488,flat
13,7,30.488404719520204,0.6138726882170684,flat
13,8,52.99496239376189,0.04339876158456968,upright
13,9,17.404881465344797,0.8657889627341531,flat
13,10,14.417879424807644,0.9070043817055489,flat
14,1,88.11004691651615,-0.49836848706661196,upright
14,2,7.201086621546994,0.9764302956721946,flat
14,3,112.85624749108496,-0.273694393677709,upright
14,4,35.76185853000418,0.48768405954433813,flat
14,5,65.68314819824568,-0.24565287984512696,upright
14,6,159.94507564668666,0.8236080022667862,flat
14,7,30.62437836058948,0.6107558448781611,flat
14,8,42.04121091107569,0.3273232778984,flat
14,9,33.624073824919435,0.5400555818738111,flat
14,10,6.114364198352502,0.9829823590696045,flat
15,1,102.28368089294963,-0.4321048201196166,upright
15,2,29.832027566785424,0.6288018858289761,flat
15,3,135.05827363758692,0.25152559921242934,flat
15,4,18.581479874085826,0.8476904570277719,flat
15,5,169.4631898588433,0.9498393873406392,flat
15,6,140.95011978210468,0.4046562075408684,flat
15,7,62.31038333645677,-0.176106538178871,upright
15,8,46.0253276998174,0.22316271408732646,upright
15,9,70.48547044270342,-0.3326200134105962,upright
15,10,23.042590190713103,0.7701911323332449,flat
16,1,84.29491723714446,-0.48517706784012093,upright
16,2,5.573668126998049,0.9858499544267092,flat
16,3,122.92825900494815,-0.056767322104545936,upright
16,4,14.948245701915155,0.9001954547366671,flat
16,5,173.49874360680508,0.9807701487292728,flat
16,6,168.8369208663976,0.943777286544683,flat
16,7,38.68798980781821,0.41391427035830664,flat
16,8,55.20918079730737,-0.011654300330542156,upright
16,9,16.95893207046196,0.8723787598597099,flat
16,10,11.732925539821194,0.9379731777681124,flat
17,1,48.96919639715549,0.14641882271863094,upright
17,2,19.784510088360417,0.8281433389192661,flat
17,3,120.85506828021832,-0.10544932308877664,upright
17,4,20.724731414720473,0.8121549150794947,flat
17,5,133.17483885017714,0.20224971106734713,upright
17,6,143.13119825043367,0.4600275427239007,flat
17,7,59.19860127130616,-0.10668594485053023,upright
17,8,43.05155309034331,0.30097090227066836,flat
17,9,14.605126952235022,0.9046260653371334,flat
17,10,41.88164636536954,0.3314771867103353,flat
18,1,19.8250716852577,0.8274663215399873,flat
18,2,16.516161290498903,0.8787723882366887,flat
18,3,135.91115638963666,0.273849996991849,flat
18,4,24.72326468935572,0.737618054092446,flat
18,5,121.98230138396262,-0.07919475236098455,upright
18,6,161.87651347267942,0.8548568815952846,flat
18,7,65.48443152385558,-0.24173659324718244,upright
18,8,49.08773315201934,0.1433461715312444,upright
18,9,62.68043467335343,-0.1840432539778365,upright
18,10,29.63811033907881,0.6331748021767807,flat
19,1,55.76164835559954,-0.025159631161826235,upright
19,2,9.560582856211923,0.9586209772537826,flat
19,3,116.5655651469904,-0.19998923536690494,upright
19,4,20.31468481042729,0.8192032172181385,flat
19,5,123.72602376459355,-0.03759238952084165,upright
19,6,138.33450432820956,0.3371001348065601,flat
19,7,58.34817016784283,-0.08694645141300128,upright
19,8,36.04200475927533,0.4807166372694237,flat
19,9,62.87588889905177,-0.18820613541721298,upright
19,10,56.559451099333415,-0.04448041213466125,upright
20,1,21.902629580286415,0.7912725200993895,flat
20,2,16.779244793870085,0.8749914629394802,flat
20,3,86.87760886692557,-0.49554968618027195,upright
20,4,17.102025931839744,0.8702806169429707,flat
20,5,150.98763275741305,0.6471648355186683,flat
20,6,158.3126620842385,0.7951587144118897,flat
20,7,79.76106740413748,-0.45260555998481616,upright
20,8,23.039106580610532,0.7702568268933452,flat
20,9,26.91131260005984,0.6927152242556749,flat
20,10,41.56101843832649,0.33981624965971724,flat
21,1,15.574666651687012,0.8918665129704084,flat
21,2,22.51135775388288,0.780119789337627,flat
21,3,114.1536895538222,-0.248850642358995,upright
21,4,30.885867225337126,0.6047391085369407,flat
21,5,166.87513514420377,0.9226561209890427,flat
21,6,156.32833388598468,0.7582027505343147,flat
21,7,90.11899315817611,-0.49999353022239557,upright
21,8,43.283891814145285,0.2949007421634511,flat
21,9,81.8050605179032,-0.46952287541895615,upright
21,10,11.81773693055084,0.9370860126816467,flat
22,1,19.252775839769345,0.8369108759266253,flat
22,2,16.328049427886146,0.881443358168017,flat
22,3,121.45741419035572,-0.09148587596481239,upright
22,4,14.58651231033977,0.9048637519929006,flat
22,5,174.43557681759245,0.9858967088061772,flat
22,6,161.93001555734446,0.8556840029841895,flat
22,7,64.58340475843845,-0.22368521323519974,upright
22,8,33.69367048125095,0.5383744668126484,flat
22,9,60.217069479538495,-0.12991069402065392,upright
22,10,8.169627888236251,0.9697095775071816,flat
23,1,34.47231986632684,0.5194523689094721,flat
23,2,38.260162076859345,0.42482532010883867,flat
23,3,129.8362622703481,0.11554449696695901,upright
23,4,44.7693234485773,0.2560390327351132,flat
23,5,154.779300466508,0.7276503167805632,flat
23,6,112.35560979250435,-0.28299629180781366,upright
23,7,67.76507784695144,-0.2852144376590978,upright
23,8,17.360807037696436,0.8664469220219564,flat
23,9,34.05111152616587,0.5297138369767493,flat
23,10,18.102331486569188,0.8551841826111066,flat
24,1,33.70230733158661,0.5381657238086466,flat
24,2,23.57536993178093,0.7600539088563498,flat
24,3,70.94388551711135,-0.34010247990771564,upright
24,4,55.06710487912067,-0.008165255780494096,upright
24,5,126.11567809396878,0.021119358567720514,upright
24,6,128.40306281508177,0.0788149141495077,upright
24,7,83.0486637651426,-0.47802895660295525,upright
24,8,34.459313588940475,0.5197701105224286,flat
24,9,25.971706353292927,0.7123295812058306,flat
24,10,30.428357007262065,0.6152465212020788,flat
25,1,15.616647250382243,0.891297318218518,flat
25,2,9.666003207917637,0.9577121299483475,flat
25,3,63.518537544475606,-0.2017487600615439,upright
25,4,47.750800868241804,0.17809481548282557,upright
25,5,162.3307127127924,0.8618112704302581,flat
25,6,109.24806290274167,-0.33698768593679085,upright
25,7,85.73517028553786,-0.49170441246431756,upright
25,8,64.99874401949675,-0.23206551811684273,upright
25,9,44.84175933779079,0.25414270978295384,flat
25,10,19.564529363450436,0.831794835349223,flat
26,1,49.36533908293792,0.13615744542500918,upright
26,2,5.186757024923548,0.9877411103278617,flat
26,3,50.160446934190084,0.11562925493140952,upright
26,4,47.97107066551777,0.17235691165679834,upright
26,5,163.86089974667152,0.8840988089824477,flat
26,6,125.50940290610421,0.006056653255352651,upright
26,7,66.94579843146843,-0.2699721072925081,upright
26,8,40.407426852025274,0.3697189533644327,flat
26,9,45.23823816656288,0.24376301127370437,upright
26,10,37.44075962501078,0.44561193116551623,flat
27,1,5.273339652962575,0.9873295844494789,flat
27,2,13.970998291629606,0.9125668076123241,flat
27,3,55.92275474099946,-0.029078904209647816,upright
27,4,62.91455586363595,-0.18902727299965172,upright
27,5,150.22214571838325,0.6300252722563904,flat
27,6,100.34246774727781,-0.4516527019598445,upright
27,7,72.6787483010783,-0.3670361763752419,upright
27,8,57.538397353549996,-0.06787446849751322,upright
27,9,55.35693401313889,-0.015275938129937439,upright
27,10,22.061833736445884,0.788379079073166,flat
28,1,40.682302031891254,0.36260960834880385,flat
28,2,10.781652949900648,0.9475090406935216,flat
28,3,82.97748038923862,-0.47757894191844774,upright
28,4,93.39010458874189,-0.4947547605335343,upright
28,5,173.70934123709134,0.981990880129973,flat
28,6,127.43815636751286,0.05432227539831913,upright
28,7,74.30588304195045,-0.39024332915139104,upright
28,8,18.657698068927566,0.8464829612471223,flat
28,9,90.12342602830616,-0.4999930392052068,upright
28,10,66.45680621322828,-0.2606711663781199,upright
29,1,23.679296639502876,0.7580558186371331,flat
29,2,16.834082542140653,0.8741967089714473,flat
29,3,65.59932980071846,-0.24400389325025318,upright
29,4,82.3816584232704,-0.4736363241689736,upright
29,5,148.63662366012866,0.5936759419453899,flat
29,6,107.46144796567916,-0.3649423816503007,upright
29,7,66.77397245899446,-0.2667209941133426,upright
29,8,21.792106357966002,0.7932713888302636,flat
29,9,59.2814143673608,-0.10859161711894133,upright
29,10,26.849870191405195,0.6940126229462709,flat
30,1,31.222433731282273,0.5969514403410154,flat
30,2,48.07445787775113,0.16966529532474617,upright
30,3,115.48980785369916,-0.22219762908724205,upright
30,4,41.272357034147305,0.34731431600010776,flat
30,5,139.82187128118758,0.3756410938214274,flat
30,6,92.12627916778581,-0.4979351562942989,upright
30,7,55.35054906226968,-0.015119579247962367,upright
30,8,55.4414908270547,-0.017345375308309707,upright
30,9,70.19334568251213,-0.32777387109943396,upright
30,10,48.78318362088549,0.151244108773244,upright
31,1,35.01122363744685,0.5062389740407132,flat
31,2,5.675923781322008,0.9853277074885376,flat
31,3,129.8206076772077,0.11514132045452574,upright
31,4,49.785251395782396,0.1253041669010202,upright
31,5,152.42831540290084,0.6786436808110254,flat
31,6,106.30085433428536,-0.3818272471011229,upright
31,7,32.04422512775402,0.5777373349829595,flat
31,8,36.42133375487924,0.47124743745815056,flat
31,9,78.02498644766513,-0.4354248967922728,upright
31,10,24.599084480795415,0.740083596579022,flat
32,1,30.728636311754826,0.6083604930957627,flat
32,2,10.742382708405755,0.947886239076213,flat
32,3,155.5672509621913,0.7433716761179405,flat
32,4,42.54187258130194,0.3142746874652762,flat
32,5,147.41332827431222,0.5649057816634682,flat
32,6,125.50392521922997,0.005921049827885216,upright
32,7,21.61091136537649,0.7965308839564929,flat
32,8,35.94326593862961,0.48317488915493334,flat
32,9,85.94280067988244,-0.4924911630928184,upright
32,10,36.32102182422785,0.4737553676229821,flat
33,1,17.926853773095818,0.8578863541823682,flat
33,2,10.713001296025034,0.948167595735607,flat
33,3,98.87018507250214,-0.4643352691623511,upright
33,4,4.956144948219821,0.9888043186341209,flat
33,5,28.246513512173884,0.6640288497121347,flat
33,6,70.5945243206912,-0.3344136375179216,upright
33,7,31.98103838520109,0.5792244619125873,flat
33,8,25.307357717964884,0.7258990217024965,flat
33,9,83.78980104067402,-0.482446826253366,upright
33,10,35.589749987747695,0.4919532842521329,flat
34,1,31.949572288637484,0.5799644329805835,flat
34,2,28.4274323665691,0.6600712839789828,flat
34,3,89.77019041178806,-0.4999758687424742,upright
34,4,72.90930238284862,-0.370447285433591,upright
34,5,46.73415613331649,0.2046276201202244,upright
34,6,114.038671772143,-0.25109511963394837,upright
34,7,56.952998299565316,-0.05392795305821252,upright
34,8,56.6070837785912,-0.04562687946379934,upright
34,9,67.51995790658339,-0.2806994181762427,upright
34,10,39.16304745095567,0.40175597139066443,flat
35,1,30.70901003249284,0.6088117752352868,flat
35,2,13.440815150816764,0.9189569047284172,flat
35,3,110.92299885194119,-0.3087054947415816,upright
35,4,63.4270020120554,-0.1998335450711225,upright
35,5,61.58460948154854,-0.16033520692627107,upright
35,6,46.593260115108194,0.2083100470591962,upright
35,7,47.81208858104467,0.17649786381853472,upright
35,8,59.680565218295406,-0.11773445571965169,upright
35,9,61.59550437058362,-0.16057392933385883,upright
35,10,30.553877170494818,0.6123729208951838,flat
36,1,48.959488488418174,0.14667054561058168,upright
36,2,36.14597786256975,0.47812510804463515,flat
36,3,127.94278932345912,0.06710565929209755,upright
36,4,56.6837878838892,-0.04747134567983474,upright
36,5,78.2775752244749,-0.4380826011240837,upright
36,6,60.97477425277757,-0.14687923598182884,upright
36,7,53.63709709316277,0.027291382683262033,upright
36,8,21.89569069625997,0.7913982506789183,flat
36,9,66.04517055691895,-0.252726145712299,upright
36,10,12.993686569272104,0.9241679746300278,flat
37,1,84.62379023069808,-0.4868318901063907,upright
37,2,51.72058376101384,0.07566490626504963,upright
37,3,118.0289183807995,-0.16876681507537783,upright
37,4,19.435063442019004,0.8339278395759473,flat
37,5,62.160496280916924,-0.17287151352574381,upright
37,6,43.55212408414275,0.2878891677749553,flat
37,7,30.228981615832865,0.6197964925699084,flat
37,8,45.50168581125599,0.23686656748113788,upright
37,9,67.04629746736548,-0.2718649836112168,upright
37,10,69.41821572420358,-0.3146251877146312,upright
38,1,20.028360450220358,0.8240557972517928,flat
38,2,32.975862658509186,0.5556296562373353,flat
38,3,102.74606289038822,-0.42698333106401276,upright
38,4,32.49338258993841,0.5671206996816995,flat
38,5,68.28268374904034,-0.2946194205529177,upright
38,6,90.88614828321077,-0.4996412233531772,upright
38,7,31.420107202214943,0.5923551673771756,flat
38,8,10.838650167016919,0.9469592397454003,flat
38,9,71.85339541768317,-0.3544988325738816,upright
38,10,27.253383228679553,0.6854551053206288,flat
39,1,37.60840228185033,0.4413716368900438,flat
39,2,91.51655721889567,-0.4989493400677073,upright
39,3,85.66245580105944,-0.49141966998983944,upright
39,4,40.13511037114434,0.37675125423561273,flat
39,5,53.4477165417071,0.032030554573740044,upright
39,6,121.56835981517125,-0.0888973119647164,upright
39,7,54.385249953463145,0.008666314241149276,upright
39,8,13.89668971097907,0.9134761455239817,flat
39,9,34.20618458088145,0.5259428661581396,flat
39,10,118.42576979367584,-0.16010772714455979,upright
40,1,43.37019357366003,0.2926452196416115,flat
40,2,75.57074174912641,-0.40686065402829064,upright
40,3,90.79837077508058,-0.4997087760097832,upright
40,4,14.930128749677177,0.9004317326093523,flat
40,5,63.70529236969646,-0.20564194127410063,upright
40,6,125.35620105046578,0.0022674308637045115,upright
40,7,91.46946962561157,-0.49901355699668454,upright
40,8,41.68953691256074,0.33647496475090843,flat
40,9,60.8814897141188,-0.14480490772488314,upright
40,10,96.54573022391327,-0.48050730299022565,upright
41,1,23.185738298590437,0.767484978087531,flat
41,2,62.45513899850346,-0.179219740318873,upright
41,3,90.75740298355488,-0.49973789535349705,upright
41,4,20.068444576117106,0.8233798987566501,flat
41,5,56.912441541061106,-0.052956963262565326,upright
41,6,90.66382378472754,-0.49979865901912923,upright
41,7,99.01672199610931,-0.463156983996777,upright
41,8,26.17622288603643,0.7081019023957902,flat
41,9,61.09843911169473,-0.14962262765591938,upright
41,10,128.78013882126456,0.08844070851213082,upright
42,1,138.04805470384804,0.3296474139399832,flat
42,2,57.25617217750266,-0.06116696289289747,upright
42,3,115.03082641926953,-0.23147220454998685,upright
42,4,19.740521603373917,0.828876244756817,flat
42,5,23.67587403872814,0.7581217280225401,flat
42,6,105.00772777099832,-0.39941787292257147,upright
42,7,102.70163937827206,-0.4274830591471915,upright
42,8,42.11513022230116,0.3253981318350412,flat
42,9,55.9250274572097,-0.029134130271737946,upright
42,10,107.25138887170324,-0.3680740458830222,upright
43,1,117.14038032840985,-0.18786040091455675,upright
43,2,48.35873893713592,0.16226972886287705,upright
43,3,77.36043897003175,-0.4281786605394431,upright
43,4,1.7110411886945065,0.9986626723777898,flat
43,5,64.29983683969509,-0.21790635923881313,upright
43,6,79.71934980516467,-0.45222272643595185,upright
43,7,142.3777919034366,0.4410221434346362,flat
43,8,15.965027616066054,0.8865207788255278,flat
43,9,51.77371962474951,0.07431221654696396,upright
43,10,149.59134350285856,0.615696900320807,flat
44,1,108.95442787212566,-0.34174184774387567,upright
44,2,83.08063729666232,-0.4782296275365764,upright
44,3,74.94245371755498,-0.3987644638476566,upright
44,4,23.52401973942482,0.761038689280654,flat
44,5,80.6103990084329,-0.46007463366373064,upright
44,6,102.73801526936212,-0.4270739809744398,upright
44,7,123.99108624319584,-0.031171300573002214,upright
44,8,28.678880381897983,0.6545437795230686,flat
44,9,45.57725939592418,0.23488840702646174,upright
44,10,132.95275565432198,0.1964488752306568,upright
45,1,28.255718376376628,0.6638278924073184,flat
45,2,56.47396148080046,-0.04242072936222169,upright
45,3,75.41082915474671,-0.4048298226117013,upright
45,4,47.300277518837916,0.18984356473281216,upright
45,5,72.51920031978455,-0.36465221097651623,upright
45,6,97.42879704657831,-0.47492459332904646,upright
45,7,58.459137518922546,-0.08953935024451765,upright
45,8,23.919215440403143,0.7534176602337326,flat
45,9,38.15319430951065,0.4275473608745721,flat
45,10,144.81982235185424,0.5020774958388432,flat
46,1,31.09421094328391,0.5999240376841257,flat
46,2,123.54958305833405,-0.04185301778025474,upright
46,3,42.44222170841189,0.3168735492090301,flat
46,4,23.1373710315399,0.7684007894131573,flat
46,5,106.1038405142117,-0.3845912911531427,upright
46,6,104.3534632670748,-0.4078160770104311,upright
46,7,59.12617972182777,-0.10501695643792014,upright
46,8,29.566333056209967,0.6347889692753204,flat
46,9,63.090320258828974,-0.1927497295606318,upright
46,10,156.29721120164947,0.7576032319886996,flat
47,1,43.07473062313031,0.30036550217709435,flat
47,2,74.19513167835862,-0.38872840814226345,upright
47,3,43.07589686073778,0.30033503902853087,flat
47,4,13.374048751675504,0.9197454162709828,flat
47,5,90.05348329356094,-0.49999869298023353,upright
47,6,110.79351450641605,-0.31096128141641177,upright
47,7,71.40195654426608,-0.3474284060271652,upright
47,8,27.919226953748296,0.6711461188080237,flat
47,9,74.58754290132481,-0.39405287126563127,upright
47,10,131.31524134082144,0.1537990102376937,upright
48,1,32.76390608506611,0.5606886144479468,flat
48,2,117.2540939883804,-0.18543995513769057,upright
48,3,48.24741482016281,0.16516483481369826,upright
48,4,22.35277584318362,0.783048486221225,flat
48,5,98.55007395940648,-0.46684419175997505,upright
48,6,139.8998595606533,0.37765350133017705,flat
48,7,58.09241358939798,-0.08095117191670903,upright
48,8,9.93402580598258,0.9553583335090279,flat
48,9,69.35216572021473,-0.3134855195710434,upright
48,10,122.37043589632968,-0.07003462236087454,upright
49,1,53.57363093016381,0.028878523794414357,upright
49,2,135.12766070329323,0.25334213833558916,flat
49,3,69.13245304968558,-0.3096729394455923,upright
49,4,31.625051385548304,0.587572629479296,flat
49,5,108.19876504384551,-0.3536895333274583,upright
49,6,150.56988179734384,0.6378455939655887,flat
49,7,47.34130101440855,0.1887730944695123,upright
49,8,10.364989525929353,0.9514442147714759,flat
49,9,40.220575038001286,0.3745454178690726,flat
49,10,168.6752801713308,0.9421587031476242,flat
50,1,53.33332501254921,0.034897784152845834,upright
50,2,134.21610912603282,0.22948034575073029,upright
50,3,78.02198534964035,-0.4353929989324572,upright
50,4,8.019459561415616,0.9708056821552,flat
50,5,138.0269338001887,0.32909757518982663,flat
50,6,125.32846301907136,0.0015821258166424101,upright
50,7,45.0089960495413,0.2497644839776183,upright
50,8,32.15359639925577,0.5751594713115393,flat
50,9,75.70761992125738,-0.40858270207097735,upright
50,10,132.23108861413846,0.1776228817214235,upright
51,1,82.21310356512483,-0.47246410261709254,upright
51,2,135.79182906160437,0.270727396928929,flat
51,3,77.7586949886043,-0.4325653201147284,upright
51,4,13.757168140292315,0.9151714516340457,flat
51,5,76.52911468350914,-0.41860058890248963,upright
51,6,111.49039442413375,-0.2986867498161462,upright
51,7,42.44996696293944,0.31667158413389473,flat
51,8,9.52989229005023,0.9588837631233618,flat
51,9,80.70866344109221,-0.46089861763969053,upright
51,10,119.6941882567506,-0.13191201678682984,upright
52,1,78.0640403470362,-0.435839304160097,upright
52,2,171.67566500570737,0.9685596627407964,flat
52,3,92.3711377206894,-0.49743249316927535,upright
52,4,27.959430860308824,0.670274775587347,flat
52,5,64.9556365445272,-0.2312004206224781,upright
52,6,119.20662082409962,-0.14284178679525972,upright
52,7,49.02202680111423,0.14504915690345166,upright
52,8,40.36643960873963,0.3707781150854126,flat
52,9,102.0771825911076,-0.43433474107231174,upright
52,10,101.1629143365564,-0.44377892547220277,upright
53,1,63.101212476949975,-0.19297986531428019,upright
53,2,165.69346063405683,0.908405262274355,flat
53,3,128.50493110402695,0.08141249902018988,upright
53,4,16.76697291575436,0.8751690036576476,flat
53,5,60.06548972797854,-0.1264838341880592,upright
53,6,113.01404739779693,-0.27072917080572345,upright
53,7,50.74600260448645,0.10057660130106227,upright
53,8,45.94992012862924,0.2251357060866852,upright
53,9,122.35684326778579,-0.07035641628419448,upright
53,10,119.53045975984607,-0.13559480306411875,upright
54,1,40.08051695398459,0.3781597168463061,flat
54,2,127.8498582807167,0.06474714521594915,upright
54,3,140.91985009165901,0.4038806941348978,flat
54,4,9.719547138495969,0.9572468477020111,flat
54,5,34.33029489561517,0.5229189977730906,flat
54,6,108.67062997073923,-0.34627766687118483,upright
54,7,2.047099694618612,0.9980860121523647,flat
54,8,38.0285278392472,0.43071665961983396,flat
54,9,155.21033100571728,0.7362958637180252,flat
54,10,161.53550209300812,0.8495355249837162,flat
55,1,35.653335674624905,0.49037702356001067,flat
55,2,126.07203137524886,0.020031465435509932,upright
55,3,138.70923196612213,0.34683637170518933,flat
55,4,21.92828822034105,0.7908073171755772,flat
55,5,23.549196118777186,0.7605560682945929,flat
55,6,95.28421757275105,-0.4872774055541308,upright
55,7,19.529695702819126,0.832369904432325,flat
55,8,29.361045309895413,0.6393922249090891,flat
55,9,146.66290415414403,0.5469693755255545,flat
55,10,157.4113651101678,0.7786867400588473,flat
56,1,66.34887972155305,-0.25859819783343824,upright
56,2,129.63054803758155,0.1102496738680907,upright
56,3,113.26037569648848,-0.2660688607751884,upright
56,4,26.086463699879662,0.7099602536596499,flat
56,5,13.167349967080744,0.9221634472200435,flat
56,6,165.57734746749227,0.9069441044776347,flat
56,7,26.409093137676464,0.7032596931574906,flat
56,8,15.872812529457038,0.887794302024792,flat
56,9,111.06631259851507,-0.3061954762419892,upright
56,10,153.34532650022854,0.6981207554639397,flat
57,1,35.61029267800414,0.4914441701286203,flat
57,2,61.197618997527826,-0.15181746408811514,upright
57,3,109.35959357256031,-0.33516573727720617,upright
57,4,15.465715638283221,0.8933372939071793,flat
57,5,58.96830999903326,-0.10137092615331367,upright
57,6,139.0233551045224,0.35498527572732097,flat
57,7,19.1201211299522,0.8390667655721389,flat
57,8,12.140298847993376,0.9336569328740567,flat
57,9,110.71764547700397,-0.31227769754287216,upright
57,10,160.69713217177284,0.8360935107670269,flat
58,1,34.34337418339179,0.5226000299628348,flat
58,2,29.171939117455857,0.6436149468732781,flat
58,3,115.07032288729883,-0.23067893094564496,upright
58,4,21.32787338874995,0.801578621728142,flat
58,5,55.877854252403566,-0.027987481260185798,upright
58,6,152.83205875548975,0.6872743865281128,flat
58,7,57.258529551064726,-0.061223115398727046,upright
58,8,21.982697056673032,0.7898194251223636,flat
58,9,151.9860115465684,0.6690910200857139,flat
58,10,145.5283116073559,0.51946779701022,flat
59,1,47.89011108627915,0.17446534743978614,upright
59,2,35.08890383133509,0.5043267441761861,flat
59,3,118.16159632258739,-0.16588071270376809,upright
59,4,3.8575030620535715,0.9932110554283762,flat
59,5,120.45573267029972,-0.11462039144372271,upright
59,6,157.59324150656744,0.7820533617700436,flat
59,7,13.278490930938109,0.9208676244672316,flat
59,8,16.629481123847086,0.8771502858922364,flat
59,9,158.04908583451098,0.7903967384402315,flat
59,10,128.49916532442327,0.08126541761729156,upright
60,1,16.106245433718637,0.8845577315408926,flat
60,2,37.96263620259875,0.43239039285513425,flat
60,3,107.68907467765645,-0.3615114908098984,upright
60,4,18.491999477970005,0.8491026612446044,flat
60,5,26.30467670463173,0.7054346089008425,flat
60,6,164.87212249230043,0.8978386748425233,flat
60,7,29.690858414466458,0.6319870404468424,flat
60,8,36.68078089692348,0.46474841203937467,flat
60,9,162.91711103753244,0.8705621142369049,flat
60,10,139.62448545467987,0.37054362858733403,flat
61,1,39.44950971943101,0.39440407027026847,flat
61,2,38.88287956902425,0.40893165838426837,flat
61,3,101.58623856622485,-0.43949335173007437,upright
61,4,35.08460624662497,0.5044325855145022,flat
61,5,163.1206528904963,0.8735389742324431,flat
61,6,156.01632842557206,0.7521655506911489,flat
61,7,29.797272004753324,0.6295869210169118,flat
61,8,20.20558466728256,0.821058960621883,flat
61,9,135.4108722091301,0.2607562405178866,flat
61,10,157.64374008271906,0.7829843173643822,flat
62,1,70.26161024914653,-0.32891172955372044,upright
62,2,37.61690450552182,0.4411564088081745,flat
62,3,118.74063262591622,-0.1531815157380083,upright
62,4,16.607542272573305,0.8774650935736403,flat
62,5,128.92082315421658,0.09203928168238662,upright
62,6,156.63644922111817,0.7641055235466991,flat
62,7,26.80695349347811,0.6949176273402164,flat
62,8,36.52317673551992,0.4686984540950967,flat
62,9,93.7451677891335,-0.4936001479272089,upright
62,10,132.38544075554736,0.1816459822209573,upright
63,1,54.52322188396463,0.005249138785349272,upright
63,2,53.29897583613178,0.03575941965261187,upright
63,3,114.76259831315426,-0.23683518972851825,upright
63,4,22.354693503514405,0.7830131681799659,flat
63,5,117.71274686748433,-0.17560807598373362,upright
63,6,155.33327212516107,0.7387417061529349,flat
63,7,29.722045120273563,0.6312841802572522,flat
63,8,26.591198269250526,0.6994521892260346,flat
63,9,100.07653511653902,-0.4540816508009528,upright
63,10,93.38995169357635,-0.49475523309575825,upright
64,1,92.14793295479643,-0.4978929056795976,upright
64,2,89.32972459934712,-0.49979472656764157,upright
64,3,113.1079500552654,-0.2689571390451111,upright
64,4,25.56875886861257,0.7205899923895907,flat
64,5,156.10450699651219,0.753877845434568,flat
64,6,165.01694244907756,0.8997407153781227,flat
64,7,24.348375990073382,0.745033191282167,flat
64,8,43.92351181904349,0.27817576290804646,flat
64,9,69.43974304016342,-0.3149959852785246,upright
64,10,111.65193026845742,-0.2957949096466366,upright
65,1,87.32751628614757,-0.49673892226423305,upright
65,2,70.88532920735256,-0.3391550740298319,upright
65,3,123.12787723201859,-0.05199106933965597,upright
65,4,30.926719627730225,0.6037964317665343,flat
65,5,100.70400966770575,-0.4482535528995003,upright
65,6,162.33692531729898,0.8619053313936418,flat
65,7,72.81895192226996,-0.3691153023949728,upright
65,8,43.726085643085206,0.2833400095669687,flat
65,9,83.44733714781346,-0.48046617169143696,upright
65,10,121.0053285196067,-0.10198049453023217,upright
66,1,124.17439816183202,-0.026716491105054585,upright
66,2,78.86162452219801,-0.4440227112794556,upright
66,3,110.97785483749664,-0.30774638703556206,upright
66,4,30.835154811276716,0.6059083031483761,flat
66,5,103.16429331220222,-0.4221989427374623,upright
66,6,169.5046026826991,0.9502284934395355,flat
66,7,31.732136892169827,0.5850668153402163,flat
66,8,17.471639926418945,0.8647895925296705,flat
66,9,110.284027976249,-0.31972551101198554,upright
66,10,117.68548231005218,-0.17619560536975232,upright
67,1,127.90439940628316,0.06613111977894714,upright
67,2,69.34116057281832,-0.3132953385851007,upright
67,3,128.06213237348013,0.07013730791328454,upright
67,4,24.86396921780254,0.7348133590470574,flat
67,5,89.41689467714885,-0.4998446450798304,upright
67,6,129.11262722267261,0.09695156990648846,upright
67,7,13.883534007254946,0.9136366711513753,flat
67,8,19.47311256776147,0.833302200068506,flat
67,9,106.77132546340314,-0.37510604725131835,upright
67,10,147.77624204359034,0.5735032767695267,flat
68,1,142.68325074758704,0.4487443036604061,flat
68,2,59.77139424996943,-0.1198050534058277,upright
68,3,123.48923025304896,-0.043307863207672825,upright
68,4,22.069255229133237,0.7882437915480693,flat
68,5,86.4489853098064,-0.4942456695324908,upright
68,6,150.05126639602628,0.6261617358797307,flat
68,7,29.752385152317085,0.6305999680695713,flat
68,8,22.638406880498486,0.7777617166345778,flat
68,9,134.55406408173042,0.23832589641923418,upright
68,10,168.11309691405953,0.9363580453333231,flat
69,1,104.21140252395071,-0.4095943953029182,upright
69,2,46.76656033049607,0.20378086323958922,upright
69,3,144.70646907953272,0.4992805868493225,flat
69,4,7.596364684194519,0.9737873181859245,flat
69,5,110.5260028016559,-0.3155853387262557,upright
69,6,135.13570899475056,0.2535528398865172,flat
69,7,78.68222396281853,-0.4422286878974354,upright
69,8,18.70309793331206,0.8457617014873895,flat
69,9,147.4887672153731,0.5666971507409984,flat
69,10,163.80724749930232,0.8833475911484661,flat
70,1,157.034157429512,0.7716366693641228,flat
70,2,19.81884462444709,0.8275703332426534,flat
70,3,124.60090249920972,-0.01630813419801025,upright
70,4,15.792301875859394,0.8889007797859436,flat
70,5,112.74366495811468,-0.27580022867732357,upright
70,6,115.3967036833406,-0.2240888495305628,upright
70,7,111.26982215191663,-0.30260727764653256,upright
70,8,57.42007853416443,-0.06506616211344968,upright
70,9,88.88821874998858,-0.49943528389043834,upright
70,10,165.20740001957793,0.9022168677469602,flat
71,1,141.79397048552633,0.4262031546233056,flat
71,2,29.851938943230415,0.6283518898146991,flat
71,3,126.4932386971229,0.030551951588117188,upright
71,4,10.673699500488802,0.9485428018450075,flat
71,5,104.98714543062607,-0.39968725336526734,upright
71,6,130.2861244406948,0.1271471592217822,upright
71,7,155.60019172976627,0.7440208718046755,flat
71,8,43.10590834643108,0.29955108416533704,flat
71,9,156.1492588808033,0.7547450343042419,flat
71,10,166.36819627119476,0.9166812802582183,flat
72,1,143.86451675419653,0.47838682324228654,flat
72,2,45.38985247237947,0.23979400115325755,upright
72,3,150.47578974360934,0.6357351259332797,flat
72,4,12.819829133032483,0.9261499260721837,flat
72,5,124.83677863503505,-0.010526346698947697,upright
72,6,159.1887200013233,0.8106524605691341,flat
72,7,115.55863315632641,-0.22079637683664255,upright
72,8,47.74061747616686,0.178360192510566,upright
72,9,160.0386694557088,0.8251835437636954,flat
72,10,117.18515333358037,-0.1869082088952757,upright
73,1,165.27295187758372,0.9030624492788855,flat
73,2,48.04602653330974,0.17040538338278244,upright
73,3,105.08036135404245,-0.3984645710830783,upright
73,4,31.52656011757593,0.5898731740737129,flat
73,5,147.29452236393124,0.5620802002330927,flat
73,6,163.63184722715542,0.8808762167820978,flat
73,7,146.7631164621164,0.5493766779226585,flat
73,8,75.44424447747467,-0.40525587341218205,upright
73,9,131.44764231571165,0.1572376420320022,upright
73,10,150.85042437458128,0.6441131908579409,flat
74,1,177.07673156138006,0.9960987254152744,flat
74,2,29.007498557950626,0.6472729527238683,flat
74,3,119.92158939537724,-0.12677635694953815,upright
74,4,25.095022873526407,0.7301823753766388,flat
74,5,149.66324080222685,0.6173390966479297,flat
74,6,107.12917684758776,-0.36988076275472087,upright
74,7,133.5356140626993,0.2116791591041668,upright
74,8,72.70716635258856,-0.3674587929018571,upright
74,9,156.86146440390667,0.7683787562849125,flat
74,10,161.52192104231563,0.849321833701167,flat
75,1,161.44574087289354,0.8481206800936207,flat
75,2,15.844697329964417,0.8881812689905713,flat
75,3,160.49919461139388,0.8328462016265932,flat
75,4,41.958207748197914,0.32948438854195194,flat
75,5,170.044681324863,0.95516868777426,flat
75,6,136.93764249425286,0.30068869369836315,flat
75,7,97.53759363378025,-0.4741890165753953,upright
75,8,34.3515720579652,0.5224000774051534,flat
75,9,142.34782799964233,0.4402634563036847,flat
75,10,157.60211334787263,0.7822170364752614,flat
76,1,114.72638528934803,-0.23755597776750592,upright
76,2,56.775997872647956,-0.04968585037902257,upright
76,3,154.58279562134118,0.7236728491185673,flat
76,4,25.55945032620262,0.720779723285796,flat
76,5,159.93776704473456,0.8234847126339477,flat
76,6,105.29445626705983,-0.39563038768200703,upright
76,7,142.4210976839063,0.44211827788395053,flat
76,8,87.73135552469819,-0.49764954519205556,upright
76,9,161.19902121753384,0.8442015975261543,flat
76,10,162.12810958672333,0.8587280459462856,flat
77,1,78.24395700497942,-0.437731956295285,upright
77,2,24.20440877237048,0.7478583416973206,flat
77,3,156.92641230362412,0.7696062370507204,flat
77,4,12.986818586142034,0.9242467402518522,flat
77,5,153.5409748082271,0.7022175160539135,flat
77,6,140.25118093964196,0.3867070432236943,flat
77,7,147.647600106472,0.5704615937539421,flat
77,8,66.28827676808831,-0.2574310166335962,upright
77,9,153.11731555400297,0.6933199811447219,flat
77,10,115.93428765881879,-0.21310054098457393,upright
78,1,66.68513421909505,-0.26503279160279,upright
78,2,42.037266672092635,0.327425986852278,flat
78,3,142.71071180750255,0.4494374397645142,flat
78,4,11.864514386773568,0.9365941224397776,flat
78,5,28.64345717182036,0.6553243728793989,flat
78,6,143.78009493855077,0.4762806430369123,flat
78,7,145.2671459953746,0.5130759433276098,flat
78,8,51.95983535042622,0.0695790300732152,upright
78,9,153.11164131988303,0.6932001506573788,flat
78,10,114.3062168486865,-0.24586180169919913,upright
79,1,57.231504646656674,-0.06057925738872483,upright
79,2,44.30397819530304,0.2682200156181731,flat
79,3,128.8379133534123,0.08991806027055083,upright
79,4,24.204696089550563,0.7478527160067991,flat
79,5,26.091955143725336,0.7098466896976956,flat
79,6,151.9308552359206,0.6678927289370367,flat
79,7,159.0096494298069,0.8075276242528633,flat
79,8,50.873964194401466,0.09729523584107236,upright
79,9,165.60627138889825,0.9073090908075181,flat
79,10,161.3370694140356,0.8463999095012062,flat
80,1,40.140567400956094,0.3766104422301024,flat
80,2,58.548153335607026,-0.09161564187810795,upright
80,3,145.23635880258027,0.512320996456817,flat
80,4,22.486685839858072,0.7805765005024461,flat
80,5,13.580692934993658,0.9172931721645068,flat
80,6,152.2904576672835,0.6756771511448425,flat
80,7,159.29041206756045,0.812417273845,flat
80,8,34.578767173617166,0.5168497939841288,flat
80,9,160.50791952787867,0.8329899275501569,flat
80,10,134.07057923098677,0.2256720893822246,upright
81,1,36.61193609052231,0.46647467984694024,flat
81,2,66.24001221333504,-0.25649984190638475,upright
81,3,137.14825684630594,0.30618853781695976,flat
81,4,22.482779333065515,0.7806487792533949,flat
81,5,28.300527563383604,0.6628490244281231,flat
81,6,152.6665789681058,0.6837473790907842,flat
81,7,159.21915056381752,0.8111813089734696,flat
81,8,35.4068255256481,0.4964812257002318,flat
81,9,133.02004888030217,0.19820625734235375,upright
81,10,112.72351993839003,-0.2761761818879304,upright
82,1,66.45221085137183,-0.2605830497477963,upright
82,2,40.7054432705786,0.362010603334848,flat
82,3,157.07922923339925,0.7724838499586173,flat
82,4,31.341438476266298,0.5941863253140456,flat
82,5,42.771006778325614,0.3082960451857618,flat
82,6,134.02783201598035,0.2245535863174587,upright
82,7,151.19511919488545,0.6517622028730801,flat
82,8,53.32151442046492,0.03519401336073413,upright
82,9,146.15659812499268,0.5347519314437339,flat
82,10,168.9259522503302,0.9446593693699046,flat
83,1,23.75569694031823,0.7565826840607499,flat
83,2,54.14932000121619,0.014522560073155,upright
83,3,150.94351788582628,0.6461846692540871,flat
83,4,23.33695302943783,0.7646122958777333,flat
83,5,98.9186571026176,-0.46394757876439857,upright
83,6,135.61778911761147,0.2661724277247761,flat
83,7,167.12825620767737,0.9255607104210741,flat
83,8,30.11570541239181,0.6223736184887492,flat
83,9,147.57617391120377,0.5687699583559624,flat
83,10,99.36620287106855,-0.4602715938113087,upright
84,1,34.94064012947551,0.5079748736202727,flat
84,2,56.892563722122304,-0.05248083653262281,upright
84,3,153.96293689433,0.7109811056906978,flat
84,4,37.41489020431981,0.44626567023035624,flat
84,5,116.83377715346028,-0.1943521012117757,upright
84,6,115.78452023681874,-0.21617836620841996,upright
84,7,158.22192666812845,0.7935246053486185,flat
84,8,49.04729838740736,0.1443940989616347,upright
84,9,140.95706879722349,0.4048342178744142,flat
84,10,130.13749438333392,0.12331026172885573,upright
85,1,8.838204962379919,0.9645899337691872,flat
85,2,67.5814424476311,-0.2818356043965214,upright
85,3,42.16938935302296,0.32398469306241395,flat
85,4,17.60308646904509,0.8628120924051763,flat
85,5,106.6507824757649,-0.3768442739679225,upright
85,6,145.27329225956814,0.513226622335007,flat
85,7,154.11732064100204,0.7141625611431606,flat
85,8,59.67160491919758,-0.11752999025348454,upright
85,9,142.09030412355128,0.43373444733914535,flat
85,10,120.00969073227316,-0.12478026549870641,upright
86,1,3.578259136593136,0.9941571481861444,flat
86,2,66.64699329820468,-0.26430647503436794,upright
86,3,45.42783259832663,0.23879978510846467,upright
86,4,25.90930726800905,0.7136147872405896,flat
86,5,18.590495958404656,0.847547839106551,flat
86,6,139.25330888760763,0.3609427325655217,flat
86,7,169.07768128685552,0.9461471676824289,flat
86,8,65.97356571227759,-0.25133344928179924,upright
86,9,141.07978159284042,0.4079761953941611,flat
86,10,153.55885137373076,0.7025907920775052,flat
87,1,8.956029046371462,0.9636472739164113,flat
87,2,58.96781174916421,-0.10135940203128391,upright
87,3,48.4828891972695,0.159042629466996,upright
87,4,21.827685293430658,0.7926288067808358,flat
87,5,56.08064893036952,-0.03291147037138498,upright
87,6,158.09768871648254,0.7912782882401124,flat
87,7,141.8081411988323,0.4265637376673588,flat
87,8,57.636767328083394,-0.07020516155238976,upright
87,9,145.35200441995156,0.5151552201644427,flat
87,10,153.45609978546275,0.7004428620361567,flat
88,1,29.332547511468086,0.6400296681627671,flat
88,2,116.4946548554135,-0.20147301701268183,upright
88,3,61.715331881417995,-0.16319559359947733,upright
88,4,23.033259946520992,0.7703670665037035,flat
88,5,46.21620391088318,0.21816941946548662,upright
88,6,141.44974281098874,0.4174310237466361,flat
88,7,156.87324712559396,0.7686016414791808,flat
88,8,62.07500253442373,-0.17102110487888134,upright
88,9,148.15108447059572,0.5823288453613868,flat
88,10,168.77422362299583,0.9431520891345901,flat
89,1,39.678064652519296,0.3885279388663362,flat
89,2,112.38735302679841,-0.2824113027987794,upright
89,3,86.13839192535357,-0.49319662054742786,upright
89,4,25.008684112244193,0.7319165252763147,flat
89,5,83.58677239469748,-0.4812852159916929,upright
89,6,157.87993310031234,0.7873165680297591,flat
89,7,170.13558938248826,0.9559756436607141,flat
89,8,58.41758928566595,-0.08856911540266654,upright
89,9,160.02466985873102,0.8249482671047756,flat
89,10,177.09143865238013,0.9961378479928014,flat
90,1,103.24519986840532,-0.42125683418733134,upright
90,2,119.89028688310603,-0.1274847136911541,upright
90,3,76.93670567301432,-0.42336749082249214,upright
90,4,47.18829534512245,0.19276625773027845,upright
90,5,143.78797646184657,0.47647735703621263,flat
90,6,139.87553132341887,0.377025836964072,flat
90,7,174.88223806093524,0.9880642185551778,flat
90,8,51.18226455581707,0.0894020169405918,upright
90,9,154.2014234296687,0.7158900392066974,flat
90,10,168.65676282426654,0.9419718726027813,flat
91,1,109.92654517419398,-0.3257675504952134,upright
91,2,132.65200919376844,0.18859854237305118,upright
91,3,73.90210557639216,-0.3846742470792577,upright
91,4,91.21105743268389,-0.49932994447041634,upright
91,5,170.97359484087363,0.9630784653086859,flat
91,6,149.78758803538588,0.6201738276048732,flat
91,7,153.39484621073927,0.6991596522263861,flat
91,8,133.21712915621976,0.20335467411117347,upright
91,9,154.62145549730715,0.7244571331302616,flat
91,10,173.33131451304618,0.9797714624763958,flat
92,1,103.08638308608566,-0.423101093640427,upright
92,2,128.3390378147987,0.07718341778751148,upright
92,3,58.84710711818259,-0.09856447681467817,upright
92,4,6.362399798040332,0.9815794716420325,flat
92,5,168.0814844024113,0.9360239941539048,flat
92,6,135.9114616524137,0.2738579847094943,flat
92,7,175.92165871017275,0.9924128350072539,flat
92,8,161.34924240987067,0.8465930914627231,flat
92,9,145.07538804019902,0.508368845531169,flat
92,10,167.109742190043,0.9253500451707046,flat
93,1,99.31599102044548,-0.4606926663943694,upright
93,2,136.40359342884904,0.2867312904919984,flat
93,3,73.8043633915898,-0.383307146057293,upright
93,4,47.80268751355567,0.17674280235751127,upright
93,5,147.08639554079454,0.5571173764606456,flat
93,6,142.5965973767506,0.446555918472509,flat
93,7,167.87278518312334,0.9337977156116231,flat
93,8,155.4543998192874,0.7411426689894827,flat
93,9,127.60732202860146,0.05860101843098442,upright
93,10,165.87077080337693,0.9106156404500458,flat
94,1,128.91407736075107,0.09186664297541491,upright
94,2,66.08569059285671,-0.25351285938214935,upright
94,3,42.2867733570141,0.320925963387066,flat
94,4,10.603502764900107,0.9492096839268953,flat
94,5,22.93794641392306,0.7721611647137805,flat
94,6,136.8706390063673,0.29893842025627737,flat
94,7,140.27188978100548,0.38724008112944663,flat
94,8,163.63746795646006,0.8809557796388625,flat
94,9,149.82501909561014,0.6210257763710321,flat
94,10,133.34321319652034,0.2066495975167596,upright
95,1,125.39197619988953,0.0031516464714751447,upright
95,2,46.08858223426846,0.22150784154458858,upright
95,3,62.67860894874456,-0.1840042732402163,upright
95,4,42.379132311082124,0.31851848347108924,flat
95,5,25.655008450280835,0.7188296543315356,flat
95,6,148.11594278703316,0.5815038370635908,flat
95,7,143.95606790616992,0.4806686260021459,flat
95,8,136.98058325711577,0.301810252454494,flat
95,9,114.91726676302316,-0.23374790938960965,upright
95,10,167.74646436766477,0.9324325628593662,flat
96,1,122.43223921429396,-0.06857057390364474,upright
96,2,58.160033623265015,-0.08253886146719513,upright
96,3,82.03528700272996,-0.47120036195652826,upright
96,4,27.362802859882887,0.6831196235804353,flat
96,5,18.122195982878594,0.8548768577512722,flat
96,6,161.848528744301,0.8544234080902686,flat
96,7,125.9152034139903,0.016126956186488628,upright
96,8,141.16797628892343,0.41023257359556886,flat
96,9,159.06160042519258,0.8084364335940633,flat
96,10,172.4251258084113,0.9739345584404064,flat
97,1,140.205817184377,0.3855391477178096,flat
97,2,71.14841043977322,-0.3433922003654511,upright
97,3,66.3345369393229,-0.2583221687409995,upright
97,4,50.20360932030598,0.11451770271325412,upright
97,5,49.36170277407025,0.13625154159883357,upright
97,6,149.3418651472416,0.6099808027919909,flat
97,7,133.85452560824277,0.22001954067420781,upright
97,8,138.0133998619072,0.3287452246659355,flat
97,9,134.46413466645953,0.2359718964455635,upright
97,10,174.7281907158613,0.9873369167490671,flat
98,1,145.81302118995234,0.5264103411673597,flat
98,2,164.02190244392688,0.8863397443651466,flat
98,3,74.55576524371642,-0.3936261769559205,upright
98,4,66.45203953036481,-0.2605797643923185,upright
98,5,58.554999456804026,-0.09177519114597443,upright
98,6,133.43162552549163,0.20896055994317697,upright
98,7,162.39083052425832,0.862720266143781,flat
98,8,167.4561472879302,0.9292448524193246,flat
98,9,150.9614676362585,0.6465835992726141,flat
98,10,152.6671651720434,0.6837598989523406,flat
99,1,133.43890096011324,0.2091507463308221,upright
99,2,118.1322575124526,-0.16651968114503302,upright
99,3,56.11198273033393,-0.03367101753520252,upright
99,4,67.0116453452257,-0.27121304310134436,upright
99,5,141.49107943803358,0.41848572842514653,flat
99,6,143.7869660886221,0.4764521402090771,flat
99,7,159.6057136714565,0.8178440214321667,flat
99,8,148.0842749265584,0.5807599550919722,flat
99,9,45.650011720364226,0.23298419306097473,upright
99,10,169.91275418327746,0.953984993668894,flat
100,1,116.372492017732,-0.20402275384644175,upright
100,2,121.07144206232314,-0.10045115894333945,upright
100,3,25.426254644855973,0.7234891237922143,flat
100,4,51.781139395625445,0.07412337802417102,upright
100,5,133.2211830726098,0.20346060040054315,upright
100,6,162.80644908161162,0.868930495113954,flat
100,7,171.77644508433534,0.9693111272737158,flat
100,8,172.6602734409997,0.9755190181769335,flat
100,9,49.9592182189395,0.12081544266480448,upright
100,10,141.26782622562405,0.41278530608831066,flat
101,1,122.5964379643886,-0.0646737131694512,upright
101,2,178.02306357000123,0.998214914388172,flat
101,3,54.66074153722402,0.0018488140002603792,upright
101,4,77.78090964357789,-0.43280613083612707,upright
101,5,110.44564586953797,-0.31696472980206025,upright
101,6,160.12633475362486,0.8266537178374689,flat
101,7,162.94771962923753,0.8710117788699372,flat
101,8,161.52442214311893,0.8493611974359045,flat
101,9,67.9397673950199,-0.28840826160540123,upright
101,10,119.43586540015063,-0.1377168050893569,upright
102,1,103.37510776266141,-0.41973293772694525,upright
102,2,124.33874700803328,-0.022712880525823764,upright
102,3,168.8482640699632,0.9438900425450771,flat
102,4,58.29004704215761,-0.08558630779002929,upright
102,5,135.02609598739437,0.2506831912579034,flat
102,6,104.62908502144755,-0.4043197427546516,upright
102,7,118.28622424065472,-0.16316159397901547,upright
102,8,145.5720867124859,0.5205369863785869,flat
102,9,45.17662322022976,0.24537604420100334,upright
102,10,130.61931231938178,0.13576029248426957,upright
103,1,136.06496773996813,0.27787436910511665,flat
103,2,140.32348645361517,0.38856784783660137,flat
103,3,157.7670261150491,0.7852501675243817,flat
103,4,55.833021131889836,-0.02689701452537513,upright
103,5,109.93285915134021,-0.3256616090460229,upright
103,6,106.25640613587143,-0.382453456821962,upright
103,7,124.05665006884897,-0.029579294593455374,upright
103,8,145.46071512085103,0.5178155449361843,flat
103,9,57.821245818620596,-0.07456583452303378,upright
103,10,160.32212254530046,0.8299176221776023,flat
104,1,110.34842984037991,-0.31862755689637673,upright
104,2,135.37875870164078,0.2599155907421875,flat
104,3,71.16935255982659,-0.34372734376134684,upright
104,4,56.46139907919387,-0.042117846271694404,upright
104,5,110.72000882355896,-0.3122367501857125,upright
104,6,148.46051105053957,0.5895714127872986,flat
104,7,92.48919907785323,-0.4971706152758959,upright
104,8,163.89388656947904,0.884559573704454,flat
104,9,119.35895838059267,-0.13943891875644399,upright
104,10,106.75217415864978,-0.3753829488601995,upright
105,1,44.10423581955279,0.2734472302741584,flat
105,2,50.66310133951056,0.10270406395359821,upright
105,3,26.85025868598193,0.6940044260261777,flat
105,4,43.427708752321124,0.29114182692588464,flat
105,5,90.61958442617286,-0.4998245998132924,upright
105,6,121.22802333349235,-0.09682169769301752,upright
105,7,119.4408396483167,-0.13760532462732056,upright
105,8,100.55719621704385,-0.4496473068976718,upright
105,9,145.49103363955442,0.5185568014792383,flat
105,10,92.15022419332279,-0.4978884100432353,upright
106,1,8.056839465401193,0.970534690012371,flat
106,2,32.969127568733725,0.5557906675133113,flat
106,3,32.540844624594335,0.5659942507069624,flat
106,4,39.99292385558751,0.3804185678931923,flat
106,5,117.55991952120687,-0.17889639210813446,upright
106,6,153.04429666790833,0.6917766159580252,flat
106,7,150.68709256512236,0.6404687558810993,flat
106,8,26.202275687851436,0.7075616689500626,flat
106,9,154.36599506223692,0.7192587241814479,flat
106,10,93.29065738513806,-0.4950576469540498,upright
107,1,14.549964665134492,0.9053296171677523,flat
107,2,37.437295671894326,0.44569947703957413,flat
107,3,30.960518708540413,0.6030159677649389,flat
107,4,68.28047202373759,-0.2945796091940305,upright
107,5,17.319126220568457,0.8670678062507906,flat
107,6,154.73697239853797,0.7267954442142426,flat
107,7,124.64753594184481,-0.015166476311367583,upright
107,8,6.13379632399521,0.982874433490915,flat
107,9,161.75709193598442,0.8530030656232039,flat
107,10,90.29152516820338,-0.4999611675889882,upright
108,1,21.827861606404067,0.7926256203524527,flat
108,2,70.5391620856951,-0.33350414394584205,upright
108,3,33.90060897070931,0.5333658290655567,flat
108,4,65.72228768832085,-0.24642143139291073,upright
108,5,24.19564828223901,0.7480298486638228,flat
108,6,126.88849763940834,0.040467513054118553,upright
108,7,142.9234129393063,0.4547999078790159,flat
108,8,6.273935347347053,0.982086123113461,flat
108,9,155.079094056694,0.7336750989014744,flat
108,10,99.85355322277908,-0.4560715455134703,upright
109,1,73.67159174415993,-0.3814382891088353,upright
109,2,107.04251868249607,-0.37115503678556716,upright
109,3,37.55680857115203,0.4426773348410349,flat
109,4,60.03593415628589,-0.12581442165318119,upright
109,5,19.750572486723105,0.8287089040964548,flat
109,6,136.8631588651371,0.29874300628964845,flat
109,7,113.18566542823504,-0.2674863589634084,upright
109,8,11.205742668119877,0.9433522201287885,flat
109,9,164.87268200579078,0.8978460552856804,flat
109,10,54.97600850223133,-0.005924800488305015,upright
110,1,75.46563025064276,-0.4055280776819563,upright
110,2,87.81126665508226,-0.49781213541012725,upright
110,3,45.78496960077495,0.22945211533529697,upright
110,4,56.03134583257362,-0.03171565344788163,upright
110,5,58.53652993493802,-0.09134471314873616,upright
110,6,152.6477076594533,0.6833442377614638,flat
110,7,150.08877535867953,0.6270109548621274,flat
110,8,18.612117917751284,0.8472055782199353,flat
110,9,165.09918941833456,0.9008135434924962,flat
110,10,68.97691438655716,-0.3069540290634545,upright
111,1,58.736399132002695,-0.09599558305822298,upright
111,2,158.30312268443154,0.7949871705541189,flat
111,3,77.29909748467146,-0.427491334519422,upright
111,4,44.99937498177098,0.2500163629389708,flat
111,5,33.72739448531957,0.5375592469241544,flat
111,6,140.75410247865486,0.39963119577966266,flat
111,7,122.89382858000673,-0.057589637119756065,upright
111,8,100.33326171299048,-0.45173779862797886,upright
111,9,153.0819938952815,0.6925737631874251,flat
111,10,40.003891105512736,0.3801358107626185,flat
112,1,65.41163208604083,-0.24029593824952572,upright
112,2,132.95684466051708,0.19655565247936058,upright
112,3,79.65158662738978,-0.45159770461655874,upright
112,4,32.67216505009056,0.562873022788065,flat
112,5,34.71285888752684,0.5135660900735644,flat
112,6,164.98606149413294,0.8993365213511499,flat
112,7,148.52845902984004,0.5911565561393393,flat
112,8,109.26684368887095,-0.33668150795007423,upright
112,9,165.61446267818232,0.9074123336436066,flat
112,10,50.54009633237031,0.10586296075123758,upright
113,1,54.356908225613495,0.009368954516866035,upright
113,2,146.22575154614896,0.5364259715185464,flat
113,3,78.06579144085595,-0.43585785545530864,upright
113,4,47.63948952784736,0.18099605118190742,upright
113,5,53.91191638014079,0.02043150521652881,upright
113,6,164.6664471337868,0.8951089295055525,flat
113,7,97.94985425277183,-0.47130702748602826,upright
113,8,93.97740206591654,-0.49278315703203174,upright
113,9,157.60847372020194,0.782334346213005,flat
113,10,54.51495345464581,0.005453765327243509,upright
114,1,32.980169368038005,0.5555266897648061,flat
114,2,164.6620660650236,0.8950504213041759,flat
114,3,53.89473222891109,0.02085983324574958,upright
114,4,80.02106865760099,-0.45495792513945876,upright
114,5,125.82588298284894,0.01390629135471988,upright
114,6,142.78998700289367,0.45143737004762485,flat
114,7,104.34709053106127,-0.40789619787514153,upright
114,8,23.705759929464712,0.7575459675353751,flat
114,9,161.2935094962037,0.8457077442057228,flat
114,10,75.41933223844387,-0.40493832284393705,upright
115,1,21.971470706499773,0.790023419617494,flat
115,2,167.32262506469033,0.9277553263960479,flat
115,3,20.934490071334512,0.8085047505774163,flat
115,4,63.97526063706113,-0.2112355595141986,upright
115,5,92.156204172998,-0.4978766541956449,upright
115,6,158.72120211715128,0.8024483777415949,flat
115,7,126.05982225530809,0.01972724892963007,upright
115,8,50.85939627033008,0.097668653945165,upright
115,9,127.77692816007539,0.06289760219954976,upright
115,10,33.48235790087724,0.5434734434972974,flat
116,1,40.1324229840956,0.3768205972942845,flat
116,2,147.5922076651483,0.5691498695660393,flat
116,3,56.696067071514804,-0.04776641964098194,upright
116,4,52.77273583704841,0.048997706283714804,upright
116,5,91.78233576881551,-0.49854894140930345,upright
116,6,161.54172555815285,0.8496334031900776,flat
116,7,162.7771015943181,0.8684962402868726,flat
116,8,61.70327873222044,-0.1629322132030233,upright
116,9,103.98482477772993,-0.412397116390305,upright
116,10,22.459216207561216,0.7810845382893135,flat
117,1,29.47427101903422,0.6368557737657181,flat
117,2,112.38548353130543,-0.28244577343802196,upright
117,3,39.59152087886951,0.3907540307256071,flat
117,4,34.68918932316156,0.5141461437533157,flat
117,5,128.34120951284524,0.07723874328389002,upright
117,6,159.5673176176054,0.8171868408536214,flat
117,7,158.120287508238,0.791687650350744,flat
117,8,43.155124017640944,0.29826536356054767,flat
117,9,140.20715129839638,0.3855734995135668,flat
117,10,35.47681230899004,0.49475001505164107,flat
118,1,73.34004252437944,-0.3767123605445605,upright
118,2,113.05643472194524,-0.26992997359742277,upright
118,3,27.340112388336355,0.6836044554534517,flat
118,4,94.446858153042,-0.49098262032016926,upright
118,5,160.6834494386523,0.8358699340484868,flat
118,6,143.58806214626114,0.4714824629612787,flat
118,7,99.02522294962819,-0.46308805595764574,upright
118,8,58.5436389096899,-0.09151042223503392,upright
118,9,146.03995234665217,0.5319244594746215,flat
118,10,31.675610231693412,0.586390131830739,flat
119,1,30.534720788411686,0.6128119294081431,flat
119,2,101.31978473265055,-0.4422084469351625,upright
119,3,25.346044337010813,0.7251157880717609,flat
119,4,82.53155486556625,-0.47465774177506115,upright
119,5,149.8188772796174,0.6208860291129255,flat
119,6,158.33100521615987,0.7954884029745595,flat
119,7,74.62387032163964,-0.39453968667779366,upright
119,8,37.201278679942845,0.4516576226591009,flat
119,9,144.95085618744588,0.5053057390429443,flat
119,10,39.95061586545389,0.38150917107890603,flat
120,1,88.1979382461516,-0.49851665516462546,upright
120,2,126.95170650710334,0.042056934403318924,upright
120,3,39.19864305896451,0.4008432397417574,flat
120,4,100.92130127884009,-0.4461570783982092,upright
120,5,173.3916488958831,0.9801342214618931,flat
120,6,155.14062976381786,0.7349052168346519,flat
120,7,91.24282229469479,-0.49929433926945155,upright
120,8,25.88399546092633,0.7141354964739737,flat
120,9,154.50183089576583,0.7220275430580076,flat
120,10,44.995160995861006,0.2501266848315121,flat
121,1,91.5895744701569,-0.49884575945619347,upright
121,2,163.9959921455177,0.8859804639103923,flat
121,3,22.8642266485224,0.773544837740703,flat
121,4,77.7654339944638,-0.43263841548473575,upright
121,5,124.71660143480439,-0.013474357566525541,upright
121,6,115.32976453738429,-0.22544548797591468,upright
121,7,83.83582560071375,-0.4827050387735097,upright
121,8,52.229487294093104,0.06273496103970644,upright
121,9,108.29702256464763,-0.3521595783189173,upright
121,10,41.84054031841126,0.33254688711898994,flat
122,1,84.3843981367346,-0.4856369212577584,upright
122,2,135.12908907012692,0.25337953251639667,flat
122,3,29.005505783420293,0.6473172022732592,flat
122,4,68.99315388410497,-0.3072386743166818,upright
122,5,55.909243535788775,-0.028750551274519198,upright
122,6,129.13428735254396,0.09750674205522347,upright
122,7,57.652370104983746,-0.07057449404540872,upright
122,8,49.05407668817985,0.1442184144197186,upright
122,9,151.96093241780758,0.6685463591102234,flat
122,10,65.10089225767744,-0.23411110726159146,upright
123,1,34.95201489121127,0.5076952333348668,flat
123,2,134.16752322673793,0.22820887615587693,upright
123,3,12.733597435283448,0.9271237215690062,flat
123,4,44.61901953563788,0.25997375124075495,flat
123,5,25.602512031592358,0.719901603685349,flat
123,6,140.9356137303216,0.4042845820998786,flat
123,7,115.41122422537805,-0.22379422354537776,upright
123,8,33.37002767594643,0.5461774916019448,flat
123,9,151.71083556030717,0.6630973504140347,flat
123,10,58.80909956924346,-0.09768312568851134,upright
124,1,8.134580875599655,0.9699671619252597,flat
124,2,156.70954550251676,0.7654971759922355,flat
124,3,27.66183147047886,0.6767049493756438,flat
124,4,38.91598684812249,0.40808449021097704,flat
124,5,47.7177936125967,0.17895501036226946,upright
124,6,105.62028770966785,-0.39124789407579413,upright
124,7,124.19258134723229,-0.026273986327185805,upright
124,8,23.238836687278063,0.7664778867420952,flat
124,9,140.3874204555257,0.3902124740665378,flat
124,10,56.54354692248968,-0.044097434265047586,upright
125,1,14.603701531565294,0.9046442760229663,flat
125,2,168.69140466695643,0.9423211555031514,flat
125,3,103.11230372108828,-0.42280150145280937,upright
125,4,6.317709344124336,0.9818362939583469,flat
125,5,84.83829385769538,-0.48785892003084963,upright
125,6,91.52615011251841,-0.4989360094077068,upright
125,7,79.9689601409827,-0.45449111899829264,upright
125,8,41.261477789176475,0.3475967192129169,flat
125,9,128.61904413564102,0.08432484787585282,upright
125,10,27.18948099703772,0.6868161154418329,flat
126,1,9.063488681019896,0.9627770096526254,flat
126,2,156.7463700742046,0.7661969944037894,flat
126,3,25.03518520170053,0.7313847047329258,flat
126,4,10.21960289518677,0.9527824394810558,flat
126,5,76.21794758107042,-0.4148702412956338,upright
126,6,117.30998990695157,-0.18424766827357442,upright
126,7,72.93689959261327,-0.37085290488067185,upright
126,8,142.95337033310676,0.4555542719516751,flat
126,9,133.23088286749913,0.20371405372801288,upright
126,10,9.039002913022898,0.9629761908902461,flat
127,1,14.188377680292163,0.9098810943012285,flat
127,2,155.20140583023286,0.7361179532863358,flat
127,3,83.39595536283224,-0.48015999017990757,upright
127,4,6.268294277857832,0.9821181937934966,flat
127,5,90.60951935438631,-0.49983025202100695,upright
127,6,104.9707524687785,-0.39990156356309414,upright
127,7,56.3845152591823,-0.04026293369737233,upright
127,8,146.72840444050746,0.5485432381268847,flat
127,9,141.88341590437193,0.4284784252701137,flat
127,10,12.270778091502683,0.9322451933343612,flat
128,1,31.110373329713667,0.5995497288986447,flat
128,2,175.2382938079467,0.9896635576890072,flat
128,3,66.52590912447141,-0.26199463749058693,upright
128,4,61.261453526811685,-0.1532275671908434,upright
128,5,82.26654665406836,-0.4728384844438454,upright
128,6,146.65761950284747,0.5468423263828668,flat
128,7,69.6331526544381,-0.3183130377056114,upright
128,8,141.46552802892086,0.4178338250878192,flat
128,9,137.97736679124398,0.32780703300017744,flat
128,10,46.26013034376527,0.21702050217015345,upright
129,1,19.833195479959443,0.8273305873395109,flat
129,2,157.59850231433512,0.7821504234476246,flat
129,3,87.81409140636264,-0.49781777628773555,upright
129,4,91.59138747309969,-0.49884312567403805,upright
129,5,21.503460280469515,0.7984534900289946,flat
129,6,130.83026259894282,0.14122156330978242,upright
129,7,72.16897781671608,-0.35935243700175235,upright
129,8,130.4973458143465,0.13260552079866428,upright
129,9,151.3693112921149,0.6556055895670272,flat
129,10,52.939116944290404,0.04480461795330781,upright
130,1,15.61679235591141,0.8912953484134902,flat
130,2,159.76116693106607,0.8204942967269109,flat
130,3,73.23831815825699,-0.3752455157244767,upright
130,4,107.17903861581529,-0.3691449937018997,upright
130,5,63.829754622324856,-0.20822579917450978,upright
130,6,129.7675680687206,0.11377561092927369,upright
130,7,53.602183339877264,0.02816435968239106,upright
130,8,84.75878083149509,-0.4874830386316923,upright
130,9,144.8949239697739,0.5039284024001371,flat
130,10,64.82652601987623,-0.22860286989400252,upright
131,1,39.92966923213937,0.3820490213517207,flat
131,2,134.7124781050262,0.2424728207613216,upright
131,3,93.6876407258056,-0.49379497632371033,upright
131,4,123.76544471432335,-0.03663896958331486,upright
131,5,123.4055181630966,-0.04532364366802105,upright
131,6,138.03537512491746,0.3293173326776597,flat
131,7,28.122657462752247,0.6667286653090854,flat
131,8,86.71573460005968,-0.4950768079829024,upright
131,9,153.1220451258762,0.6934198486303802,flat
131,10,58.012371504492464,-0.07906943554213797,upright
132,1,41.46969489247611,0.3421894283474598,flat
132,2,162.84584844891037,0.8695124662114573,flat
132,3,65.48802233002077,-0.24180757093819,upright
132,4,146.52558401245577,0.5436647724204104,flat
132,5,163.6597830935818,0.8812714164336575,flat
132,6,156.41827850450912,0.7599319862950566,flat
132,7,28.085648811482837,0.6675338711255638,flat
132,8,69.02450609436795,-0.3077877079505337,upright
132,9,177.39701372975043,0.9969062092151169,flat
132,10,36.76010314250704,0.46275788780020155,flat
133,1,103.78549673812445,-0.414828510201266,upright
133,2,165.69223775038614,0.9083899299293972,flat
133,3,17.084252700484786,0.8705420633490975,flat
133,4,143.86391506845317,0.4783718192056152,flat
133,5,129.5362307004009,0.10782445824484654,upright
133,6,136.53761614756365,0.29023537188441373,flat
133,7,34.05524888815742,0.5296133330888666,flat
133,8,90.7689864987264,-0.49972981741847095,upright
133,9,137.03791856121316,0.3033075966208052,flat
133,10,73.6093228053122,-0.3805571342162556,upright
134,1,74.80166160470911,-0.3969072636451353,upright
134,2,131.0860040725925,0.14785031042040864,upright
134,3,41.780518286891486,0.3341085312926537,flat
134,4,123.74054816495168,-0.03724117121858905,upright
134,5,110.6920095709209,-0.3127216194686421,upright
134,6,161.102791859828,0.8426610542850219,flat
134,7,21.644559585264105,0.7959272393190298,flat
134,8,115.3965677818773,-0.22409160643525727,upright
134,9,175.51876229365388,0.9908429365088107,flat
134,10,107.66258080664504,-0.36191280761184785,upright
135,1,43.36646901910555,0.2927425701363303,flat
135,2,160.27650208078197,0.8291595154480269,flat
135,3,77.05000353423183,-0.42466837463189056,upright
135,4,132.3699270812679,0.18124153551936606,upright
135,5,136.12663872081092,0.27948773030602525,flat
135,6,164.62749664748293,0.8945882253570474,flat
135,7,9.935501192555025,0.9553452054867917,flat
135,8,159.7416772979267,0.8201629433086677,flat
135,9,148.08182141325074,0.5807023048783939,flat
135,10,130.74991155302797,0.1391406515511744,upright
136,1,141.82928978055108,0.42710179674929827,flat
136,2,150.69453156498162,0.640635019618456,flat
136,3,45.29612607635078,0.24224757550741582,upright
136,4,144.47846143256604,0.49364288940191803,flat
136,5,134.90221474558328,0.24743999299688557,upright
136,6,168.34429164028901,0.9387756602299298,flat
136,7,20.140176700073987,0.8221675507615109,flat
136,8,148.80137090056195,0.5975038318707218,flat
136,9,158.45072946520438,0.7976347560094346,flat
136,10,122.16087717879482,-0.07498769581886244,upright
137,1,108.10711100071667,-0.3551102650272244,upright
137,2,171.88611979727312,0.9701187991403077,flat
137,3,28.14309080751183,0.6662837942042912,flat
137,4,128.56141887895927,0.08285382680843267,upright
137,5,150.94416123019445,0.6461989701568585,flat
137,6,134.84066751555213,0.2458287068167494,upright
137,7,14.946854904096966,0.9002136024754512,flat
137,8,116.70734562263229,-0.19701425334250833,upright
137,9,150.6854969753083,0.6404330905707196,flat
137,10,49.46432468591484,0.13359672068006412,upright
138,1,136.78259776332695,0.2966381904973967,flat
138,2,160.69481141677554,0.8360555988985303,flat
138,3,2.729438823076403,0.9965985493332488,flat
138,4,119.81754587642644,-0.12912905630408916,upright
138,5,100.10317602401766,-0.45384105185000956,upright
138,6,152.8926058199481,0.6885612365588927,flat
138,7,69.070854035149,-0.3085981198380734,upright
138,8,115.36881668557477,-0.22465434311427668,upright
138,9,176.13243755968713,0.9931756554744651,flat
138,10,53.5450352850931,0.029593989474983595,upright
139,1,153.65359456439722,0.7045661550318458,flat
139,2,117.07382003846764,-0.18927396783094902,upright
139,3,9.068942000596621,0.9627325783292517,flat
139,4,157.1366171025325,0.7735606543610276,flat
139,5,134.1974151495901,0.22899112620116524,upright
139,6,158.24052220044013,0.7938599482990294,flat
139,7,85.30611024332073,-0.4899552309422973,upright
139,8,75.38855624578291,-0.4045453445362967,upright
139,9,174.45095131100297,0.9859742923987711,flat
139,10,118.33668780747914,-0.16205835824868292,upright
140,1,172.497819106352,0.9744295901728242,flat
140,2,131.58989158714894,0.1609342532653637,upright
140,3,7.496771217994659,0.9744662429122481,flat
140,4,77.72697373170183,-0.43222074474055777,upright
140,5,106.41959915849664,-0.38014685204274345,upright
140,6,150.5584053173982,0.6375884021397831,flat
140,7,16.545453883754337,0.8783540249958348,flat
140,8,108.60590341676934,-0.3473039843828639,upright
140,9,153.30419671510035,0.6972568567765351,flat
140,10,73.50825272393516,-0.3791205722843962,upright
141,1,150.19458910252445,0.6294031352536293,flat
141,2,132.39737079865756,0.18195701609428083,upright
141,3,66.76345071130844,-0.2665213073157021,upright
141,4,10.909692306615494,0.9462700979503762,flat
141,5,158.52197241975728,0.7989074252613237,flat
141,6,166.35166183322494,0.9164828776948095,flat
141,7,43.094693088922305,0.2998440536013438,flat
141,8,123.00477533918512,-0.05493826836333576,upright
141,9,128.35085691480037,0.07748452945856732,upright
141,10,69.06448397989156,-0.3084868235463718,upright
142,1,111.9222649026786,-0.29091656167121044,upright
142,2,136.70822999679626,0.29469485990772504,flat
142,3,87.29775827650622,-0.49666594812031245,upright
142,4,23.53248386089999,0.7608764795255136,flat
142,5,121.45936018644822,-0.09144051633845784,upright
142,6,116.74429620146107,-0.19623711722381404,upright
142,7,29.96085553821007,0.6258871521513187,flat
142,8,96.83671590769738,-0.4787441284512895,upright
142,9,125.22709437129984,-0.0009203362373306767,upright
142,10,20.101293320204505,0.8228251663121227,flat
143,1,81.78417155104887,-0.46936837222840816,upright
143,2,165.84057242839535,0.9102409681262997,flat
143,3,92.40253567306158,-0.49736408665923865,upright
143,4,29.045392778590603,0.646431146142584,flat
143,5,98.46900807261537,-0.4674653679087958,upright
143,6,130.43651684718267,0.13103291737104827,upright
143,7,11.767417153463743,0.9376131070796625,flat
143,8,147.65938079956788,0.5707404128635547,flat
143,9,135.38498682005545,0.2600786280149212,flat
143,10,28.475051396976465,0.6590269014069658,flat
144,1,101.63671010313394,-0.4389723335081777,upright
144,2,149.08928815724704,0.6041659002069482,flat
144,3,92.28765641402528,-0.4976100060757597,upright
144,4,24.794859394750823,0.736192406352874,flat
144,5,116.5626077405258,-0.2000511735786028,upright
144,6,155.8148043042101,0.7482344214151428,flat
144,7,9.959374764141282,0.9551325178909487,flat
144,8,168.3789100097512,0.939133808680719,flat
144,9,116.46377831122894,-0.20211823773393267,upright
144,10,28.75558364883536,0.6528514119954478,flat
145,1,100.91722063589934,-0.44619681866943867,upright
145,2,135.95359943335984,0.27496056473210406,flat
145,3,119.65675747702728,-0.1327550610294,upright
145,4,15.887017335361419,0.8875985588429034,flat
145,5,128.89866813434023,0.09147232213456236,upright
145,6,121.22242102387607,-0.09695173528301088,upright
145,7,8.221160904696838,0.9693288699601281,flat
145,8,125.3191212235249,0.001351376695499562,upright
145,9,114.01363605325041,-0.2515826018850714,upright
145,10,22.142159825646235,0.7869128836029011,flat
146,1,97.41480139130732,-0.47501845956679406,upright
146,2,138.79350439530145,0.3490237294483678,flat
146,3,138.38183924616587,0.33833085552547115,flat
146,4,24.860436676484078,0.7348839173955792,flat
146,5,71.08383835545975,-0.34235683735826306,upright
146,6,99.68609481390862,-0.4575378290391584,upright
146,7,12.645550880411841,0.9281116817200201,flat
146,8,115.70247087752712,-0.217859141246794,upright
146,9,145.11735954129173,0.5094001202225105,flat
146,10,13.391066152268685,0.9195447859456083,flat
147,1,104.47794279168419,-0.40624454229575474,upright
147,2,137.56137901304663,0.3169674398736546,flat
147,3,134.7044453425168,0.2422625344207241,upright
147,4,24.321655554909317,0.7455584885300977,flat
147,5,149.72680733217675,0.6187890842521677,flat
147,6,151.63196124464483,0.6613723189339231,flat
147,7,9.769780085392078,0.9568080907943406,flat
147,8,158.79339501774837,0.8037248917090989,flat
147,9,148.2299298214428,0.5841780469734008,flat
147,10,22.939898769931606,0.772124473196456,flat
148,1,55.13615860492191,-0.009861848439418397,upright
148,2,128.838260231696,0.08992693226259219,upright
148,3,167.0902626775266,0.9251280893460381,flat
148,4,31.863790624724686,0.5819796892194786,flat
148,5,140.4040707705037,0.39064066935032926,flat
148,6,172.78232007239725,0.9763221240575282,flat
148,7,13.424164265932374,0.9191538920268241,flat
148,8,132.66860209840465,0.18903149564772082,upright
148,9,132.70411091952326,0.18995808432495787,upright
148,10,15.050660634455188,0.8988548914411969,flat
149,1,89.96677020196736,-0.4999994954533245,upright
149,2,164.40139224435688,0.891542075862966,flat
149,3,145.36426719577454,0.5154555016773226,flat
149,4,25.734297568333105,0.7172076286975844,flat
149,5,133.4641759854054,0.20981147856172588,upright
149,6,131.64339075755953,0.1623251016227616,upright
149,7,10.24442407147852,0.9525552510159052,flat
149,8,98.46477267752995,-0.467497664206763,upright
149,9,112.64238908509675,-0.27768763761983806,upright
149,10,23.51374788217887,0.7612354832753101,flat
150,1,63.046662139031085,-0.19182665882308148,upright
150,2,152.3639297138373,0.6772594108010419,flat
150,3,148.95813360189365,0.6011355331266468,flat
150,4,49.37024011519408,0.13603062511181685,upright
150,5,159.29630195066932,0.8125192728225761,flat
150,6,115.96373063028341,-0.21249397599328546,upright
150,7,34.418005162950855,0.5207789007644821,flat
150,8,68.99267514555488,-0.3072302855679196,upright
150,9,116.10497503275442,-0.20957736873709365,upright
150,10,24.653177791361596,0.7390107273454487,flat
151,1,54.08219414340721,0.016191691729962043,upright
151,2,168.72235325185525,0.9426323442552142,flat
151,3,70.13987734093324,-0.3268803500259234,upright
151,4,35.226159070338575,0.5009434111953965,flat
151,5,116.23668242344017,-0.20684762770402265,upright
151,6,149.4575445413575,0.6126346927982556,flat
151,7,54.656750147521905,0.0019474253075916215,upright
151,8,92.78379656845615,-0.4964618257291699,upright
151,9,35.37677962636832,0.4972239978816636,flat
151,10,34.392949577523105,0.5213905073273859,flat
152,1,65.4458494983269,-0.24097347418758575,upright
152,2,140.71518628982653,0.39863271686513835,flat
152,3,71.94245588855591,-0.35587602305407723,upright
152,4,39.92400757642846,0.3821949251218639,flat
152,5,153.57103562803414,0.7028451074128701,flat
152,6,152.0288737458631,0.6700211446750401,flat
152,7,39.78582092301649,0.38575445131624875,flat
152,8,67.57880450697996,-0.28178690757731617,upright
152,9,73.5598936639506,-0.37985555145587735,upright
152,10,31.925728798126404,0.5805248823109748,flat
153,1,66.91348803650973,-0.2693621879205398,upright
153,2,137.27705101553386,0.30955030626252755,flat
153,3,81.45177310397543,-0.46685840900513875,upright
153,4,50.91075368171335,0.09635239068117074,upright
153,5,170.16187113113673,0.9562076122969541,flat
153,6,151.2159414217466,0.652222410410974,flat
153,7,24.607734846895124,0.7399121452847934,flat
153,8,70.48499744006432,-0.3326122154635806,upright
153,9,70.49031414519195,-0.3326998578097209,upright
153,10,30.144438008759025,0.6217204780047612,flat
154,1,54.45752671460166,0.006875519633036786,upright
154,2,139.71573222733937,0.3729007914317879,flat
154,3,87.24713329200922,-0.4965399517909571,upright
154,4,52.19895550087499,0.06350907058242816,upright
154,5,99.98027784157834,-0.45494589208250324,upright
154,6,151.32389455739605,0.6546049510170191,flat
154,7,14.991193569691642,0.8996342980511307,flat
154,8,114.24894530468484,-0.24698571588460094,upright
154,9,3.4874432842114285,0.9944496048255687,flat
154,10,17.82277832099033,0.8594782377244203,flat
155,1,76.15089111494058,-0.4140560634501715,upright
155,2,157.07165893878818,0.7723416471707107,flat
155,3,80.71310312737748,-0.46093564865608355,upright
155,4,29.15141615782752,0.6440721940644245,flat
155,5,164.0651537560934,0.886938321017047,flat
155,6,123.51054055637479,-0.04279431219099883,upright
155,7,14.411744509219371,0.9070818297488081,flat
155,8,144.86715002997033,0.5032441062746429,flat
155,9,13.654324008898634,0.9164109967207263,flat
155,10,19.676438984107264,0.8299415023295249,flat
156,1,64.41024160129244,-0.22016178808571185,upright
156,2,143.05691453041413,0.4581599060645334,flat
156,3,106.52830027056392,-0.3785990964019284,upright
156,4,40.65796978027575,0.36323936317000416,flat
156,5,71.58489092006442,-0.35031149804664163,upright
156,6,161.42210553617227,0.8477471551921889,flat
156,7,55.46602027118987,-0.0179452720708021,upright
156,8,129.54103934955995,0.10794806771153687,upright
156,9,71.65154575600668,-0.35135591688095846,upright
156,10,24.66329095308099,0.7388099526003264,flat
157,1,75.55113227076521,-0.4066127205701996,upright
157,2,164.12636028991102,0.8877829077192827,flat
157,3,88.58605460032119,-0.4990866797042568,upright
157,4,19.251200922345337,0.8369365452176702,flat
157,5,90.84861399234309,-0.499670970669497,upright
157,6,163.92688768338286,0.8850196961663994,flat
157,7,50.269431123880295,0.11282320004793267,upright
157,8,147.9634989891382,0.5779192110510751,flat
157,9,66.54727911474848,-0.26240331658516686,upright
157,10,27.247220192929895,0.6855864621352619,flat
158,1,145.1153737241308,0.5093513395744618,flat
158,2,135.92498071375985,0.2742117311199148,flat
158,3,96.41888164830907,-0.48125234094229896,upright
158,4,22.674885273202683,0.7770827458781762,flat
158,5,143.0877208462116,0.4589346071129261,flat
158,6,158.0155227115879,0.7897870688384827,flat
158,7,57.07851422529936,-0.05692912480252488,upright
158,8,140.35731562584397,0.3894381495905369,flat
158,9,38.501721028872595,0.4186693888163515,flat
158,10,111.5751588427103,-0.29717145331844497,upright
159,1,155.7725285254484,0.7474066131025665,flat
159,2,121.01299811887876,-0.1018031776594166,upright
159,3,100.02174477930252,-0.4545745583887092,upright
159,4,32.913945414705985,0.557109232940955,flat
159,5,110.74199571931818,-0.31185562174145254,upright
159,6,172.6183492237829,0.9752401041351897,flat
159,7,69.83065252868711,-0.32167350772823405,upright
159,8,128.2294141086511,0.07439197586385071,upright
159,9,34.47133821027999,0.5194763525736661,flat
159,10,110.72942614326725,-0.3120735476468992,upright
160,1,121.90466160410314,-0.08101988334139704,upright
160,2,148.71461596165534,0.5954895117538663,flat
160,3,81.33758778535102,-0.4659739001507676,upright
160,4,108.32990115787221,-0.35164604742248096,upright
160,5,178.26182730265512,0.9986199379692442,flat
160,6,153.2375070385872,0.6958541342364966,flat
160,7,50.900778017310145,0.09660802316811179,upright
160,8,114.20579376672501,-0.2478312229496889,upright
160,9,70.56399946268144,-0.333912443341318,upright
160,10,56.21357759892865,-0.036131389939347947,upright
161,1,150.14686008426466,0.6283247420553193,flat
161,2,150.95054440224627,0.6463408508691177,flat
161,3,123.1037377981005,-0.052569436012339044,upright
161,4,73.14523766245438,-0.37389640624655857,upright
161,5,148.32036732352418,0.5862960076725281,flat
161,6,171.18270698161248,0.9647559786362951,flat
161,7,51.609525978256436,0.07849405650704955,upright
161,8,127.58016303304225,0.05791362656647381,upright
161,9,68.67391808829618,-0.3016104002217594,upright
161,10,72.30946103392078,-0.3614892951967061,upright
162,1,126.43000342973951,0.028969443608588996,upright
162,2,159.63570852610533,0.8183566988449704,flat
162,3,96.43171030631025,-0.48117764395010953,upright
162,4,63.39885701560175,-0.19924373803485557,upright
162,5,136.1760163412493,0.28077938941298264,flat
162,6,152.7979896262116,0.6865494318606071,flat
162,7,121.95312766038457,-0.07988084316995991,upright
162,8,113.56487087450954,-0.2602553903836265,upright
162,9,80.3579024291864,-0.4579190652631131,upright
162,10,76.85345960065776,-0.42240494778772253,upright
163,1,106.88067006324566,-0.37351972710738024,upright
163,2,133.8648178678893,0.22028877796477775,upright
163,3,108.266296715272,-0.35263876856480436,upright
163,4,95.16890149952913,-0.4878251393366751,upright
163,5,174.82104242313903,0.9877778501800427,flat
163,6,165.94915789005898,0.9115847651173432,flat
163,7,117.03993551118974,-0.18999267641736173,upright
163,8,95.23781775311866,-0.4874992344587915,upright
163,9,55.73042845155414,-0.024399126775357494,upright
163,10,105.1648259207008,-0.39735074804010084,upright
164,1,80.76602764427341,-0.46137577199081437,upright
164,2,174.93546105335759,0.9883105402802077,flat
164,3,104.94788423094334,-0.40020017151553655,upright
164,4,55.83099837199575,-0.02684779934537218,upright
164,5,142.36142105881225,0.44060765889934705,flat
164,6,163.41472998000674,0.8777843089199187,flat
164,7,112.60889296219118,-0.27831043173660425,upright
164,8,75.69075437766627,-0.4083713299988361,upright
164,9,36.378649597166664,0.47231493087151233,flat
164,10,155.63789453905292,0.7447631159854187,flat
165,1,143.0669944504893,0.4584134171385701,flat
165,2,174.53823829298648,0.9864107460399019,flat
165,3,90.2803577639304,-0.499964085675438,upright
165,4,63.706799802842504,-0.2056732873963505,upright
165,5,157.02331913551436,0.7714327574965092,flat
165,6,162.98728286188202,0.8715919438865525,flat
165,7,130.34053880836447,0.1285527031214616,upright
165,8,81.501134474269,-0.46723724998603355,upright
165,9,56.97188949470915,-0.05438002885390769,upright
165,10,131.13016826129595,0.1489958728165507,upright
166,1,178.49373407658896,0.9989635478825334,flat
166,2,162.00417618709525,0.8568270032606531,flat
166,3,104.17779737581458,-0.4100126944033696,upright
166,4,58.37058020044199,-0.08747050009432955,upright
166,5,139.12743034937563,0.35768243405892775,flat
166,6,160.71721307676845,0.8364213919073873,flat
166,7,130.49244323343146,0.1324787553033283,upright
166,8,77.94867285011104,-0.43461144486963327,upright
166,9,55.17793943234723,-0.010887636151875435,upright
166,10,106.8494585621581,-0.37397345630051226,upright
167,1,153.25166166405418,0.6961520589057744,flat
167,2,154.71773699721612,0.7264066151770101,flat
167,3,94.65744391140059,-0.49011026878150177,upright
167,4,30.048378693346105,0.623902600263712,flat
167,5,146.5982702537218,0.5454148089309936,flat
167,6,145.94654736222208,0.5296569679246559,flat
167,7,113.57781365228843,-0.2600070029555617,upright
167,8,78.12451338483929,-0.43647847842689763,upright
167,9,87.00156606427737,-0.4958957060229749,upright
167,10,118.37485356777786,-0.16122312810997363,upright
168,1,173.0733894683321,0.9781842185201064,flat
168,2,147.88313376642128,0.5760257259581176,flat
168,3,98.36735078889299,-0.46823620799916243,upright
168,4,21.678921020467804,0.795310022447675,flat
168,5,109.12452866804627,-0.33899533735453297,upright
168,6,133.7681703893034,0.21776071294344168,upright
168,7,152.54218633398438,0.6810865612255774,flat
168,8,94.61406319409073,-0.4902932455756232,upright
168,9,80.74803800058054,-0.46122644137513596,upright
168,10,132.55470534453514,0.18606004393540987,upright
169,1,156.29305922110976,0.7575232067756972,flat
169,2,165.11489130278832,0.9010177490788056,flat
169,3,94.44749740009624,-0.49098003280127034,upright
169,4,10.510944839242352,0.9500825837361797,flat
169,5,94.31973096947405,-0.4914898665900145,upright
169,6,149.6108292123044,0.6161421986992188,flat
169,7,162.8256532106327,0.8692143070965792,flat
169,8,56.863103753277144,-0.05177492399585076,upright
169,9,68.7001994705969,-0.3020763500593822,upright
169,10,135.30133316708236,0.25788873839755555,flat
170,1,167.05095888473664,0.9246792991112396,flat
170,2,159.70230431638706,0.8194927378253198,flat
170,3,118.71099581827656,-0.1538355423515721,upright
170,4,11.784081802897273,0.937438781491754,flat
170,5,114.54449564957878,-0.24116452239669095,upright
170,6,148.61860575626736,0.5932566055069188,flat
170,7,156.68287039977716,0.7649897072221328,flat
170,8,61.120709237493,-0.15011588023525124,upright
170,9,132.80636390188747,0.19262684585421563,upright
170,10,149.11881821306653,0.6048471798219524,flat
171,1,173.8078620436461,0.9825483796700865,flat
171,2,155.54073981875135,0.7428487214812569,flat
171,3,109.95867547828581,-0.32522814920160753,upright
171,4,30.296945611979755,0.6182474785909204,flat
171,5,134.8443110462945,0.24592409278669636,upright
171,6,170.45200866238758,0.9587288896719088,flat
171,7,156.5026338838256,0.7615491983189859,flat
171,8,81.36808173083863,-0.46621122788803954,upright
171,9,81.4191490964236,-0.4666068565264664,upright
171,10,121.30973540805711,-0.09492353903618034,upright
172,1,132.24473067508268,0.17797837132006067,upright
172,2,153.07957436723711,0.6925226227406815,flat
172,3,113.36826725679144,-0.2640156132620613,upright
172,4,7.085590925513731,0.9771764574317605,flat
172,5,124.86633645253846,-0.009800573183073591,upright
172,6,142.58363740230806,0.44622846606981126,flat
172,7,143.65786784624865,0.4732278085192634,flat
172,8,39.780200786415676,0.385899153162484,flat
172,9,45.004240091864524,0.24988899465497083,upright
172,10,143.69813690105875,0.47423404986690754,flat
173,1,159.31652351211096,0.8128692819145171,flat
173,2,138.5881185096395,0.3436913131822166,flat
173,3,69.51878616269697,-0.3163547267790172,upright
173,4,31.73970937958668,0.5848894405456038,flat
173,5,123.70072332764651,-0.03820400937252605,upright
173,6,165.2300939107584,0.902509992679198,flat
173,7,157.96453622014536,0.7888594887085976,flat
173,8,30.4611708279298,0.6144959715168401,flat
173,9,55.33686142667876,-0.014784343045959769,upright
173,10,145.27576104066208,0.5132871424349885,flat
174,1,159.83092912019507,0.8216781949312288,flat
174,2,112.41520979853074,-0.28189739799132396,upright
174,3,77.57304523484845,-0.4305368111044168,upright
174,4,30.404750922726738,0.6157861662648605,flat
174,5,120.22608854055375,-0.11986238450765374,upright
174,6,141.51227993659288,0.41902652352041225,flat
174,7,134.71743073532204,0.24260247390088918,upright
174,8,35.186671681071644,0.5019173664877334,flat
174,9,66.98213033957619,-0.2706571502054959,upright
174,10,122.32718510738465,-0.07105829756000859,upright
175,1,155.2466854176949,0.7370200483326739,flat
175,2,146.19523379690204,0.535687414465795,flat
175,3,101.9050741943285,-0.43616613232008705,upright
175,4,33.42489269025409,0.5448573302424753,flat
175,5,156.92932291838815,0.7696611836447151,flat
175,6,160.70607436479926,0.836239554525029,flat
175,7,132.69822239398042,0.18980441915573176,upright
175,8,34.88548225532243,0.5093303124645414,flat
175,9,49.31611610800518,0.13743133535799934,upright
175,10,121.71899362378333,-0.08537462220302067,upright
176,1,160.0904206719301,0.8260520797911872,flat
176,2,144.469482364,0.4934205555243665,flat
176,3,89.11796852492564,-0.49964454890789733,upright
176,4,90.96183523095137,-0.49957732500206375,upright
176,5,157.68925678140468,0.7838220116234171,flat
176,6,159.56123012667643,0.8170825547514107,flat
176,7,91.81953575260907,-0.49848775839878295,upright
176,8,28.214036144300465,0.664737542392515,flat
176,9,81.63958515725507,-0.46828847196015844,upright
176,10,138.16113836977703,0.33259056793276653,flat
177,1,161.24262468610124,0.8448974426385691,flat
177,2,141.94916332091734,0.43014976900620217,flat
177,3,119.89341227395477,-0.12741400824325622,upright
177,4,90.43846169400274,-0.4999121582799291,upright
177,5,147.621236602126,0.569837440246902,flat
177,6,134.62617617966737,0.24021359300339062,upright
177,7,67.15132674347149,-0.2738363224279087,upright
177,8,40.74341139550782,0.36102765003052517,flat
177,9,71.90771980517205,-0.35533957591599474,upright
177,10,128.31977933925722,0.07669283841117835,upright
178,1,171.20837318312596,0.9649592526370019,flat
178,2,129.11139650222833,0.09692002785735898,upright
178,3,67.28425343018365,-0.2763211815776447,upright
178,4,119.30967597824369,-0.14054098308006002,upright
178,5,154.12402986590075,0.7143005161964258,flat
178,6,152.53802967337379,0.6809975076560322,flat
178,7,24.699622654394155,0.7380881636608703,flat
178,8,14.01575177861073,0.9120169935879547,flat
178,9,63.13981031081144,-0.19379486220521175,upright
178,10,109.50451200918795,-0.3327851259437575,upright
179,1,168.9540611529005,0.9449364666112858,flat
179,2,149.2081026776432,0.6069047402767866,flat
179,3,120.75003080803735,-0.10786836138233225,upright
179,4,91.895950361365,-0.4983581200540635,upright
179,5,153.26484885859284,0.696429523214547,flat
179,6,151.43691202335066,0.657093105570665,flat
179,7,18.10087728110018,0.8552066692859668,flat
179,8,26.691218744475616,0.697353197116767,flat
179,9,77.41971068809,-0.4288398412982601,upright
179,10,139.12864510055567,0.3577139065786401,flat
180,1,169.45787963875898,0.9497893878375994,flat
180,2,146.73362847312256,0.5486686958239577,flat
180,3,105.90880261587344,-0.3872980516634419,upright
180,4,110.27087346670068,-0.31994942151782735,upright
180,5,164.4966911394005,0.8928308556697973,flat
180,6,157.15288169961252,0.7738654552292075,flat
180,7,23.86464595262715,0.7544757223244525,flat
180,8,19.29648771717243,0.8361977164795564,flat
180,9,96.27083904492878,-0.4821037297657411,upright
180,10,110.8003231882474,-0.3108429503263028,upright
181,1,168.11751188098165,0.9364046320335939,flat
181,2,156.5470670199895,0.7623992618914437,flat
181,3,87.08158798954499,-0.49611166582636584,upright
181,4,115.17191166956525,-0.2286343599406397,upright
181,5,116.70764351562129,-0.19700799109712197,upright
181,6,159.33935197938052,0.8132640761581369,flat
181,7,18.897081126365954,0.8426630920700438,flat
181,8,27.831364741774646,0.6730474757639751,flat
181,9,73.44561408489453,-0.378226325042969,upright
181,10,82.14453205149123,-0.4719800600637657,upright
182,1,137.3854502964273,0.3123787999789336,flat
182,2,121.89304511908244,-0.0812927511636155,upright
182,3,92.18419774143342,-0.49782118923300267,upright
182,4,42.69983571047315,0.3101534804810774,flat
182,5,129.33778818759941,0.10272689825938064,upright
182,6,158.1965561815423,0.7930667167755263,flat
182,7,40.03273651867374,0.37939202871157107,flat
182,8,16.562603963695043,0.8781087788544117,flat
182,9,92.26967649462327,-0.4976474073539819,upright
182,10,132.4668253018727,0.18376803034376477,upright
183,1,139.6481468534294,0.3711549880085908,flat
183,2,140.43213390359102,0.3913622598934995,flat
183,3,56.985074802398486,-0.054695481477137875,upright
183,4,86.33954245646807,-0.49388599490350116,upright
183,5,105.29448823013058,-0.39562996185959753,upright
183,6,163.08529211789178,0.8730240673929495,flat
183,7,40.76054925762708,0.36058390550542363,flat
183,8,29.757288069813182,0.6304893600079888,flat
183,9,86.32953334255517,-0.49385255887078583,upright
183,10,146.06545781413203,0.5325431081542433,flat
184,1,119.70638605017027,-0.13163714796541492,upright
184,2,173.90669748821924,0.9830989543352961,flat
184,3,110.96308839658495,-0.3080047663109015,upright
184,4,82.63412587132954,-0.4753452455464382,upright
184,5,162.70390384280313,0.8674103056427325,flat
184,6,134.947906135079,0.24863618655716768,upright
184,7,5.8585024569616,0.9843719364260792,flat
184,8,12.01274751711371,0.9350232855038887,flat
184,9,168.8622463687253,0.9440288825134235,flat
184,10,118.48013373267489,-0.158915368611044,upright
185,1,144.14991370119228,0.48549219693987433,flat
185,2,169.82571144062885,0.953195841158818,flat
185,3,117.10415762838582,-0.18862997019772892,upright
185,4,68.85470037869663,-0.3048061317434236,upright
185,5,124.79805875951641,-0.011476669021193708,upright
185,6,143.2060629849229,0.4619083584279684,flat
185,7,36.6900477005919,0.46451595413054125,flat
185,8,31.235802252120134,0.5966411159129703,flat
185,9,169.49126215286108,0.9501033083776973,flat
185,10,74.91219348561289,-0.3983666191398273,upright
186,1,115.62845069036001,-0.21937214685574236,upright
186,2,134.9681255982948,0.2491655302868816,upright
186,3,159.33330451617883,0.8131595264802431,flat
186,4,56.187123874648094,-0.03549109247477944,upright
186,5,159.9289311164914,0.823335608521228,flat
186,6,175.61801126979373,0.9912432776097946,flat
186,7,45.2969499935199,0.2422260065619326,upright
186,8,55.31982321755697,-0.014366960489852643,upright
186,9,165.59001265738056,0.9071040069175049,flat
186,10,31.65989808651249,0.5867577283640162,flat
187,1,138.70601047828467,0.3467527386840219,flat
187,2,153.6507796349887,0.7045075362781379,flat
187,3,144.3925691596921,0.49151510314637137,flat
187,4,65.64130582847625,-0.24483023078617555,upright
187,5,146.34059740832075,0.5392024248513243,flat
187,6,132.26657416059618,0.1785476104880127,upright
187,7,39.87435759315567,0.38347420883739214,flat
187,8,83.96543774281963,-0.48342204035046976,upright
187,9,153.52203865027573,0.7018219228993325,flat
187,10,23.61723047196154,0.7592499058590649,flat
188,1,165.44800843201915,0.9053038085904987,flat
188,2,157.37800208303392,0.778066857000713,flat
188,3,138.98042064067806,0.3538722034090439,flat
188,4,98.30356649197036,-0.4687152504015624,upright
188,5,152.75221885206173,0.6855745069678756,flat
188,6,130.19758221007288,0.12486102923330789,upright
188,7,32.92371924643433,0.556875772280879,flat
188,8,77.53831741058603,-0.4301541805737969,upright
188,9,159.6564313154664,0.8187105325697677,flat
188,10,35.08976256045247,0.5043055946249935,flat
189,1,163.37482173544834,0.8772120580138205,flat
189,2,158.06552539689113,0.7906950902926555,flat
189,3,173.63220554084174,0.9815483497429491,flat
189,4,77.8084050127008,-0.43310361682872667,upright
189,5,141.92856861184984,0.4296263392376216,flat
189,6,156.1509904105982,0.7547785626431143,flat
189,7,54.44689044872261,0.007138956568758403,upright
189,8,85.96234884379568,-0.49256322654017054,upright
189,9,143.44733099904985,0.4679597875908723,flat
189,10,15.881604892512001,0.8876731611579367,flat
190,1,146.10879645974126,0.5335937962084467,flat
190,2,115.96142776984418,-0.21254143564836375,upright
190,3,169.02898242581688,0.9456717708145237,flat
190,4,115.7399109583394,-0.2170926591991335,upright
190,5,141.86123339765595,0.4279143184392187,flat
190,6,164.0411427038727,0.8866061991761045,flat
190,7,37.26207645610722,0.45012410200577024,flat
190,8,75.3420400877048,-0.4039499466609493,upright
190,9,153.14051741383412,0.6938097852420888,flat
190,10,17.661939911001763,0.861922509118362,flat
191,1,154.08900717699277,0.7135800994960229,flat
191,2,96.2603880107033,-0.4821630948298701,upright
191,3,159.38515303145843,0.8140550780961853,flat
191,4,154.49337252867434,0.7218554405543762,flat
191,5,71.20857369632668,-0.3443541583817853,upright
191,6,103.56958267584379,-0.4174259018008862,upright
191,7,16.041785219937427,0.8854556987890585,flat
191,8,128.28835576386655,0.07589254050409955,upright
191,9,142.35888757601057,0.44054350945741894,flat
191,10,8.633663379250061,0.9661976679648543,flat
192,1,46.74052927604968,0.20446107835594718,upright
192,2,155.66202765360643,0.7452377678177631,flat
192,3,146.29348916379178,0.5380641203306307,flat
192,4,167.42755281241637,0.9289271032143758,flat
192,5,91.96685632878015,-0.4982330646116971,upright
192,6,125.24461244841922,-0.0004880955928668884,upright
192,7,13.458789175152214,0.9187440104703333,flat
192,8,119.47749321823952,-0.13678350232520486,upright
192,9,161.4672282605737,0.8484599062313143,flat
192,10,31.10680994410152,0.5996322638100933,flat
193,1,51.95286379613329,0.06975619053768478,upright
193,2,151.95159067135037,0.6683433958547351,flat
193,3,146.62592449870107,0.5460801299311528,flat
193,4,145.5457304279331,0.519893320218344,flat
193,5,117.0491605660862,-0.189797069104211,upright
193,6,100.66788428961782,-0.4485982068205223,upright
193,7,31.700650611984514,0.5858040856795219,flat
193,8,120.83773111408556,-0.10584893233494963,upright
193,9,150.33722405911524,0.6326195526961487,flat
193,10,7.67111172267507,0.9732720238338521,flat
194,1,67.34255060871162,-0.2774073858852124,upright
194,2,143.40689798394354,0.46694672259942127,flat
194,3,155.36459935364263,0.7393635060171351,flat
194,4,164.30192058172292,0.8901892932530835,flat
194,5,73.72770009651904,-0.382229711811223,upright
194,6,135.19748760405088,0.2551701724341565,flat
194,7,73.52032832625902,-0.37929262138664116,upright
194,8,138.35243522750307,0.33756637121608435,flat
194,9,135.23991082781023,0.2562807773705007,flat
194,10,9.470387940099943,0.9593909468964155,flat
195,1,42.1693394482653,0.32398599319341415,flat
195,2,153.10485653275862,0.6930568442937768,flat
195,3,165.4086649213596,0.9048021975579652,flat
195,4,170.67457150286972,0.960613691040296,flat
195,5,55.580343067248286,-0.02073857379934907,upright
195,6,139.9783837793612,0.37967878236031205,flat
195,7,84.45868645985382,-0.4860132457717808,upright
195,8,121.59114017099283,-0.08836517442720881,upright
195,9,117.91850352771006,-0.17116179010013566,upright
195,10,16.676155287696982,0.8764793198319658,flat
196,1,63.45974959493396,-0.2005192574622972,upright
196,2,152.71104801688278,0.6846966115773789,flat
196,3,137.80051216214073,0.32320051918835124,flat
196,4,161.0333558567263,0.8415452934957992,flat
196,5,45.49307383948127,0.23709199439428186,upright
196,6,99.831321436576,-0.45626759932226446,upright
196,7,49.83758044288736,0.12395347201556195,upright
196,8,129.83819983625614,0.1155944008390477,upright
196,9,152.66019347219296,0.6836109889795696,flat
196,10,12.307140700238062,0.9318492397825608,flat
197,1,36.19651123025272,0.4768644767926007,flat
197,2,156.33913936776025,0.7584107570841587,flat
197,3,145.5459465524263,0.5198985992828304,flat
197,4,166.62825708296828,0.919772583228506,flat
197,5,47.41845559990582,0.18676015861427453,upright
197,6,141.149677990451,0.4097645530160354,flat
197,7,29.801224847827093,0.6294976650001971,flat
197,8,93.4567292403608,-0.49454682126716787,upright
197,9,108.67536528079135,-0.34620246327139886,upright
197,10,11.326361258307086,0.9421421536433932,flat
198,1,26.07538485542503,0.7101893145375111,flat
198,2,141.50553222880984,0.41885440895180115,flat
198,3,168.1036138073285,0.9362579245471463,flat
198,4,160.84597504639166,0.8385169640907377,flat
198,5,38.4225250546571,0.420688975791891,flat
198,6,134.5855758441326,0.2391507793805946,upright
198,7,34.31945205815076,0.5231833815938036,flat
198,8,132.3054421278489,0.17956060855051215,upright
198,9,121.22577195899918,-0.09687395689775657,upright
198,10,6.654066780379352,0.9798596542790838,flat
199,1,25.035938631951467,0.7313695789646304,flat
199,2,135.45903935143883,0.2620171078658975,flat
199,3,152.76428792368054,0.6858316881849322,flat
199,4,135.3356836771535,0.2587879770137195,flat
199,5,43.49833427841823,0.28929551584094826,flat
199,6,134.99433464978497,0.2498516814791707,upright
199,7,22.838161295252494,0.7740332386879665,flat
199,8,105.38572581790133,-0.39441119171292344,upright
199,9,114.3649625589752,-0.24470689912526533,upright
199,10,22.900289321976853,0.7728683969238674,flat
200,1,35.782075008874564,0.4871820152919104,flat
200,2,147.85564922534203,0.5753775731398756,flat
200,3,146.71470761172333,0.5482142549624904,flat
200,4,127.64739397813725,0.05961555002980701,upright
200,5,44.64692180074936,0.25924333162708046,flat
200,6,102.60415414413093,-0.42857397648636525,upright
200,7,37.72484432479596,0.4384225274621456,flat
200,8,102.55980344554071,-0.42906768718258836,upright
200,9,126.00271559233269,0.018304869710927152,upright
200,10,74.88410323215771,-0.39799665664448036,upright
201,1,45.31725218026036,0.24169452710608474,upright
201,2,133.96789455376552,0.22298538749026886,upright
201,3,143.40906877483226,0.4670011236093873,flat
201,4,129.0119473201773,0.09437219055296753,upright
201,5,66.66282061584398,-0.2646079849661103,upright
201,6,110.1958351978381,-0.3212243918940717,upright
201,7,43.145069710063105,0.29852803612012446,flat
201,8,109.42985611712894,-0.3340133832008876,upright
201,9,135.03715460844657,0.2509727051018322,flat
201,10,55.03958812389623,-0.007488773470571974,upright
202,1,21.538719070245325,0.79782345901386,flat
202,2,151.50224370907347,0.6585285386569366,flat
202,3,147.6558221161022,0.570656193572161,flat
202,4,146.93331253754968,0.5534567222645435,flat
202,5,49.49534203287578,0.13279459671537475,upright
202,6,98.41635065899109,-0.4678657834783587,upright
202,7,31.085429533688494,0.6001273618757048,flat
202,8,121.63626166297722,-0.08731052803486117,upright
202,9,144.82688470384625,0.5022516240531318,flat
202,10,138.66756223156378,0.34575448990416324,flat
203,1,12.319695903286195,0.9317122706312229,flat
203,2,159.33533787791183,0.8131946824198186,flat
203,3,143.992385408539,0.4815731449190994,flat
203,4,155.76106017016167,0.7471818626770239,flat
203,5,40.999588981931545,0.35439048141743124,flat
203,6,55.28818775358095,-0.013591743189904082,upright
203,7,39.016893718017066,0.40550112932481785,flat
203,8,124.8300044007027,-0.010692644701902176,upright
203,9,152.17833004025297,0.6732570294695144,flat
203,10,129.3131248539621,0.10209383915515624,upright
204,1,18.79640535783289,0.8442746470817006,flat
204,2,138.48418762744578,0.3409911123530711,flat
204,3,156.64928900825416,0.7643502179785124,flat
204,4,135.24610284910744,0.2564428782766348,flat
204,5,47.6532377701015,0.18063765762902229,upright
204,6,105.30691276213331,-0.39546437733854756,upright
204,7,51.17665464016584,0.08954548068581047,upright
204,8,82.24514225320071,-0.47268884333858535,upright
204,9,115.20858030563787,-0.2278948890359349,upright
204,10,159.33313378714038,0.8131565745203477,flat
205,1,73.32998682260519,-0.37656771100832015,upright
205,2,139.31036862269156,0.3624198980592176,flat
205,3,152.0310051473466,0.6700673723037625,flat
205,4,134.02074922509232,0.22436826682280364,upright
205,5,61.97929273481577,-0.16894513443230907,upright
205,6,78.82497679168837,-0.4436584400796096,upright
205,7,25.532666765384946,0.7213253605361696,flat
205,8,37.35722073914477,0.447722442693532,flat
205,9,174.45967493281157,0.9860182197481218,flat
205,10,169.54905499387448,0.9506445295892227,flat
206,1,53.373352955399575,0.03389408928059967,upright
206,2,146.63341957727866,0.5462604031490474,flat
206,3,91.2015012000723,-0.49934047577660007,upright
206,4,138.08721761834047,0.3306668240912931,flat
206,5,98.6919522351774,-0.4657432230486949,upright
206,6,103.44703378045013,-0.41888327763784133,upright
206,7,51.553188439446714,0.0799302196338183,upright
206,8,11.00948041688447,0.9452948767165501,flat
206,9,163.52033709582605,0.8792927462918441,flat
206,10,130.4643593466975,0.13175265977418338,upright
207,1,69.13839663479501,-0.3097765101757477,upright
207,2,150.53915054554406,0.6371567564380656,flat
207,3,46.974820299511435,0.19834026204749056,upright
207,4,148.85101562466158,0.5986550757979296,flat
207,5,106.83310019104029,-0.37421096614295035,upright
207,6,103.68129721475414,-0.41608672813432057,upright
207,7,33.50721671393485,0.5428744232082783,flat
207,8,11.441644172084965,0.940974147619283,flat
207,9,146.21110759539184,0.5360716152162632,flat
207,10,87.6660874693281,-0.4975124322104731,upright
208,1,85.5411808097311,-0.4909341437758477,upright
208,2,134.6921786440095,0.24194141081432163,upright
208,3,50.857504402105995,0.09771715090138011,upright
208,4,156.24283163475764,0.7565542769570193,flat
208,5,86.8319655569723,-0.49541875885604925,upright
208,6,30.704909668310943,0.6089060368036006,flat
208,7,28.567532681654544,0.6569953718712487,flat
208,8,9.964151647480735,0.9550899022496029,flat
208,9,147.5141647712823,0.5672997462421492,flat
208,10,90.1345179472692,-0.49999173190117185,upright
209,1,153.15514545751972,0.6941184417329065,flat
209,2,128.1551837679743,0.07250324299660205,upright
209,3,60.949203687415704,-0.1463110520238053,upright
209,4,162.11202809305527,0.8584820107154372,flat
209,5,86.13075470987609,-0.4931697244113765,upright
209,6,18.034260881349187,0.8562350993209293,flat
209,7,22.15196085394469,0.7867336958464799,flat
209,8,3.5790748378862998,0.9941544874713231,flat
209,9,126.7664592413886,0.03740168388208798,upright
209,10,48.02920234461517,0.17084336591324256,upright
210,1,172.73297934236226,0.9759990328603019,flat
210,2,154.56412050842118,0.7232936823187313,flat
210,3,85.97214304215404,-0.49259920241256433,upright
210,4,126.60416444209496,0.03333052618583077,upright
210,5,90.18084181346536,-0.499985056846455,upright
210,6,17.33373327986837,0.8668503657251074,flat
210,7,43.439244924605234,0.290840262063475,flat
210,8,7.771629215036659,0.9725713097965691,flat
210,9,151.32630024036152,0.6546579794549503,flat
210,10,77.01142416490914,-0.4242265908909537,upright
211,1,165.99989711427835,0.9122094300986019,flat
211,2,148.68425444561905,0.5947838133023715,flat
211,3,90.22350656145669,-0.4999771742873495,upright
211,4,154.16734846720573,0.7151906197440192,flat
211,5,104.60281843227202,-0.40465555738372805,upright
211,6,84.63783309777446,-0.48690039078926944,upright
211,7,14.799349404697674,0.9021296100479104,flat
211,8,18.229121005460673,0.85321762187339,flat
211,9,104.52827226630572,-0.40560562128002786,upright
211,10,71.19585377090483,-0.34415099624127654,upright
212,1,159.30398775161962,0.8126523371313386,flat
212,2,142.43851624586912,0.442559044228759,flat
212,3,103.77767444357582,-0.4149232706211767,upright
212,4,164.97442176333195,0.8991839756562754,flat
212,5,110.31623634303713,-0.3191767667612854,upright
212,6,76.83420360199801,-0.4221814890545026,upright
212,7,51.39545235949636,0.08395472718637687,upright
212,8,18.11422642430764,0.8550001902306541,flat
212,9,100.92389743928096,-0.4461317877462845,upright
212,10,82.33598799027534,-0.4733211798261128,upright
213,1,168.18206161712482,0.9370838982282308,flat
213,2,158.55238907101196,0.7994497483656324,flat
213,3,88.76450434180981,-0.499302633425978,upright
213,4,141.72576747889582,0.42446708309590864,flat
213,5,105.86091012843426,-0.3879581971718223,upright
213,6,12.362777527938785,0.9312412826127652,flat
213,7,59.92214461155683,-0.1232334416778671,upright
213,8,9.581608978068813,0.9584404730587912,flat
213,9,130.67242560897185,0.1371347653324254,upright
213,10,108.13167424110883,-0.3547301165287693,upright
214,1,151.32404782143945,0.6546083294994085,flat
214,2,161.6389243170608,0.8511584004396995,flat
214,3,100.13180963523511,-0.4535817777570127,upright
214,4,167.95015186301657,0.9346272563409019,flat
214,5,133.36860494573128,0.20731325752895102,upright
214,6,11.241433164136055,0.9429954463494814,flat
214,7,69.1620259026253,-0.31018802676035945,upright
214,8,35.19926409904717,0.5016068267596221,flat
214,9,153.17775281645163,0.6945952365818033,flat
214,10,87.42057254361542,-0.49696191998302075,upright
215,1,150.89656585347356,0.6451404335466537,flat
215,2,161.0050601153823,0.8410896148224749,flat
215,3,145.62006351010783,0.5217080747737441,flat
215,4,169.73484121247316,0.9523650616496364,flat
215,5,153.353919996064,0.6983011384668065,flat
215,6,28.099425159981845,0.667234217256266,flat
215,7,73.2552837907617,-0.3754907049794649,upright
215,8,51.880666720770364,0.07159148137106908,upright
215,9,165.421128941731,0.9049612415810802,flat
215,10,96.97809763968814,-0.4778603006190521,upright
216,1,128.091540956918,0.07088484991055921,upright
216,2,148.32972855947654,0.5865150479081356,flat
216,3,123.25259711993549,-0.04899944731215955,upright
216,4,154.87345003822014,0.7295480527930913,flat
216,5,118.85200197869631,-0.15071995947136185,upright
216,6,56.35453271318129,-0.039539002166603554,upright
216,7,98.5284610049264,-0.4670103647464746,upright
216,8,13.677915941338615,0.9161274097675007,flat
216,9,166.7521547371665,0.9212259397173908,flat
216,10,121.12153670578955,-0.09929112848582344,upright
217,1,133.70761056540914,0.21617679912983034,upright
217,2,164.36445697854788,0.8910406700459168,flat
217,3,135.38247174685844,0.2600127894593509,flat
217,4,142.78218604073467,0.451240637947548,flat
217,5,117.7836785685043,-0.17407774989272506,upright
217,6,58.949827100097956,-0.10094336031609197,upright
217,7,73.88381431687175,-0.38441897221883703,upright
217,8,21.645518209316986,0.7959100306917817,flat
217,9,159.5087913742131,0.816183155509075,flat
217,10,54.09461747599545,0.015882679752824425,upright
218,1,169.80477978161443,0.9530051006848865,flat
218,2,145.20264068636502,0.5114938315033226,flat
218,3,118.51141700531956,-0.1582285681318487,upright
218,4,150.28784760870033,0.6315071833764545,flat
218,5,121.40375195153736,-0.09273607866457295,upright
218,6,57.77117585313813,-0.07338361187319875,upright
218,7,86.40931585607584,-0.49411655398315957,upright
218,8,23.81458620879503,0.7554447341215866,flat
218,9,139.3200797912726,0.362671257065045,flat
218,10,56.67736752231891,-0.047317039972326724,upright
219,1,156.33227335520124,0.7582785940668295,flat
219,2,164.65254485497667,0.8949232156398133,flat
219,3,125.58147719648842,0.007841724421842056,upright
219,4,147.15058192090197,0.5586496538033559,flat
219,5,136.0774970346262,0.27820215597345643,flat
219,6,45.54991159105427,0.23560423231454652,upright
219,7,96.85660414861223,-0.47862087221987876,upright
219,8,28.23470165442638,0.6642866593473287,flat
219,9,152.09387499028358,0.6714298994168759,flat
219,10,108.12589005179959,-0.35481967450597096,upright
220,1,141.70578973881268,0.42395837258120983,flat
220,2,146.8943285213821,0.5525231140714635,flat
220,3,136.83973033632745,0.2981309293245379,flat
220,4,141.84713811952005,0.4275558164568639,flat
220,5,165.3415431625978,0.9039435768047475,flat
220,6,17.006650496903248,0.8716808018090312,flat
220,7,112.73764981002354,-0.27591251265192257,upright
220,8,10.396757113877868,0.9511494008747505,flat
220,9,163.94900871256024,0.885327649882953,flat
220,10,156.9385155850419,0.7698346876050155,flat
221,1,173.9438369754788,0.9833035891464115,flat
221,2,164.41097679034308,0.8916720143265677,flat
221,3,148.0095948742128,0.5790041126174996,flat
221,4,155.9795829480144,0.7514506036820665,flat
221,5,165.24131031072218,0.9026547177665041,flat
221,6,30.133792158696806,0.6219625198126233,flat
221,7,109.78965010108877,-0.3280576105901601,upright
221,8,37.772277449038285,0.43722030107311893,flat
221,9,148.24996250952972,0.5846474814555904,flat
221,10,165.42994104673144,0.9050736114385369,flat
222,1,172.51628657063142,0.9745546082724388,flat
222,2,169.6801331467142,0.9518614855889733,flat
222,3,101.71571253213277,-0.43815249771387144,upright
222,4,142.6248616072219,0.44726991530627713,flat
222,5,121.8006549208725,-0.08346102661729304,upright
222,6,77.70297216776619,-0.4319594694107778,upright
222,7,83.06434286389467,-0.4781274744352143,upright
222,8,92.97414906281662,-0.49596186018923594,upright
222,9,161.21833847060955,0.8445100414662694,flat
222,10,106.04113983119001,-0.3854646731599501,upright
223,1,141.53627980737798,0.4196386149643392,flat
223,2,165.73028779130956,0.9088664338261059,flat
223,3,135.3694084212072,0.25967082184330503,flat
223,4,149.77705065794282,0.6199338778173942,flat
223,5,91.0587298575373,-0.49948788572030717,upright
223,6,9.668223862213843,0.9576928821932842,flat
223,7,85.76526268794632,-0.4918208533751794,upright
223,8,89.60425639319183,-0.499928440564962,upright
223,9,164.8183634170668,0.8971283963089389,flat
223,10,163.9415577360743,0.8852239648248337,flat
224,1,141.97291960989227,0.4307534370121723,flat
224,2,172.96681687007833,0.9775111412014508,flat
224,3,135.12702015105697,0.25332536888292734,flat
224,4,148.2335781440456,0.5842635518419637,flat
224,5,57.614399083268566,-0.06967551836942876,upright
224,6,27.783596061587595,0.6740795314620489,flat
224,7,104.35765038582323,-0.4077634169755296,upright
224,8,72.8799419721368,-0.37001511861936565,upright
224,9,171.11407392452628,0.9642095931842292,flat
224,10,148.68433121382918,0.59478559812907,flat
225,1,163.12254706690626,0.873566529532785,flat
225,2,177.6900259296387,0.9975631719457203,flat
225,3,113.25332224873623,-0.2662028379428391,upright
225,4,158.9433221560649,0.8063646579149761,flat
225,5,47.810896501120055,0.17652892222769512,upright
225,6,22.512884089582716,0.7800915218400779,flat
225,7,111.616404807308,-0.2964323838076798,upright
225,8,62.767009710297216,-0.18588967635717651,upright
225,9,161.73306781019335,0.8526288649314651,flat
225,10,113.80658779226563,-0.2555994174030395,upright
226,1,157.30042316623815,0.7766226778454104,flat
226,2,140.4354655733318,0.391447918503008,flat
226,3,157.51811290702113,0.7806652862237404,flat
226,4,138.48132564949145,0.34091673895286934,flat
226,5,88.44492692352287,-0.49889530864212367,upright
226,6,24.402042951308765,0.7439768514179366,flat
226,7,90.45547698509499,-0.49990520842915015,upright
226,8,84.3237626404065,-0.48532609154830486,upright
226,9,143.76487114379634,0.47590062568199376,flat
226,10,66.74358217287255,-0.26614404263230085,upright
227,1,153.3814557515607,0.6988788598857143,flat
227,2,154.0595549014272,0.7129737298378331,flat
227,3,140.5775844119983,0.39510005641083235,flat
227,4,154.2727943477963,0.7173528546782411,flat
227,5,76.0695243898182,-0.41306324968803354,upright
227,6,38.197710458792926,0.42641484365331284,flat
227,7,131.57534134781756,0.1605560359420254,upright
227,8,62.78135986253398,-0.18619534396058735,upright
227,9,167.04830842077902,0.9246489890806688,flat
227,10,65.21236953775875,-0.23633649227744397,upright
228,1,129.58623172087783,0.10910996220868152,upright
228,2,151.23547060813584,0.6526538463981488,flat
228,3,154.47833491179264,0.721549368410328,flat
228,4,150.9725365130856,0.6468295254992957,flat
228,5,75.56887342465632,-0.40683704503353163,upright
228,6,18.047980395480074,0.8560235640689289,flat
228,7,146.94637484481768,0.5537694191549312,flat
228,8,74.24728821592348,-0.38944302595931013,upright
228,9,155.98253687703323,0.7515081080055024,flat
228,10,72.71465357246758,-0.36757003731562593,upright
229,1,127.39842052763524,0.053318212413518196,upright
229,2,171.68212240754505,0.9686080789584057,flat
229,3,111.76489995969146,-0.2937621913128815,upright
229,4,154.21637297794598,0.7161966842596397,flat
229,5,98.14889566026861,-0.46986208295515786,upright
229,6,25.045003208273105,0.7311875736058882,flat
229,7,150.77029360207408,0.6423268203287207,flat
229,8,71.10686720363287,-0.3427264325053637,upright
229,9,167.6380099799094,0.9312499058354526,flat
229,10,43.64668840663983,0.2854164388625682,flat
230,1,142.04320017188897,0.4325385979668064,flat
230,2,161.2688638784059,0.8453155161873931,flat
230,3,122.33770118931159,-0.07080946640237684,upright
230,4,157.9050961370873,0.7877759605976982,flat
230,5,95.6081410961608,-0.48567493897781017,upright
230,6,19.663724976008556,0.8301525048946705,flat
230,7,144.4413807117633,0.49272456618800775,flat
230,8,83.52710999314587,-0.4809368776560916,upright
230,9,160.79765505644068,0.8377319584657186,flat
230,10,39.33855761132518,0.3972533503937423,flat
231,1,136.18220498383292,0.2809412704832204,flat
231,2,83.05915179006867,-0.47809488106372056,upright
231,3,124.41470671839929,-0.0208594276084349,upright
231,4,162.7912741882768,0.868706033255136,flat
231,5,112.04476292772871,-0.2886901283032022,upright
231,6,27.533127206743554,0.679471615254263,flat
231,7,129.05851791216836,0.09556507374218737,upright
231,8,95.36940523915132,-0.48686510451072057,upright
231,9,174.21554758882607,0.9847631747360999,flat
231,10,43.145977027108884,0.2985043323666057,flat
232,1,162.72545634816328,0.867730469606574,flat
232,2,9.701289420157481,0.9574057800004903,flat
232,3,115.25060002935837,-0.22704654385999967,upright
232,4,153.99050785377358,0.7115502574790911,flat
232,5,98.43691063795907,-0.4677097305837188,upright
232,6,21.99284192720681,0.7896350109365189,flat
232,7,123.57839725579328,-0.041157974717167756,upright
232,8,78.14903128992589,-0.4367367509067648,upright
232,9,165.786766722904,0.9095715809817349,flat
232,10,30.828090998287543,0.6060710737193953,flat
233,1,138.8974680709606,0.3517210064673367,flat
233,2,83.22702729776563,-0.4791368062054836,upright
233,3,119.11687237683071,-0.14484136537549008,upright
233,4,154.91270889924104,0.7303378492788404,flat
233,5,124.70638251568677,-0.013724819945467315,upright
233,6,28.954309202330492,0.64845336236435,flat
233,7,66.96928374510861,-0.2704150216198516,upright
233,8,137.66531281485135,0.31967710530501614,flat
233,9,158.60178948074608,0.8003292281070351,flat
233,10,151.39475770514295,0.6561657890630057,flat
234,1,118.9906072258723,-0.1476479637454327,upright
234,2,67.98112086463298,-0.28916139502763366,upright
234,3,105.28602053735196,-0.3957427431144753,upright
234,4,154.1401664903835,0.7146322131038456,flat
234,5,59.531982798644165,-0.1143393142622966,upright
234,6,3.029616391593934,0.9958099762523378,flat
234,7,49.28588490226668,0.13821388352864883,upright
234,8,96.42556191299634,-0.481213462288702,upright
234,9,154.41608404123588,0.720280947456724,flat
234,10,159.46060328856444,0.815354988569398,flat
235,1,113.67307628016572,-0.25817559936797935,upright
235,2,80.55203525721083,-0.45958127659235304,upright
235,3,138.06423056800014,0.3300684896237114,flat
235,4,157.81826559565906,0.786188974319388,flat
235,5,98.06633259483402,-0.4704656725627504,upright
235,6,4.719159452399204,0.9898470325261612,flat
235,7,50.216106896143536,0.11419591246995298,upright
235,8,126.86569030916681,0.03989426036115051,upright
235,9,157.91152924555192,0.7878933409786324,flat
235,10,140.79422222840688,0.4006602655693656,flat
236,1,143.7133523664173,0.4746141380144867,flat
236,2,18.566454236376256,0.847928003516492,flat
236,3,167.04387932301546,0.9245983261591966,flat
236,4,158.33668160580137,0.7955903817268248,flat
236,5,103.26770992087863,-0.42099376573445596,upright
236,6,29.172112273188507,0.6436110881405472,flat
236,7,61.09835626124729,-0.14962079218167756,upright
236,8,103.64153567696755,-0.4165645300580909,upright
236,9,154.77528614074814,0.7275692867717742,flat
236,10,142.15245546794446,0.435311551069235,flat
237,1,174.67951062127702,0.9871026498505413,flat
237,2,55.15592489128123,-0.010347212153285046,upright
237,3,136.60582487327494,0.29201838492876053,flat
237,4,168.6673694263969,0.9420789231617681,flat
237,5,135.5510766034383,0.26442626200746866,flat
237,6,28.57716906733913,0.6567834457365793,flat
237,7,29.160186357569653,0.6438768206054306,flat
237,8,132.0022052056876,0.17166106866860664,upright
237,9,169.49062976744955,0.9500973704209654,flat
237,10,143.8509542182578,0.4780485943618782,flat
238,1,170.3439851335727,0.9577986523695552,flat
238,2,76.04848317804276,-0.4128056400013488,upright
238,3,125.73944082507201,0.011759370648172895,upright
238,4,151.2543095384369,0.6530698560348691,flat
238,5,99.95801949427872,-0.45514460498540676,upright
238,6,7.2092186825274815,0.9763773132885467,flat
238,7,63.59432533204,-0.20333099280764522,upright
238,8,125.23652862801201,-0.00068756724571295,upright
238,9,109.99178284672207,-0.3246715881110195,upright
238,10,162.1622153943862,0.8592492052689069,flat
239,1,157.67592377326517,0.7835767689562005,flat
239,2,73.3828837356362,-0.3773277585081713,upright
239,3,158.576023507409,0.7998707182765887,flat
239,4,156.01635183455497,0.7521660058903175,flat
239,5,97.78142405594132,-0.4725025535291329,upright
239,6,22.10728321229124,0.7875500070680004,flat
239,7,45.528823318863225,0.23615622412923343,upright
239,8,95.76011159692774,-0.48489070580978316,upright
239,9,136.70264390680484,0.2945488754763469,flat
239,10,150.26903006139824,0.6310829568869145,flat
240,1,144.77075144751677,0.5008671890750147,flat
240,2,18.48532375564352,0.8492077852062354,flat
240,3,168.10131092153452,0.9362335997811366,flat
240,4,135.8838498502218,0.2731354642861815,flat
240,5,88.72235305609908,-0.4992542457631323,upright
240,6,12.052624500610763,0.9345975739659107,flat
240,7,3.411956829706009,0.9946870023316592,flat
240,8,115.78986911490506,-0.21606866191768093,upright
240,9,160.0808937027269,0.8258923306129669,flat
240,10,137.0542248919751,0.3037334070108617,flat
241,1,152.42161881239403,0.678499807200631,flat
241,2,39.41755390255882,0.3952249282518443,flat
241,3,158.80703995048816,0.8039657663656947,flat
241,4,146.86304744602194,0.5517735744694379,flat
241,5,70.54408595339189,-0.33358512182806055,upright
241,6,36.5905853353434,0.46700979165110135,flat
241,7,12.715621280517547,0.9273259498334756,flat
241,8,130.10929343253184,0.1225826335530038,upright
241,9,157.25406646542044,0.7757578754401129,flat
241,10,147.6981784680722,0.5716582715150791,flat
242,1,121.3881844393705,-0.09309853987617284,upright
242,2,22.83556261990643,0.7740819077313827,flat
242,3,172.1150854291127,0.971770928253546,flat
242,4,133.6843501018549,0.21556847239596544,upright
242,5,88.174319536857,-0.4984775307054248,upright
242,6,13.23047588921389,0.9214286848691056,flat
242,7,20.10903726006794,0.8226942809681286,flat
242,8,102.12215063474099,-0.4338521673693519,upright
242,9,128.62304567887188,0.08442702169727523,upright
242,10,112.7121738044433,-0.2763878127723074,upright
243,1,138.76510538361072,0.3482867053584775,flat
243,2,37.44639759382726,0.44546943440722664,flat
243,3,160.21913875588118,0.8282041853175164,flat
243,4,118.01982969355855,-0.16896419046581013,upright
243,5,82.39046756480913,-0.4736968992318734,upright
243,6,53.670744661413195,0.026450378131996022,upright
243,7,17.39546553041345,0.8659296497620232,flat
243,8,103.66810161750297,-0.41624543778721823,upright
243,9,137.9670015967546,0.32753713197003,flat
243,10,125.26625625682223,4.607258661304403e-05,upright
244,1,164.96625235562863,0.8990768466336589,flat
244,2,47.000904899743716,0.19765901220630222,upright
244,3,157.31855472676622,0.77696055418585,flat
244,4,140.81663609346074,0.4012350516852645,flat
244,5,147.58549812638788,0.5689909027969371,flat
244,6,33.13797547250601,0.5517490577886754,flat
244,7,10.079374323774024,0.9540560383805392,flat
244,8,81.71837186598263,-0.4688791918130602,upright
244,9,172.37733498191483,0.9736065694830014,flat
244,10,121.91054893987106,-0.08088157076792557,upright
245,1,156.6305743276951,0.7639935282395576,flat
245,2,82.96481207411229,-0.47749838306395487,upright
245,3,163.93723642833803,0.8851638114022504,flat
245,4,141.0365059636595,0.40686848028843614,flat
245,5,148.88656279771234,0.5994787593523183,flat
245,6,54.79253354151156,-0.0014045234561194664,upright
245,7,21.557655145538696,0.7974847521707398,flat
245,8,97.80971911819553,-0.47230345797672113,upright
245,9,160.84790899695471,0.8385483481826557,flat
245,10,111.65734554961952,-0.2956976632903855,upright
246,1,161.67984258669335,0.8517983176697617,flat
246,2,132.52879105461219,0.18538410563201058,upright
246,3,143.90579736715623,0.47941598319612067,flat
246,4,159.83813949545726,0.8218003653188446,flat
246,5,166.8338719483776,0.9221776376764244,flat
246,6,33.47041636699217,0.5437611188805309,flat
246,7,25.503021035295173,0.7219288257856036,flat
246,8,112.75745414218324,-0.2755427403293214,upright
246,9,114.24439845415691,-0.2470748596148864,upright
246,10,134.5712704620463,0.23877630590795396,upright
247,1,137.01008780677404,0.3025808068929887,flat
247,2,102.9812981997664,-0.4243100228373546,upright
247,3,127.64451645439384,0.05954268516549055,upright
247,4,132.35709734178965,0.18090707512761162,upright
247,5,145.5891215567505,0.5209528850124929,flat
247,6,25.142754266846396,0.729221797406469,flat
247,7,12.448691511790253,0.9302974330712768,flat
247,8,137.51962923783546,0.3158787284060116,flat
247,9,112.85310151195532,-0.2737533486193439,upright
247,10,152.2710846680011,0.6752594763941326,flat
248,1,126.41823970514737,0.028675166527353246,upright
248,2,112.54198164808662,-0.27955235194222683,upright
248,3,123.87626339452477,-0.03395584993871997,upright
248,4,110.6189544015672,-0.3139841999543596,upright
248,5,161.91486026307447,0.8554499223619394,flat
248,6,27.413842549775605,0.6820280557235794,flat
248,7,61.04151629631168,-0.1483607689782352,upright
248,8,122.31775763080927,-0.07128133340121001,upright
248,9,126.92828402108802,0.041467844785409436,upright
248,10,115.95558466765115,-0.2126618427387753,upright
249,1,143.9621687976851,0.48082059994664594,flat
249,2,145.7013989567025,0.5236916874745168,flat
249,3,144.01385169252606,0.4821076064467569,flat
249,4,101.04124686403847,-0.44498265497545714,upright
249,5,150.84689537938613,0.6440345831031276,flat
249,6,19.61849645020563,0.8309021941080765,flat
249,7,78.48010846590978,-0.440174996876205,upright
249,8,125.88087812360993,0.015273298249643963,upright
249,9,153.67298283337036,0.7049697816696363,flat
249,10,123.32622501544321,-0.04723069110990652,upright
250,1,152.5447391206475,0.6811412484104207,flat
250,2,109.79476714762622,-0.32797224682137527,upright
250,3,150.14319249752114,0.6282418328259607,flat
250,4,49.62552655188522,0.12942946997771232,upright
250,5,149.6367902540837,0.6167352117902236,flat
250,6,29.616371174295463,0.6336639388978247,flat
250,7,160.54568514293263,0.8336114183755916,flat
250,8,123.14751526333028,-0.05152039544217257,upright
250,9,148.52635485711266,0.5911074971102679,flat
250,10,154.25558642737792,0.7170004268644128,flat
251,1,162.08943853360284,0.8581360829623965,flat
251,2,81.47820118889847,-0.4670615052914138,upright
251,3,145.2349024591283,0.5122852772798783,flat
251,4,45.68220825597151,0.2321415176167464,upright
251,5,143.8047816397731,0.47689673820554546,flat
251,6,23.602234973544512,0.7595380450320544,flat
251,7,143.0832796214363,0.4588229364088263,flat
251,8,84.84665993757281,-0.4878981384989462,upright
251,9,170.08299349694337,0.9555096363683484,flat
251,10,107.19160124322451,-0.3689593214574092,upright
252,1,129.1483136957718,0.09786629866234331,upright
252,2,96.51163887163247,-0.4807089445814382,upright
252,3,144.25312742195644,0.48805613556326377,flat
252,4,60.84462313728133,-0.1439839661405461,upright
252,5,164.30502027386197,0.8902315646634826,flat
252,6,17.232351065543877,0.8683562310380413,flat
252,7,147.8101606365701,0.5743041830338749,flat
252,8,90.219432165376,-0.49997799889729105,upright
252,9,138.72926058368955,0.34735630697921005,flat
252,10,149.0062712144323,0.602248625996382,flat
253,1,128.5985969581777,0.08380280823838637,upright
253,2,18.948298440898,0.8418404269686743,flat
253,3,154.34906985071402,0.7189129875475895,flat
253,4,77.63146363773807,-0.4311782076448585,upright
253,5,166.33705979470022,0.9163074780623703,flat
253,6,21.563563906010906,0.7973790140534547,flat
253,7,135.75895515959087,0.2698670754591084,flat
253,8,88.18936166265244,-0.498502506859719,upright
253,9,162.16389262097059,0.8592748121310643,flat
253,10,168.94532233446964,0.944850391092396,flat
254,1,104.04653956502062,-0.4116378155256004,upright
254,2,30.365316006021736,0.6166871109259544,flat
254,3,161.00231101811016,0.841045312225039,flat
254,4,21.386265425586252,0.8005416420501528,flat
254,5,159.85123088509891,0.8220220892187893,flat
254,6,51.200877472751266,0.08892606840603268,upright
254,7,151.49897032035747,0.658456667996854,flat
254,8,81.37848137769423,-0.4662919805217961,upright
254,9,148.3417511337985,0.5867963071444633,flat
254,10,167.63738123065323,0.9312430210631453,flat
255,1,98.35247170892187,-0.4683482735942528,upright
255,2,54.61593481875313,0.0029560851958132517,upright
255,3,153.69958673943134,0.7055232848649404,flat
255,4,68.88197942631105,-0.30528643464234445,upright
255,5,150.25572992212568,0.630783016743421,flat
255,6,39.242690091467786,0.39971347703235094,flat
255,7,119.46484864460977,-0.13706708226617786,upright
255,8,47.20171759943007,0.1924158948882555,upright
255,9,95.6221092629027,-0.4856037208604794,upright
255,10,140.46906657184869,0.39231170696031303,flat
256,1,116.77496275588659,-0.19559158148149652,upright
256,2,100.42443014239345,-0.45089188320962276,upright
256,3,147.62997690552763,0.5700443961550168,flat
256,4,71.10885922045708,-0.3427583848349578,upright
256,5,126.70616692121905,0.035888450225034285,upright
256,6,54.880376757222386,-0.003570016962064604,upright
256,7,130.21857146819065,0.1254028573859305,upright
256,8,49.08242216456066,0.14348380164238372,upright
256,9,8.278928280269398,0.9688993382041655,flat
256,10,135.58987046450926,0.26544168147784575,flat
257,1,122.13210597564196,-0.0756663725285116,upright
257,2,105.13512103489565,-0.39774310445351135,upright
257,3,120.55426410416675,-0.1123640518316723,upright
257,4,42.45817324758865,0.31645759193135725,flat
257,5,171.82304468576143,0.9696555870954575,flat
257,6,29.133961863886274,0.6444609129010355,flat
257,7,151.12447024503987,0.6501991575093593,flat
257,8,138.92276491178362,0.35237711698422736,flat
257,9,22.755155132174853,0.7755856786884952,flat
257,10,152.93087889342334,0.6893736713642602,flat
258,1,131.3970303000672,0.1559229418243947,upright
258,2,106.30367160981842,-0.3817875045605519,upright
258,3,134.43433858530082,0.23519198105494254,upright
258,4,59.26267608190787,-0.10816067856271083,upright
258,5,149.03181160826043,0.6028387965287405,flat
258,6,87.32470033046988,-0.4967320513447368,upright
258,7,136.10755445477173,0.2789884851989355,flat
258,8,127.73416123369846,0.061813575581496694,upright
258,9,24.803812439179897,0.7360139127931444,flat
258,10,133.19109433367095,0.2026744229008236,upright
259,1,148.39643031757834,0.5880747371169655,flat
259,2,160.14023556472156,0.8268863430715114,flat
259,3,117.83116877557316,-0.17305171207331344,upright
259,4,56.275064443126006,-0.037618700779028624,upright
259,5,161.78545804381605,0.8534443512191865,flat
259,6,166.04631939761094,0.9127791283408124,flat
259,7,153.84969784194698,0.708639021156459,flat
259,8,139.1089803789815,0.3572043971243035,flat
259,9,10.872517125047743,0.9466312488321984,flat
259,10,149.79334082050914,0.6203048048706861,flat
260,1,172.1650545111579,0.9721253608417255,flat
260,2,175.75533403213873,0.9917825254549442,flat
260,3,134.55955243886118,0.23846956407895914,upright
260,4,8.567345433762021,0.9667111052958846,flat
260,5,140.3281058333422,0.3886866991201662,flat
260,6,134.33483429322882,0.23258756714208983,upright
260,7,140.52337880476495,0.39370750930362275,flat
260,8,105.79435205291897,-0.38887266627256434,upright
260,9,35.308826291441946,0.4989028849638797,flat
260,10,142.9659017107363,0.45586976084373765,flat
261,1,110.04200972732795,-0.3238257692771158,upright
261,2,151.9257206659252,0.6677810996314646,flat
261,3,155.1124296120597,0.7343417643996635,flat
261,4,27.006654955386228,0.6906979752684175,flat
261,5,119.06430606189687,-0.14601073472226983,upright
261,6,106.07176275794374,-0.3850384946386737,upright
261,7,145.80356307398193,0.5261801429128021,flat
261,8,31.0363684913576,0.6012627122163969,flat
261,9,47.92634069071587,0.1735217418282341,upright
261,10,159.4428980196297,0.8150503014680228,flat
262,1,155.07623285591148,0.7336178482696214,flat
262,2,157.0862187602705,0.7726151110296398,flat
262,3,155.5788794375715,0.7436009243082218,flat
262,4,34.34802109785931,0.5224866908323604,flat
262,5,96.79636068836884,-0.47899314817643146,upright
262,6,47.63617026731403,0.18108258110619913,upright
262,7,142.36179605011029,0.4406171537976902,flat
262,8,26.41784944681302,0.7030770317750992,flat
262,9,24.970258296660965,0.7326869171142223,flat
262,10,139.28600131657336,0.36178913014663716,flat
263,1,137.71839225678318,0.3210605916163055,flat
263,2,118.1382850383069,-0.16638844360202193,upright
263,3,159.12956222660117,0.809622556316484,flat
263,4,27.825229746894045,0.6731800899363476,flat
263,5,137.1413389369909,0.3060079347138768,flat
263,6,154.38282739253395,0.7196024010542672,flat
263,7,149.4258317103034,0.6119077308029586,flat
263,8,29.07212287006,0.6458369294132567,flat
263,9,56.49136193863823,-0.04284016647474842,upright
263,10,163.96440030236508,0.885541697512841,flat
264,1,142.85261314190527,0.453016193204272,flat
264,2,130.5751165136985,0.1346168866022529,upright
264,3,138.2161225172787,0.3340211419313368,flat
264,4,63.32721038972141,-0.19774035457323036,upright
264,5,162.44007359496146,0.8634628230828953,flat
264,6,140.25683770889356,0.38685265347212905,flat
264,7,162.8905787936808,0.8701717612083504,flat
264,8,36.622856978103265,0.46620092425371307,flat
264,9,79.15805037511895,-0.44692732834363963,upright
264,10,149.17081839580908,0.6060459444350763,flat
265,1,128.54182373731442,0.08235376822624652,upright
265,2,121.2250605279423,-0.09689047028482112,upright
265,3,109.29031303200667,-0.33629853930618187,upright
265,4,133.4818838724045,0.21027441156934168,upright
265,5,151.31323435006934,0.6543699338787323,flat
265,6,175.55076888971203,0.9909730133006547,flat
265,7,130.15850496564585,0.12385244711364596,upright
265,8,92.42752836069211,-0.4973089935456913,upright
265,9,57.570022643465656,-0.06862418085330346,upright
265,10,148.5356210425588,0.5913235254942619,flat
266,1,155.34197936542597,0.7389145908696357,flat
266,2,110.9426262348645,-0.3083625627286959,upright
266,3,134.60778934368926,0.23973226979338302,upright
266,4,115.66818163744895,-0.21856041752318328,upright
266,5,153.91843978764155,0.7100616443048295,flat
266,6,160.81704987390412,0.8380472472965488,flat
266,7,133.14338766710054,0.20142802045885266,upright
266,8,170.49470804922387,0.9590938144291146,flat
266,9,137.20264846665793,0.3076084031916726,flat
266,10,163.2262923491341,0.8750715845485422,flat
267,1,151.38118479571688,0.6558670230656514,flat
267,2,130.01953711574134,0.12026760695247174,upright
267,3,87.70675949599962,-0.4975983302895884,upright
267,4,139.5708063416949,0.3691563720513008,flat
267,5,139.31972613484078,0.36266210342673244,flat
267,6,172.35444687871797,0.9734487749678071,flat
267,7,166.6772214494856,0.920348448541848,flat
267,8,156.84828249094613,0.7681292996779105,flat
267,9,93.52502802885196,-0.4943294769293738,upright
267,10,169.90190008747348,0.9538869420950649,flat
268,1,130.79359002861884,0.14027171890213141,upright
268,2,52.01151171177116,0.06826616919996897,upright
268,3,107.93178600735438,-0.357810714030833,upright
268,4,124.68758883673759,-0.014185359265475705,upright
268,5,145.18355099621974,0.5110253670097045,flat
268,6,164.33659388550657,0.8906617161620505,flat
268,7,164.6930486753414,0.8954638632181249,flat
268,8,86.11928926921348,-0.49312924717321216,upright
268,9,118.38813371649428,-0.1609323303920548,upright
268,10,160.96615039847853,0.840462065582507,flat
269,1,137.90724611084374,0.325980952055442,flat
269,2,65.58166443733093,-0.24365581678375786,upright
269,3,93.40832324577337,-0.4946982991795565,upright
269,4,67.112179175037,-0.2731023668703565,upright
269,5,161.88103261095398,0.8549268273244681,flat
269,6,174.0222139255891,0.9837313929503944,flat
269,7,151.3536008411496,0.6552595662111917,flat
269,8,117.08566420329348,-0.1890226018862532,upright
269,9,113.66429055550995,-0.2583447385699463,upright
269,10,112.59633491236367,-0.27854373771565627,upright
270,1,143.78359830706108,0.4763680853088349,flat
270,2,44.3229126844164,0.2677244542044288,flat
270,3,69.10784091936056,-0.3092438011307404,upright
270,4,83.81852955406468,-0.48260822418367044,upright
270,5,145.33944150924464,0.5148475387955052,flat
270,6,175.86243919049952,0.9921912824818597,flat
270,7,165.6928226816246,0.9083972638653892,flat
270,8,88.99718316121569,-0.49954054298925704,upright
270,9,125.18861391555629,-0.0018694725080489194,upright
270,10,161.69930062433355,0.8521021895677074,flat
271,1,128.4788832964996,0.08074809021957652,upright
271,2,71.41187648631765,-0.34758537257029365,upright
271,3,76.81773833531987,-0.42199017486733215,upright
271,4,92.41245899227813,-0.49734228008433584,upright
271,5,151.8286006308075,0.6656671154012668,flat
271,6,150.53712075101342,0.6371112431300416,flat
271,7,172.5300379342741,0.9746475044935439,flat
271,8,83.46658755575892,-0.48058027887117755,upright
271,9,119.55500739180441,-0.1350434466769419,upright
271,10,127.43867311694842,0.05433533533820567,upright
272,1,107.83031467934727,-0.3593632354385594,upright
272,2,82.31845684571945,-0.47319971957575313,upright
272,3,78.53026851315347,-0.4406878808996125,upright
272,4,121.15241702142683,-0.0985755075814666,upright
272,5,151.00279500157146,0.6475015004811708,flat
272,6,155.4955616781042,0.7419565723618506,flat
272,7,141.79361668934766,0.426194151496744,flat
272,8,79.0922281825727,-0.4462887839181876,upright
272,9,146.66115521869332,0.546927330208677,flat
272,10,149.98183971958122,0.6245881858679492,flat
273,1,82.06747997638625,-0.4714312183904443,upright
273,2,95.5009283643164,-0.4862157496779485,upright
273,3,71.27400507459483,-0.34539737324529046,upright
273,4,108.09160606767864,-0.35534999527788547,upright
273,5,169.3528856084044,0.948795858977173,flat
273,6,146.9839999752788,0.5546697691316504,flat
273,7,119.40287926581237,-0.13845577856279662,upright
273,8,67.90965580984167,-0.2878591605211039,upright
273,9,154.46736198072628,0.7213259459334498,flat
273,10,134.36958624255817,0.23349713840700903,upright
274,1,86.23444091637366,-0.4935303683659569,upright
274,2,46.93948931296046,0.19926306735644972,upright
274,3,83.01892104946617,-0.4778414724497091,upright
274,4,90.61499831212694,-0.4998271867001667,upright
274,5,94.12634690078885,-0.4922334794891078,upright
274,6,119.0792264545029,-0.14567895694383037,upright
274,7,76.41149278188472,-0.4171997580595295,upright
274,8,46.71383980029154,0.20515853765277903,upright
274,9,155.28457031925058,0.7377738859712171,flat
274,10,136.04039718616283,0.2772315477547955,flat
275,1,65.80297471498967,-0.24800289371686524,upright
275,2,49.906583686744895,0.12217303358426146,upright
275,3,85.61197564783252,-0.4912191857079518,upright
275,4,54.61994492140812,0.0028569621986748173,upright
275,5,118.65433147061546,-0.15508481039434224,upright
275,6,134.72417684416163,0.24277907822960187,upright
275,7,80.69031552783004,-0.46074539830368655,upright
275,8,69.67812495033071,-0.31908062429050743,upright
275,9,78.15098593489343,-0.4367573195594818,upright
275,10,153.43789302826644,0.7000616609159533,flat
276,1,38.764666607598265,0.41195481995048755,flat
276,2,15.28997858671541,0.8956900328509183,flat
276,3,59.87433652456284,-0.1221472972634301,upright
276,4,56.4300027625154,-0.04136062661557083,upright
276,5,118.3426675143698,-0.16192754495425032,upright
276,6,140.17952804243924,0.3848621747637636,flat
276,7,104.1472531643173,-0.4103921047228777,upright
276,8,55.928808948556814,-0.02922601505094191,upright
276,9,31.909245119256592,0.5809122029392912,flat
276,10,159.68823449523558,0.8192529808812137,flat
277,1,25.600247051414502,0.7199478179108674,flat
277,2,13.230798005953758,0.9214249271863431,flat
277,3,48.576159176842026,0.15661933697696073,upright
277,4,50.03021251668178,0.1189849939699138,upright
277,5,55.862387242590316,-0.027611357162435346,upright
277,6,124.78750976726728,-0.011735495779074678,upright
277,7,119.7972917553357,-0.12958647506262638,upright
277,8,128.60550035181433,0.0839790502559501,upright
277,9,6.908177418495225,0.9782996139881663,flat
277,10,177.9340818814853,0.9980506762033463,flat
278,1,27.59293460626292,0.678187052006932,flat
278,2,11.015099065293063,0.9452397151302738,flat
278,3,65.35001398168691,-0.2390740803800066,upright
278,4,73.39277579012672,-0.3774696548526166,upright
278,5,25.919613250827553,0.7134026710006696,flat
278,6,101.47294719948414,-0.4406550639012783,upright
278,7,114.757446687234,-0.23693777574897046,upright
278,8,85.44588461504036,-0.49054330738855756,upright
278,9,28.972504801639552,0.6480497092251598,flat
278,10,157.65804051422967,0.7832476491103557,flat
279,1,39.38734899742536,0.396000643973315,flat
279,2,37.235789613718595,0.45078725397400565,flat
279,3,111.82388145801379,-0.2926975468537404,upright
279,4,55.37595792581421,-0.01574173008120694,upright
279,5,26.644134924307494,0.6983419613408712,flat
279,6,73.9007539178161,-0.3846553920332708,upright
279,7,115.02516978303592,-0.23158574134773807,upright
279,8,113.69328955692123,-0.2577862801258784,upright
279,9,40.86034792048622,0.35799907331550407,flat
279,10,164.1785415983414,0.8885006568190059,flat
280,1,45.10582324429017,0.24722956024349152,upright
280,2,47.495991062591365,0.18473774793422426,upright
280,3,99.89976813510111,-0.45566263290248044,upright
280,4,129.42701947832276,0.10501819784401456,upright
280,5,21.896176734513475,0.7913894448401853,flat
280,6,89.09548457713706,-0.49962619778704076,upright
280,7,115.53541948087424,-0.22126930094097458,upright
280,8,114.0295843219794,-0.2512721099120117,upright
280,9,12.306901688660522,0.9318518459741936,flat
280,10,152.76288229352315,0.6858017394313831,flat
281,1,39.42897419581858,0.3949315926898659,flat
281,2,55.02104579885207,-0.007032787931065709,upright
281,3,59.26008769227221,-0.10810113935457333,upright
281,4,121.94650075433373,-0.08003664327003102,upright
281,5,30.439730661130383,0.6149864261188873,flat
281,6,138.61059289524346,0.34427505332825303,flat
281,7,123.05276256513946,-0.0537900663645931,upright
281,8,95.76711223747628,-0.4848540810537519,upright
281,9,18.253500060578126,0.8528381365355833,flat
281,10,167.71392232779257,0.9320787296429323,flat
282,1,44.7723818319933,0.25595896700592724,flat
282,2,107.62871559281685,-0.36242502000304316,upright
282,3,55.886502032565666,-0.02819774118712376,upright
282,4,151.31756971913288,0.6544655190799487,flat
282,5,17.740459951505425,0.8607316400510987,flat
282,6,101.39810785281321,-0.44141655827067006,upright
282,7,132.40903627037494,0.18226116361074318,upright
282,8,116.00114366982268,-0.21172251213404125,upright
282,9,34.70869016577832,0.5136682631255298,flat
282,10,160.7431110830159,0.8368438292682441,flat
283,1,63.186121591619546,-0.19477166594063788,upright
283,2,73.0686078022237,-0.3727807886417204,upright
283,3,16.57524147501315,0.877927918387819,flat
283,4,91.41352737128375,-0.49908721955527074,upright
283,5,90.60724332963255,-0.4998315173288883,upright
283,6,129.35943522850152,0.10328262504380759,upright
283,7,128.22391771243872,0.0742520837940559,upright
283,8,97.58235446547319,-0.4738833542073103,upright
283,9,38.539905988081166,0.4176951676010572,flat
283,10,146.48595587992986,0.5427098652777449,flat
284,1,38.33286999775638,0.4229737061629115,flat
284,2,54.23522936996322,0.012388250559289382,upright
284,3,33.15601832641751,0.5513165545762748,flat
284,4,69.69512407844763,-0.3193704000605237,upright
284,5,28.815698614349035,0.6515230266239971,flat
284,6,132.48006198979465,0.1841132192014019,upright
284,7,97.7474886302281,-0.4727404073864026,upright
284,8,107.690540592483,-0.36148927054286795,upright
284,9,85.93133899320839,-0.49244874930923693,upright
284,10,170.04924461732097,0.955209363710144,flat
285,1,27.46442508006995,0.6809449120050812,flat
285,2,17.695495462343334,0.8614141530101054,flat
285,3,75.77690282311268,-0.4094486135373891,upright
285,4,18.70471960820951,0.8457359105322633,flat
285,5,35.79773184368266,0.4867931214094894,flat
285,6,158.4178136024192,0.797045609567542,flat
285,7,92.58052904046166,-0.4969593262667356,upright
285,8,93.77920703596507,-0.49348345426050455,upright
285,9,18.694802627482577,0.8458935993400072,flat
285,10,156.88588205904745,0.7688405498683741,flat
286,1,20.20283726099216,0.8211055859465501,flat
286,2,58.92995429675899,-0.10048347878369657,upright
286,3,82.11802189644946,-0.4717918174686469,upright
286,4,29.081257715144833,0.6456337804502921,flat
286,5,27.271861478816078,0.6850611455098126,flat
286,6,154.975641009602,0.7316020135798127,flat
286,7,109.39180129083763,-0.3346379450699216,upright
286,8,105.05453130126685,-0.3988040634983374,upright
286,9,56.046311401584724,-0.03207872266548051,upright
286,10,153.35452690594838,0.6983138763706327,flat
287,1,31.62110782138843,0.5876648195356222,flat
287,2,95.5981141698991,-0.485725954445796,upright
287,3,15.518826507891623,0.8926214863945292,flat
287,4,78.5541688050844,-0.44093151548198833,upright
287,5,24.471526838227394,0.7426066084859175,flat
287,6,89.88057509599365,-0.49999348318838127,upright
287,7,122.40419409347713,-0.0692351142368064,upright
287,8,43.505353237687885,0.28911201112997054,flat
287,9,76.98387491957449,-0.4239103679834196,upright
287,10,136.84724167007064,0.29832716857606756,flat
288,1,31.347143165479867,0.5940536253931636,flat
288,2,79.55984851329063,-0.45074529333423824,upright
288,3,30.60768078713492,0.6111390326217951,flat
288,4,62.345066825911026,-0.1768534561796124,upright
288,5,148.58560397965894,0.5924881926153658,flat
288,6,78.70443255124637,-0.4424522496822565,upright
288,7,101.13783606230311,-0.44402806448285,upright
288,8,54.34821288568591,0.009584574223298947,upright
288,9,61.96021571065765,-0.16853078916358855,upright
288,10,78.26278310885615,-0.4379284330768809,upright
289,1,68.66554946368797,-0.30146193311290614,upright
289,2,75.40003890338937,-0.4046920548311338,upright
289,3,19.048481816718038,0.8402257903164128,flat
289,4,15.922716667241128,0.8871059277169202,flat
289,5,152.20128971430725,0.6737531118008546,flat
289,6,118.17214375414318,-0.16565089410618816,upright
289,7,83.1166131059437,-0.47845433283693195,upright
289,8,26.844248189362155,0.6941312334825458,flat
289,9,72.05233160281217,-0.3575670212055213,upright
289,10,145.68416977782408,0.5232716850766934,flat
290,1,47.11448778379629,0.19469308849164002,upright
290,2,44.34741225394671,0.26708322970587406,flat
290,3,33.640503404220055,0.5396588775296067,flat
290,4,22.251656636912855,0.7849074370787728,flat
290,5,114.60455408174006,-0.23997519362538294,upright
290,6,106.66486845791572,-0.37664172655667605,upright
290,7,128.83991337444905,0.08996921447475625,upright
290,8,45.33189278397556,0.24131126160106342,upright
290,9,64.69638051990356,-0.22597465859421073,upright
290,10,138.2583010618231,0.33511833107634414,flat
291,1,44.838190086120285,0.2542361511152884,flat
291,2,27.58795016795584,0.6782941807951526,flat
291,3,47.002939535163975,0.197605875579842,upright
291,4,18.080524632106734,0.8555212227645792,flat
291,5,138.5669411364727,0.34314120831356476,flat
291,6,144.217949029959,0.4871826123284809,flat
291,7,141.9802766444459,0.43094036048409334,flat
291,8,57.19496315231978,-0.05970823085860322,upright
291,9,27.831373204703596,0.6730472928157316,flat
291,10,46.85585974576449,0.20144768179882033,upright
292,1,52.41227432135774,0.05810501916571775,upright
292,2,48.83126203831288,0.14999651781736867,upright
292,3,25.087441675546287,0.7303348217885239,flat
292,4,14.648842784387496,0.9040667800399416,flat
292,5,135.64439338779923,0.26686875687048506,flat
292,6,98.27466251540528,-0.46893115645780453,upright
292,7,121.438211053743,-0.09193340133076067,upright
292,8,56.1851179629519,-0.035442530578241094,upright
292,9,46.121755200366266,0.22064002153281947,upright
292,10,67.48334874409763,-0.28002174807128155,upright
293,1,52.2756946911419,0.06156381375625242,upright
293,2,45.02507915321551,0.24934342938802911,upright
293,3,12.392927664028539,0.9309107510988959,flat
293,4,21.804757312575678,0.7930429991292085,flat
293,5,117.34842588709353,-0.18342685080997356,upright
293,6,70.0256273796126,-0.3249643635368067,upright
293,7,139.36968854455634,0.3639551024775325,flat
293,8,88.68988638551001,-0.4992158697235006,upright
293,9,34.59946374931671,0.5163433457865172,flat
293,10,54.09489341222637,0.01587581674782723,upright
294,1,27.744760448710863,0.6749177169102158,flat
294,2,43.271652805975556,0.2952205798171168,flat
294,3,27.784423031487268,0.67406167456729,flat
294,4,26.651473081412366,0.698187939016103,flat
294,5,135.43703501980522,0.261441106274965,flat
294,6,38.38669342114036,0.42160229531924287,flat
294,7,113.350648462907,-0.2643514093700077,upright
294,8,116.39977111963755,-0.2034541089984231,upright
294,9,22.175162683670766,0.7863092569616033,flat
294,10,8.113912784462094,0.9701185607669793,flat
295,1,24.009100787503034,0.7516708692049621,flat
295,2,61.39485900968699,-0.15616801862932483,upright
295,3,26.151113567114265,0.70862221315917,flat
295,4,40.36556006368242,0.3708008409298844,flat
295,5,141.7343347790994,0.4246852137085395,flat
295,6,42.40947550822325,0.31772738415935486,flat
295,7,143.35254387178227,0.4655841784903514,flat
295,8,131.01992499682868,0.14613675816389227,upright
295,9,48.49811354897343,0.1586470116921641,upright
295,10,8.35069579148949,0.9683616364264995,flat
296,1,46.74718463609609,0.20428716414783787,upright
296,2,37.34788572085466,0.44795817682650796,flat
296,3,22.545868251994985,0.779480292850738,flat
296,4,101.8929994875243,-0.4362936893505256,upright
296,5,74.62450803038232,-0.39454822321186034,upright
296,6,67.60715580181449,-0.2823100408822232,upright
296,7,135.7963300650981,0.2708451876596778,flat
296,8,143.14222970047152,0.46030477463127784,flat
296,9,40.16774856458649,0.3759089970905367,flat
296,10,10.70027388761884,0.9482892455666847,flat
297,1,10.448705390066129,0.9506654458781474,flat
297,2,24.189974877941097,0.748140893900618,flat
297,3,84.37116876328528,-0.48556938586416715,upright
297,4,99.49554552924934,-0.45917689015947927,upright
297,5,137.24811077418897,0.3087950143199971,flat
297,6,99.2666069586256,-0.4611046676293114,upright
297,7,135.4473851373671,0.26171203943660326,flat
297,8,136.42213557339147,0.28721613245565814,flat
297,9,64.96517498659921,-0.23139193570902106,upright
297,10,62.224615913194995,-0.17425683478120613,upright
298,1,38.94799157922446,0.4072653339596106,flat
298,2,11.951829904335876,0.9356710559965866,flat
298,3,120.22284675755903,-0.11993621404112792,upright
298,4,28.916226474786594,0.6492976732378932,flat
298,5,142.69235714223635,0.4489741756155503,flat
298,6,93.47242816654261,-0.49449723776415766,upright
298,7,92.74278409171467,-0.4965652315092481,upright
298,8,129.55247764275938,0.10824211258393746,upright
298,9,21.82883024523996,0.7926081141935919,flat
298,10,66.40636178774106,-0.25970316922969405,upright
299,1,29.796325086256417,0.6296083015601364,flat
299,2,19.242513068992327,0.8370781150658368,flat
299,3,78.7257654156582,-0.44266660417508774,upright
299,4,10.847411139997165,0.9468744858339577,flat
299,5,131.1987984605855,0.15077652749206982,upright
299,6,124.92369600932352,-0.008391357123561871,upright
299,7,120.85050343859213,-0.10555455204638109,upright
299,8,126.92400720140286,0.04136029523552598,upright
299,9,62.90732108917313,-0.1888736950001455,upright
299,10,38.805054273533884,0.41092225903524526,flat
300,1,41.32699498769426,0.3458958137413807,flat
300,2,24.460532881357175,0.7428236057785835,flat
300,3,97.29158979247713,-0.47583734689334445,upright
300,4,35.44930294241169,0.49543066846349415,flat
300,5,99.31134713195732,-0.46073149939467006,upright
300,6,92.19377494908933,-0.49780204952720464,upright
300,7,130.59077678385898,0.13502200791676022,upright
300,8,141.73408323824484,0.42467880949098824,flat
300,9,95.94517180841639,-0.4839077929754902,upright
300,10,101.1155406400638,-0.4442491107828163,upright
301,1,34.78830219763257,0.5117160541891215,flat
301,2,29.328846261806735,0.6401124299941356,flat
301,3,71.87201077436009,-0.3547871753488685,upright
301,4,13.430011804440937,0.9190847388224381,flat
301,5,127.17955306920588,0.04779460561348725,upright
301,6,106.54589857640728,-0.3783476687344063,upright
301,7,126.21371437642321,0.023564842950597464,upright
301,8,143.71004530951484,0.47453153185287134,flat
301,9,86.80087867765528,-0.4953285032207747,upright
301,10,46.30488263227597,0.21585006397274464,upright
302,1,35.59114645720199,0.49191867917311327,flat
302,2,20.30544782696498,0.819360654328753,flat
302,3,69.65387053682053,-0.31866682436161975,upright
302,4,15.716593850456098,0.8899366504530801,flat
302,5,127.61995210107064,0.05892074312653084,upright
302,6,57.05896683234501,-0.05646211912815979,upright
302,7,145.70903394080838,0.5238777768080667,flat
302,8,139.6531478330219,0.37128419195007323,flat
302,9,114.0688608302195,-0.2505067853615587,upright
302,10,78.53983897401108,-0.4407854978961065,upright
303,1,27.58182207579972,0.678425871965898,flat
303,2,36.78021271077998,0.4622529955185999,flat
303,3,91.89350753302563,-0.49836234673398505,upright
303,4,33.502944782444196,0.5429773792114025,flat
303,5,151.34178915961706,0.6549993331511996,flat
303,6,46.46328861302039,0.21170784949111887,upright
303,7,132.46840836529364,0.18380931302888315,upright
303,8,149.4672801213671,0.6128577750816167,flat
303,9,102.55181793704546,-0.42915640876389693,upright
303,10,105.58074621303372,-0.3917841684435351,upright
304,1,35.064358438319154,0.5049311734483131,flat
304,2,71.3625224040644,-0.34680371831337864,upright
304,3,107.25555348388085,-0.3680122801252941,upright
304,4,23.822285780935793,0.7552957930434003,flat
304,5,149.18569402129012,0.6063886578691025,flat
304,6,67.42178283374682,-0.2788801538764019,upright
304,7,147.19863406002065,0.5597957557635878,flat
304,8,128.86807352005957,0.09068954450808275,upright
304,9,138.8173818676341,0.3496433332144704,flat
304,10,72.09361690893618,-0.35820009749020565,upright
305,1,42.56157552028398,0.31376074826410916,flat
305,2,48.835724316053465,0.1498807400217519,upright
305,3,116.46491195255095,-0.20209455754988853,upright
305,4,21.986992354799927,0.7897413531461444,flat
305,5,153.34835008518925,0.6981842270549476,flat
305,6,48.32142280264869,0.16324003049168234,upright
305,7,112.98619887202256,-0.2712536239722965,upright
305,8,114.56659876032401,-0.2407270683315456,upright
305,9,138.81880993501377,0.3496803883781836,flat
305,10,41.944702754209835,0.32983594848659004,flat
306,1,69.20724353506385,-0.3109744537940887,upright
306,2,22.778798145919602,0.7751439391619828,flat
306,3,82.23433682727531,-0.47261314787917236,upright
306,4,37.31360051054529,0.4488237893594278,flat
306,5,164.7917363203825,0.8967757483205403,flat
306,6,46.697233370004625,0.20559252273961925,upright
306,7,151.91108554109593,0.6674628476873732,flat
306,8,148.35914593386903,0.5872031406200593,flat
306,9,103.00335114492466,-0.42405707059788333,upright
306,10,62.53519869198295,-0.1809368506495519,upright
307,1,78.36494437915582,-0.4389894466572014,upright
307,2,61.86416384721887,-0.1664417655004919,upright
307,3,83.34670608501216,-0.47986431153584763,upright
307,4,18.907853244530948,0.8424902248825246,flat
307,5,141.65987047560188,0.4227887702862201,flat
307,6,61.19249347151896,-0.1517041547312855,upright
307,7,125.7196509834071,0.011268164665865665,upright
307,8,124.90031805209064,-0.008965834791707983,upright
307,9,145.28898364403193,0.5136112501858574,flat
307,10,49.33087922510486,0.13704923102437416,upright
308,1,79.71397102051813,-0.4521732580784755,upright
308,2,40.217766681340635,0.3746179190555299,flat
308,3,115.50325341856384,-0.22192409738149632,upright
308,4,9.798354538111221,0.95655753903842,flat
308,5,155.22688927275618,0.736625803734867,flat
308,6,80.9100068667662,-0.4625608204148648,upright
308,7,132.94778099282064,0.19631897211310356,upright
308,8,137.59343710532175,0.3178033243121505,flat
308,9,104.58409776571744,-0.4048945625766734,upright
308,10,36.900218096685556,0.4592378464789233,flat
309,1,83.24994026829579,-0.4792770752412647,upright
309,2,28.2463276756515,0.6640329063885362,flat
309,3,41.39381209521667,0.3441606445373272,flat
309,4,19.48938466630764,0.8330343247403689,flat
309,5,146.1744802184785,0.5351849739002328,flat
309,6,50.35421164192048,0.11064169656060718,upright
309,7,137.14920917178637,0.3062133995426324,flat
309,8,147.9035202545078,0.5765062954853619,flat
309,9,106.44109570348883,-0.37984148951576213,upright
309,10,80.1256045038921,-0.4558873591128289,upright
310,1,39.6989576242511,0.38799033651855486,flat
310,2,27.342591730309852,0.6835514920864374,flat
310,3,33.75641698337191,0.5368573587947414,flat
310,4,59.505339276665936,-0.11372946490505859,upright
310,5,141.6352280702061,0.42216092423952256,flat
310,6,28.754642009506178,0.652872205695584,flat
310,7,169.91302465924866,0.953987435750528,flat
310,8,154.78885782073203,0.7278431962348495,flat
310,9,82.88310364180545,-0.47697537531849377,upright
310,10,15.914503742220047,0.8872193492102567,flat
311,1,107.4431278094041,-0.36521682598932065,upright
311,2,33.66795306413539,0.53899587269997,flat
311,3,25.537254094087604,0.7212319362637789,flat
311,4,159.89522838009043,0.8227663824930183,flat
311,5,153.57514913891563,0.7029309480021,flat
311,6,18.05552483665452,0.8559071803613139,flat
311,7,172.18693486462354,0.9722798674477426,flat
311,8,154.6966934363265,0.7259809895587777,flat
311,9,153.66626808104587,0.7048300169615966,flat
311,10,16.59423039753597,0.877655930608011,flat
312,1,68.23751601087241,-0.29380575163611916,upright
312,2,47.423181217018396,0.18663688369399778,upright
312,3,13.933217142304454,0.9130297050960412,flat
312,4,149.46010879699452,0.6126934545325389,flat
312,5,148.7412810770596,0.5961089740269798,flat
312,6,40.65216271449521,0.3633896466021682,flat
312,7,173.87805769485945,0.9829403105509358,flat
312,8,142.32656853014598,0.43972503948669783,flat
312,9,136.31815921138767,0.28449715187413793,flat
312,10,27.074916352144424,0.6892507041744822,flat
313,1,63.892703593016286,-0.20952934032599335,upright
313,2,41.96280151662343,0.32936480023261006,flat
313,3,31.133908971861857,0.5990044620854458,flat
313,4,139.0282741009542,0.3551127852821854,flat
313,5,152.18084458316864,0.6733113736562859,flat
313,6,81.40428834156128,-0.4664919622696028,upright
313,7,150.84203448895067,0.6439262978233113,flat
313,8,148.16143668994616,0.582571785284888,flat
313,9,163.3730884866999,0.8771871770863984,flat
313,10,37.074489601238,0.45485273179202523,flat
314,1,51.355747231559775,0.08496856900963068,upright
314,2,60.73278112431037,-0.14148949187315268,upright
314,3,20.123250762837525,0.8224539404669273,flat
314,4,144.7712482133153,0.5008794452231198,flat
314,5,142.0075536653993,0.43163329573431397,flat
314,6,133.38523890461732,0.20774803481454518,upright
314,7,135.9103454909772,0.2738287784416962,flat
314,8,147.28078582256398,0.5617531546141756,flat
314,9,175.5223236745519,0.9908574559080827,flat
314,10,70.50425099042874,-0.3329295021629659,upright
315,1,84.6607402463025,-0.48701175116669676,upright
315,2,35.1109821186328,0.5037829077704654,flat
315,3,33.48091516017924,0.5435082022928708,flat
315,4,173.09926001776435,0.9783460886546098,flat
315,5,153.43469430806059,0.6999946694354482,flat
315,6,163.74774463809973,0.8825118574170312,flat
315,7,150.82224175948997,0.6434852612756385,flat
315,8,147.354159247761,0.5634992284596807,flat
315,9,159.18807728100845,0.8106412840007513,flat
315,10,43.65980244519607,0.2850734934424136,flat
316,1,69.70846660319836,-0.3195977030888463,upright
316,2,7.917436881554409,0.9715390665000077,flat
316,3,9.991916973913344,0.9548418134878456,flat
316,4,137.90613517773048,0.32595201747205516,flat
316,5,167.32710541874692,0.9278055465263517,flat
316,6,142.20359600501627,0.4366085994136959,flat
316,7,129.13437950210013,0.09750910413273128,upright
316,8,147.621445867361,0.5698423956490073,flat
316,9,118.6317211064578,-0.15558285468767336,upright
316,10,50.773744980154454,0.09986493814174457,upright
317,1,78.19870971487695,-0.4372585228502138,upright
317,2,8.086939526425484,0.9703155827166909,flat
317,3,45.825417161964815,0.22839361897970023,upright
317,4,139.69422970960224,0.37234543183585167,flat
317,5,145.61494643560238,0.5215832059231542,flat
317,6,154.90084579462632,0.7300992863924827,flat
317,7,119.27339797036609,-0.1413515018221691,upright
317,8,133.3055389091619,0.20566497371170067,upright
317,9,154.7144892824688,0.7263409438905364,flat
317,10,58.358035537936196,-0.08717717414469617,upright
318,1,23.949382851800674,0.7528319521334297,flat
318,2,21.900830993763144,0.7913051130180713,flat
318,3,49.862069594474725,0.12332151274176295,upright
318,4,121.96344491932963,-0.07963824688560228,upright
318,5,150.46398531594633,0.6354700604860546,flat
318,6,126.94484149302363,0.04188426075049456,upright
318,7,163.17646216471,0.874349709281232,flat
318,8,117.55136153674846,-0.17908017032795764,upright
318,9,143.95323191054726,0.4805979774464759,flat
318,10,50.708799048245275,0.10153118787078508,upright
319,1,93.08717680804514,-0.4956494047879647,upright
319,2,26.670907996068237,0.6977798729192213,flat
319,3,10.290691112051856,0.9521303607011249,flat
319,4,159.5736321774699,0.8172949898607862,flat
319,5,117.4336927772512,-0.1816031553356205,upright
319,6,172.4161016852564,0.9738727800518632,flat
319,7,144.70651979046798,0.49928183898038014,flat
319,8,125.28929584774836,0.0006148453772728546,upright
319,9,143.21034905771896,0.4620159931286867,flat
319,10,44.12743987292801,0.27284003889271435,flat
320,1,141.62604233898134,0.4219268550120763,flat
320,2,27.024044865704212,0.6903295133758132,flat
320,3,3.705104457600081,0.9937361484604763,flat
320,4,155.8615660316981,0.7491488058724605,flat
320,5,167.7405067828849,0.9323678512124207,flat
320,6,153.83079699343048,0.7082474025257282,flat
320,7,154.4823375697921,0.7216308502695645,flat
320,8,125.14363434700617,-0.002978335905746421,upright
320,9,115.4412252988198,-0.22318510764784333,upright
320,10,53.73725853084102,0.024788804872531545,upright
321,1,134.9108804644711,0.24766685977890168,upright
321,2,66.70026206286411,-0.2653206179578033,upright
321,3,13.442589671253014,0.9189358980438689,flat
321,4,145.11801573954037,0.5094162391444266,flat
321,5,162.782619470002,0.8685779378642142,flat
321,6,165.1582930859157,0.9015811787912233,flat
321,7,143.25513173987622,0.46314032123303805,flat
321,8,118.46051315021147,-0.15934587482416585,upright
321,9,130.22212113000822,0.12549449691140357,upright
321,10,66.906242082073,-0.26922531620618545,upright
322,1,144.9649007858074,0.50565143607019,flat
322,2,30.225690277450212,0.6198714549502129,flat
322,3,45.73291972672011,0.23081429951011645,upright
322,4,116.34526863560282,-0.2045898267790175,upright
322,5,162.2725487616516,0.8609292531826902,flat
322,6,168.67852143557405,0.9421913761057792,flat
322,7,159.33120323036172,0.8131231931819636,flat
322,8,160.13905578928598,0.8268666052142635,flat
322,9,156.6998558151233,0.7653128904581465,flat
322,10,61.59214223638877,-0.16050026655806682,upright
323,1,137.30963134836978,0.310400525753593,flat
323,2,8.497121519293687,0.9672505960298392,flat
323,3,33.81620090914393,0.5354106007280743,flat
323,4,161.94144698931677,0.8558604546624438,flat
323,5,153.24451558522583,0.6960016628002808,flat
323,6,162.85605540403873,0.8696630428751169,flat
323,7,109.38939503092409,-0.33467740232454296,upright
323,8,156.0732002734318,0.7532704618599104,flat
323,9,144.78176226330837,0.5011388289434799,flat
323,10,54.31808842767511,0.010331746286898591,upright
324,1,136.97339760746246,0.30162258035818057,flat
324,2,35.92559346804326,0.48361458055879303,flat
324,3,4.408987434473387,0.9911352535007172,flat
324,4,144.7992100139231,0.5015691937853344,flat
324,5,105.1707259566232,-0.397272734666219,upright
324,6,163.9270378619102,0.8850217881250397,flat
324,7,118.91101189556873,-0.14941322786953853,upright
324,8,169.30494929390346,0.9483391293675236,flat
324,9,141.44280193092052,0.4172538928439694,flat
324,10,21.273477831129505,0.8025425666695871,flat
325,1,122.33429419238321,-0.07089008737837821,upright
325,2,37.05748715044262,0.4552808930700838,flat
325,3,25.72239945718889,0.7174512581145551,flat
325,4,176.78390818192415,0.9952788618456045,flat
325,5,90.44044116930141,-0.499911363366328,upright
325,6,141.02596419180435,0.4065985909601073,flat
325,7,137.9001631545699,0.32579647239621146,flat
325,8,174.1515329180239,0.9844252451138318,flat
325,9,143.9954962203716,0.4816506051039704,flat
325,10,31.00593154140971,0.6019665539150543,flat
326,1,137.73741503695607,0.3215563507333834,flat
326,2,40.234409945900396,0.37418823522209665,flat
326,3,30.738136941215522,0.6081419773837535,flat
326,4,115.90107061949679,-0.21378426960562535,upright
326,5,56.014305340212346,-0.031302152362241875,upright
326,6,135.93144317282827,0.2743808291034584,flat
326,7,133.09717658554223,0.20022082063233226,upright
326,8,163.5054346420555,0.8790804051177474,flat
326,9,68.57956961430347,-0.2999338482497564,upright
326,10,59.724126184500356,-0.1187279624222049,upright
327,1,166.12056147613245,0.9136866155920416,flat
327,2,43.43977770276738,0.2908263346515747,flat
327,3,34.37088731060498,0.5219288751581324,flat
327,4,127.92805465234864,0.06673157633214821,upright
327,5,18.571329884484104,0.8478509404136869,flat
327,6,143.28826750769747,0.46397190313135117,flat
327,7,145.0380224357153,0.5074502748517311,flat
327,8,165.23034860364515,0.9025132800886992,flat
327,9,57.8642452101735,-0.07558031973717588,upright
327,10,62.08957896715184,-0.1713368597247268,upright
328,1,167.54548875477678,0.9302332762183396,flat
328,2,44.44741630334019,0.264465710296079,flat
328,3,36.737296353575346,0.4633303724990816,flat
328,4,168.0056777072208,0.9352195379346293,flat
328,5,79.0702605353224,-0.446074856400577,upright
328,6,154.44671286588544,0.7209053168895778,flat
328,7,150.2853894588553,0.631451775705488,flat
328,8,170.07215190140872,0.9554132825681694,flat
328,9,131.84583597068212,0.16759091185946973,upright
328,10,51.44633104441252,0.08265604313352282,upright
329,1,167.05692199105408,0.9247474705630807,flat
329,2,18.112037303921873,0.8550340596501909,flat
329,3,12.244912092239355,0.9325261799955318,flat
329,4,136.7556005071183,0.29593275123117224,flat
329,5,71.76851908365845,-0.3531809064992771,upright
329,6,152.00481797324758,0.6694992416994645,flat
329,7,138.53428634883377,0.34229286571111983,flat
329,8,170.61799669302303,0.96013864121295,flat
329,9,100.17683099173333,-0.4531726931827529,upright
329,10,63.535450277672744,-0.20210212411035877,upright
330,1,168.73613859656973,0.9427706960225837,flat
330,2,25.554667689652064,0.7208771858059966,flat
330,3,15.387996002675786,0.8943807827337289,flat
330,4,115.45455012041369,-0.22291440550543057,upright
330,5,92.22792697939487,-0.49773311754229155,upright
330,6,158.28732528773634,0.794702958331468,flat
330,7,156.99539643634725,0.7709070755552891,flat
330,8,150.31811441535228,0.6321891788436382,flat
330,9,54.38625330016416,0.008641443872288823,upright
330,10,27.96640472692134,0.6701235460001993,flat
331,1,158.2789356138163,0.7945519516940509,flat
331,2,34.8420480051448,0.5103969809400994,flat
331,3,10.494555460056118,0.9502363881788718,flat
331,4,104.08019172099779,-0.4112224861806713,upright
331,5,66.53098318842446,-0.26209169954778566,upright
331,6,158.94568273900424,0.8064060990229254,flat
331,7,141.9242440991543,0.4295164167457335,flat
331,8,162.7802121083631,0.8685422973288623,flat
331,9,44.62065895639028,0.25993083508478554,flat
331,10,126.53469631941368,0.03159003912022407,upright
332,1,148.96140028107376,0.6012111004066616,flat
332,2,20.319307831394536,0.819124399244685,flat
332,3,10.039305887387162,0.9544168548172909,flat
332,4,114.97372222095429,-0.23261750515038143,upright
332,5,28.05497153030227,0.6682007957195579,flat
332,6,157.33359918131868,0.7772407429756922,flat
332,7,122.09149637571547,-0.0766237430389401,upright
332,8,174.73009925423312,0.9873460579854183,flat
332,9,27.16308179546531,0.6873777400394452,flat
332,10,150.8286926176383,0.6436290248118697,flat
333,1,155.97543505661324,0.7513698474180712,flat
333,2,16.636081822037855,0.8770554983510315,flat
333,3,42.97695864271438,0.30291909022773245,flat
333,4,141.3078521921082,0.41380804401885196,flat
333,5,73.02037712337825,-0.3720763357679355,upright
333,6,150.06696975772454,0.6265173452722688,flat
333,7,130.62609882113242,0.13593589270621542,upright
333,8,124.92867503461717,-0.008268982926352364,upright
333,9,37.018165065860536,0.4562708374228698,flat
333,10,109.8227007275807,-0.32750592728392475,upright
334,1,155.06657873327202,0.7334246404137499,flat
334,2,21.027587384106628,0.8068750905235176,flat
334,3,38.93444375587874,0.407612112465803,flat
334,4,124.43357834767775,-0.02039865508955968,upright
334,5,128.46348313484464,0.08035533971965203,upright
334,6,148.53413615015265,0.5912889096698273,flat
334,7,144.5606958082367,0.4956780075648646,flat
334,8,73.08294091976393,-0.3729897966939843,upright
334,9,83.2585689720029,-0.479329777677268,upright
334,10,92.529705085165,-0.49707784288357826,upright
335,1,151.15598110484882,0.6508966085962502,flat
335,2,42.46357553745726,0.3163167154698525,flat
335,3,17.65953011520328,0.8619589844686941,flat
335,4,163.73162412214464,0.882284970498957,flat
335,5,170.3101797169115,0.9575054711892212,flat
335,6,128.54748933604415,0.08249834352840413,upright
335,7,120.52536875373674,-0.11302619189997865,upright
335,8,26.858575707018428,0.6938289240531015,flat
335,9,124.67749269611738,-0.014432718375294806,upright
335,10,133.5462783316899,0.2119579869913477,upright
336,1,117.90828730388942,-0.17138307143443565,upright
336,2,42.765544949706516,0.30843860186098837,flat
336,3,8.41028678109848,0.9679117384907427,flat
336,4,117.98636362022069,-0.1696905961512848,upright
336,5,157.43410887371178,0.7791089068646921,flat
336,6,134.04469116996998,0.22499470820284073,upright
336,7,163.4090340183612,0.877702708092087,flat
336,8,23.394317626405133,0.7635187637755583,flat
336,9,88.44186644480536,-0.4988909572363457,upright
336,10,115.54739605430548,-0.2210253450131252,upright
337,1,172.16281495097638,0.9721095225756446,flat
337,2,66.72780760081581,-0.26584433755137404,upright
337,3,71.55543663198718,-0.34984894129130073,upright
337,4,142.59499783600688,0.4465155059486563,flat
337,5,150.2325395196559,0.6302598385275253,flat
337,6,121.5408158207973,-0.08954043945484336,upright
337,7,159.59762941436196,0.8177057373448036,flat
337,8,32.91743742746307,0.5570258257855014,flat
337,9,99.68940475976869,-0.45750908084190894,upright
337,10,80.44894827853159,-0.45870267402173254,upright
338,1,157.23505207646522,0.7754027562974684,flat
338,2,53.547548235830284,0.029531106403844598,upright
338,3,25.94134140512078,0.7129552688139391,flat
338,4,147.3856205966079,0.5642472876632381,flat
338,5,99.38533746579469,-0.46011055836645837,upright
338,6,108.72041289462493,-0.34548622746742774,upright
338,7,155.46673823904487,0.741386746032465,flat
338,8,20.525068775326634,0.8156013976186283,flat
338,9,111.45436596823006,-0.29932936078359845,upright
338,10,21.436761348811043,0.7996430444755032,flat
339,1,125.33713690327009,0.001796400693940603,upright
339,2,90.45492678173328,-0.49990543729711334,upright
339,3,15.547014329711144,0.8922406846172826,flat
339,4,155.04307565997172,0.7329540441787807,flat
339,5,172.0994386742871,0.9716594937214682,flat
339,6,71.26949280561074,-0.34532553086503903,upright
339,7,158.26084995662188,0.7942262671799516,flat
339,8,2.7126461900980745,0.9966402436538515,flat
339,9,148.1001933921717,0.5811339324010965,flat
339,10,22.229593066116827,0.7853121634864115,flat
340,1,110.73414715584443,-0.31199170944661136,upright
340,2,127.64878555198824,0.05965078825259984,upright
340,3,32.17313775954435,0.5746983844031839,flat
340,4,163.9736164603749,0.8856697768931103,flat
340,5,177.50108912003324,0.9971485081089153,flat
340,6,97.42741788827698,-0.4749338507705089,upright
340,7,143.73168899283476,0.47507210975997327,flat
340,8,7.934860917249872,0.9714144625075674,flat
340,9,166.50764985276072,0.9183457912078821,flat
340,10,38.299079880293014,0.4238343604154702,flat
341,1,164.3012596344071,0.8901802787513171,flat
341,2,149.88821724919922,0.6224627581719768,flat
341,3,32.9321950534706,0.5566732877058489,flat
341,4,173.43856561003685,0.9804140688367129,flat
341,5,160.18284901228859,0.8275986176377113,flat
341,6,86.48636175008868,-0.4943660161049451,upright
341,7,165.17703125350735,0.9018239702530595,flat
341,8,71.77256617966596,-0.35324386850489,upright
341,9,171.19631213255408,0.9648638016695761,flat
341,10,7.402048753435706,0.9751038384492305,flat
342,1,164.43993279176453,0.8920641368467592,flat
342,2,143.74462006127092,0.47539501798949724,flat
342,3,39.132804299812115,0.40253127294610425,flat
342,4,167.4438629539494,0.9291084286181484,flat
342,5,142.1993177595016,0.4365001154428847,flat
342,6,107.3481611174216,-0.36663543566268,upright
342,7,151.57739971026336,0.6601771980202282,flat
342,8,18.779947256742947,0.8445374006768362,flat
342,9,122.12423281139988,-0.07585203341609992,upright
342,10,32.1271568545668,0.5757830830144213,flat
343,1,169.18341978761995,0.9471724561991246,flat
343,2,29.593882275248273,0.6341697123378631,flat
343,3,33.35733415744634,0.5464827683398124,flat
343,4,171.9235161658439,0.9703917829584985,flat
343,5,161.73594205405496,0.8526736565862723,flat
343,6,82.02309871931425,-0.47111272185109554,upright
343,7,152.8286795463517,0.6872025081796376,flat
343,8,41.53410569382376,0.3405157134430419,flat
343,9,103.95346299740216,-0.4127817947109661,upright
343,10,80.78881022288061,-0.4615644857953619,upright
344,1,173.3313993600953,0.9797719748903635,flat
344,2,19.963279312320584,0.8251508010753681,flat
344,3,8.866675541716146,0.964363259813092,flat
344,4,152.42828203139567,0.6786429638954381,flat
344,5,137.87153767355298,0.32505085823716573,flat
344,6,66.06803760223535,-0.2531702428248167,upright
344,7,155.5730158916971,0.7434853382955777,flat
344,8,56.16419436707185,-0.03493589971873001,upright
344,9,8.90300471370022,0.9640729936516106,flat
344,10,99.64156692113939,-0.45792365315490025,upright
345,1,141.30540638527663,0.41374555825526715,flat
345,2,12.636424452719188,0.9282137220823807,flat
345,3,5.934727120620873,0.9839640838398538,flat
345,4,169.07591771246743,0.9461299868179851,flat
345,5,159.38801021546658,0.8141043750183763,flat
345,6,41.66234403213468,0.3371820857196537,flat
345,7,167.50924084542066,0.9298330467377045,flat
345,8,40.29803807144335,0.37254514486708623,flat
345,9,25.863700446044728,0.7145527395934104,flat
345,10,95.27990548998015,-0.4872981023474222,upright
346,1,170.50734401646858,0.9592015040520621,flat
346,2,29.255478814359925,0.6417516179083653,flat
346,3,52.54454799142386,0.05475942710243242,upright
346,4,161.18712146165342,0.844011456336107,flat
346,5,160.8690894241408,0.8388918879476479,flat
346,6,38.04167689326658,0.4303825418432028,flat
346,7,162.4391154177431,0.8634483916105937,flat
346,8,27.741223637743907,0.6749940128022454,flat
346,9,6.127814392305974,0.9829076929281495,flat
346,10,92.48760268157741,-0.49717424096685886,upright
347,1,136.66067770352933,0.2934520953078066,flat
347,2,52.80202811129926,0.04825899512843801,upright
347,3,25.040989051706706,0.7312681787949726,flat
347,4,173.68737045833728,0.9818653733112559,flat
347,5,150.3708499790405,0.6333764383528813,flat
347,6,58.548267975642744,-0.09161831373169682,upright
347,7,149.91853460953746,0.6231514628522734,flat
347,8,19.935417675100165,0.8256186719275718,flat
347,9,145.1198939249692,0.5094623743339921,flat
347,10,75.02042128900581,-0.3997862018412752,upright
348,1,140.62777336273857,0.3963889521801579,flat
348,2,85.67126997957476,-0.491454439856577,upright
348,3,16.393618598048313,0.8805154373068951,flat
348,4,156.47523755165284,0.7610244574998315,flat
348,5,137.31593697936398,0.31056506911613346,flat
348,6,79.27738099528317,-0.4480755773102894,upright
348,7,160.1687780299492,0.8273635654593046,flat
348,8,24.870504667895236,0.734682801701841,flat
348,9,112.80305873858353,-0.27469028914461746,upright
348,10,85.18523991362147,-0.4894324871818947,upright
349,1,130.0052398892663,0.11989896483562767,upright
349,2,35.60061148526654,0.4916841167941358,flat
349,3,16.57808292021753,0.8778872365047747,flat
349,4,172.44041338763455,0.9740390519971163,flat
349,5,114.53845403771444,-0.24128404418253946,upright
349,6,78.56408610932236,-0.4410324692445895,upright
349,7,163.07010806748906,0.8728026730806291,flat
349,8,23.404768861202704,0.7633193116979604,flat
349,9,98.76098185800501,-0.46520120627639244,upright
349,10,92.82236899232245,-0.49636317606491287,upright
350,1,142.95269754488066,0.45553733277976205,flat
350,2,23.53787696215521,0.760773100749319,flat
350,3,13.0013072914117,0.9240805308536946,flat
350,4,140.3975110899401,0.3904719800501095,flat
350,5,131.82777387121806,0.16712092680967927,upright
350,6,126.60539665337863,0.03336141011773197,upright
350,7,118.20935778518941,-0.16483958554795008,upright
350,8,83.98125893543751,-0.48350853380363973,upright
350,9,164.7984234191245,0.8968643644881107,flat
350,10,99.5314523578097,-0.45887042477440815,upright
351,1,141.54679986596867,0.41990688047979363,flat
351,2,13.622410832522396,0.9167938900292039,flat
351,3,51.55420854579087,0.07990420910004148,upright
351,4,165.66984581047734,0.9081089708356254,flat
351,5,137.39152644133588,0.31253732052454475,flat
351,6,100.34563017129778,-0.4516234531356336,upright
351,7,137.08552699585326,0.30455075604047455,flat
351,8,62.83430008680953,-0.18732205799401802,upright
351,9,156.83675059765525,0.767910978339623,flat
351,10,26.437265824224493,0.7026718445897404,flat
352,1,24.95624541004485,0.7329676427871943,flat
352,2,46.55755788623991,0.20924331621784564,upright
352,3,64.79748362087261,-0.2280172300939054,upright
352,4,138.02955114514816,0.3291657146560567,flat
352,5,125.30287328709095,0.0009501038877617329,upright
352,6,53.77552908706468,0.023833323341230006,upright
352,7,143.45734310158144,0.46821057774341,flat
352,8,85.1211007231378,-0.48914974977015446,upright
352,9,103.92528934176568,-0.41312669075492575,upright
352,10,17.63381765449318,0.8623479059016486,flat
353,1,27.427635674835333,0.6817328315034425,flat
353,2,56.73681423878743,-0.04874519866906807,upright
353,3,55.5134007628956,-0.019103461837859215,upright
353,4,154.69054095840372,0.7258565014313154,flat
353,5,78.03457906077719,-0.43552680363579005,upright
353,6,93.91628859331354,-0.49300288646208834,upright
353,7,125.12158851761004,-0.0035215953941784006,upright
353,8,83.48143519319798,-0.48066806320236305,upright
353,9,129.9032074531232,0.11726908940953418,upright
353,10,33.26670424209794,0.5486607058013653,flat
354,1,23.80327088743507,0.7556635522550186,flat
354,2,80.6080938786713,-0.46005520396319455,upright
354,3,61.29682591412922,-0.15400808069336158,upright
354,4,110.84679329775311,-0.3100344801379388,upright
354,5,83.01958367010798,-0.47784565784514277,upright
354,6,76.6237651162705,-0.4197196556224285,upright
354,7,132.98845038720953,0.19738101734964808,upright
354,8,14.84636837190117,0.9015207367238192,flat
354,9,109.21266328975692,-0.337564110087916,upright
354,10,27.267428655448242,0.6851556706566413,flat
355,1,54.72852937791956,0.00017478421558181356,upright
355,2,65.70727821007695,-0.2461268114687457,upright
355,3,68.15889357966874,-0.29238619378181213,upright
355,4,149.12384473010533,0.6049631076520063,flat
355,5,57.552584404941435,-0.06821083615369772,upright
355,6,65.92724373209386,-0.2504308292932722,upright
355,7,160.6602615399899,0.8354907371947853,flat
355,8,28.588527776804405,0.656533582668311,flat
355,9,113.75900116956223,-0.2565188912492063,upright
355,10,2.839373279797179,0.9963192575641655,flat
356,1,58.684979135317775,-0.09480066191650272,upright
356,2,88.14607683188058,-0.49843007868239775,upright
356,3,90.82863821719096,-0.49968627752455125,upright
356,4,152.1282670881254,0.6721743930388095,flat
356,5,78.79671817144268,-0.4433767798278164,upright
356,6,64.79487433337846,-0.22796458976666822,upright
356,7,144.19829446567906,0.48669440923287133,flat
356,8,12.267935373868054,0.9322761014575651,flat
356,9,109.5174296075256,-0.3325722005278581,upright
356,10,4.21113638408323,0.9919116031781001,flat
357,1,68.24640907717544,-0.29396606167569345,upright
357,2,130.26702851286882,0.12665400891777012,upright
357,3,114.70291820595295,-0.23802265326379313,upright
357,4,148.4045196134789,0.5882637649223812,flat
357,5,64.15405780166182,-0.21491763833054078,upright
357,6,50.689015367972814,0.10203890904401935,upright
357,7,132.50276542652702,0.18470531644197663,upright
357,8,21.694908317272283,0.7950225833462137,flat
357,9,77.01830379590183,-0.42430546117842916,upright
357,10,6.3913758012028214,0.981412004028827,flat
358,1,80.81609988075304,-0.4617899404845708,upright
358,2,95.89447054831754,-0.4841801308888184,upright
358,3,80.88402505810423,-0.46234830222999607,upright
358,4,148.33697908818505,0.5866846757626782,flat
358,5,80.47336414797905,-0.45891159841372176,upright
358,6,55.83947372803785,-0.0270540015302132,upright
358,7,137.25962570331757,0.3090955419601742,flat
358,8,52.62455490824322,0.052737831340445185,upright
358,9,94.05672715743765,-0.49249290777424587,upright
358,10,23.943612521256785,0.7529440277410788,flat
359,1,111.55343588923334,-0.2975602421152155,upright
359,2,150.30516316849122,0.6318974033465414,flat
359,3,143.94702304763055,0.4804432982339899,flat
359,4,158.74461953109244,0.8028628289848174,flat
359,5,86.84514218007455,-0.4954567501463613,upright
359,6,13.461642387404696,0.9187101912376505,flat
359,7,150.08752169429195,0.6269825817950379,flat
359,8,73.22264040820596,-0.37501874414564784,upright
359,9,54.74523957842441,-0.00023766187416285334,upright
359,10,34.28240199295335,0.5240864877389779,flat
360,1,111.51017525444131,-0.29833356575486947,upright
360,2,146.61624764095473,0.5458473501260195,flat
360,3,131.88717936916728,0.16866681120244775,upright
360,4,102.18500147211402,-0.43317486179894255,upright
360,5,64.6703100695656,-0.225446998568944,upright
360,6,42.68744460696394,0.31047682809977273,flat
360,7,159.66193983085742,0.8188045383122105,flat
360,8,60.38272101084577,-0.13364351725159507,upright
360,9,80.18661727453677,-0.4564254840480154,upright
360,10,52.04439017922841,0.06743118468762699,upright
361,1,93.72760121881466,-0.4936599591335321,upright
361,2,137.92697270719145,0.3264947180568317,flat
361,3,106.89522471484536,-0.3733078895240839,upright
361,4,101.06126327348682,-0.4447854815197725,upright
361,5,71.4956939610436,-0.3489087820567862,upright
361,6,14.577310539148835,0.9049811454638081,flat
361,7,154.16951222336087,0.71523505237796,flat
361,8,44.10993321495997,0.273298145257582,flat
361,9,130.83225920264692,0.14127328182862164,upright
361,10,21.557513031338924,0.7974872950379517,flat
362,1,78.15889695963881,-0.43684053430834746,upright
362,2,141.2846598899422,0.41321547637252587,flat
362,3,107.61696033969531,-0.36260261850932096,upright
362,4,138.42493296199854,0.3394510942159227,flat
362,5,50.118833257509664,0.1167012123776382,upright
362,6,37.26116524188513,0.4501470925075479,flat
362,7,153.49576460684568,0.701272707862564,flat
362,8,53.90579919545028,0.020583971233523624,upright
362,9,109.78591549082077,-0.3281199005915277,upright
362,10,18.278031688720034,0.8524558355685417,flat
363,1,72.25505074025673,-0.3606634145088605,upright
363,2,172.62081776074405,0.9752565698940154,flat
363,3,107.08826142900888,-0.3704831153192489,upright
363,4,150.1005028902428,0.6272763386417961,flat
363,5,59.771245435525266,-0.11980166396957181,upright
363,6,41.31675846408121,0.3461615995237475,flat
363,7,150.52876287243632,0.6369238171357465,flat
363,8,79.97110032719048,-0.45451033743758756,upright
363,9,120.9464926817217,-0.10333990637114121,upright
363,10,41.29675826117044,0.3466808584824872,flat
364,1,29.04475309114876,0.6464453623305635,flat
364,2,131.78946948682702,0.1661243364203786,upright
364,3,89.14393775293327,-0.4996651699969864,upright
364,4,152.75849415625004,0.6857082377881321,flat
364,5,51.712602399062064,0.07586814122705321,upright
364,6,44.599260539941255,0.26049099238289697,flat
364,7,110.5638582765872,-0.3149339765621686,upright
364,8,14.724127824665059,0.9031000399274827,flat
364,9,139.23757976079432,0.3605354584506525,flat
364,10,4.368232735822791,0.9912980633460928,flat
365,1,87.12320463356129,-0.49622167812504187,upright
365,2,134.44844229193174,0.2355611450350621,upright
365,3,127.19064111480178,0.048074155989033085,upright
365,4,150.50744926629744,0.6364457090334192,flat
365,5,65.18975295642845,-0.23588559912926077,upright
365,6,75.91937148441527,-0.4112170893346281,upright
365,7,50.61613277863222,0.10390994823717992,upright
365,8,26.589164163263717,0.6994948194539172,flat
365,9,142.90605383924054,0.45436268182268746,flat
365,10,38.640565688104175,0.41512559131130655,flat
366,1,120.31238734185833,-0.11789524629156439,upright
366,2,137.5067984762098,0.3155441116277453,flat
366,3,85.15906200512002,-0.4893175377116192,upright
366,4,138.18577349107738,0.33323156086188965,flat
366,5,67.48320821108435,-0.28001914500436115,upright
366,6,43.01031127166366,0.3020480610450237,flat
366,7,134.76376289423692,0.24381539712662958,upright
366,8,44.608702682589794,0.2602438212857753,flat
366,9,105.97072806687338,-0.3864418369831208,upright
366,10,24.235570065456177,0.7472479097063331,flat
367,1,122.69473446812778,-0.062335928302388266,upright
367,2,130.4138586678874,0.13044727511651288,upright
367,3,130.1066525423794,0.12251450081171311,upright
367,4,153.97418178933444,0.711213287471349,flat
367,5,49.998959312133586,0.11979069806539411,upright
367,6,84.67576730027419,-0.4870845474511327,upright
367,7,152.26364892570265,0.675099112863851,flat
367,8,35.20352634302518,0.5015017051861581,flat
367,9,107.7647027158403,-0.3603630363885008,upright
367,10,3.304167821273583,0.9950170251433523,flat
368,1,124.4661486926521,-0.019603136783425124,upright
368,2,163.1237435485763,0.8735839337991524,flat
368,3,116.61883094136137,-0.19887284698224195,upright
368,4,113.83747056268271,-0.25500195056771324,upright
368,5,32.668416403448504,0.5629622122041895,flat
368,6,126.3692581556628,0.02745026355616298,upright
368,7,143.15179274113012,0.4605450786389115,flat
368,8,50.82227522476079,0.0986203517455253,upright
368,9,135.66747289525753,0.2674728185738693,flat
368,10,21.21614375796436,0.8035564286348795,flat
369,1,111.44220479450182,-0.299546073904951,upright
369,2,124.85799503315354,-0.01000541950575251,upright
369,3,131.52538377186903,0.15925762041131042,upright
369,4,69.26849761134872,-0.31203755805649613,upright
369,5,35.33319870973518,0.49830088910023707,flat
369,6,117.28338958818712,-0.18481527232616335,upright
369,7,32.47903041207664,0.5674611584882658,flat
369,8,43.130175136925075,0.29891715143838915,flat
369,9,107.77357007102425,-0.36022810183140813,upright
369,10,25.802459800390615,0.7158103656519434,flat
370,1,119.1015381442911,-0.14518262212909194,upright
370,2,144.39531598561547,0.49158318323524497,flat
370,3,81.01905930371753,-0.46344641999577607,upright
370,4,96.59247427798063,-0.4802291423195818,upright
370,5,39.89806197046441,0.3828634905550776,flat
370,6,132.31115238858285,0.1797094434342552,upright
370,7,44.84383535493075,0.2540883605996178,flat
370,8,83.93522629136473,-0.48325625488325097,upright
370,9,127.71722292416408,0.06138435077966875,upright
370,10,41.37497320775946,0.3446499226631663,flat
371,1,96.04902549125923,-0.4833427750548487,upright
371,2,130.3733735141471,0.12940104840301692,upright
371,3,85.8853054919429,-0.49227720598930014,upright
371,4,93.28062903573945,-0.49508769203060343,upright
371,5,30.245522285705874,0.6194196941317438,flat
371,6,137.25097639503366,0.3088698049249089,flat
371,7,32.10345619498313,0.576341858634756,flat
371,8,96.86528847623337,-0.47856694144767503,upright
371,9,112.84155166440031,-0.27396973600015617,upright
371,10,23.52610255787951,0.7609987774656002,flat
372,1,53.261302235789344,0.03670480112024488,upright
372,2,142.67769704065475,0.4486041020431346,flat
372,3,139.03517997704878,0.3552917932304851,flat
372,4,152.17949018444523,0.6732821028580727,flat
372,5,63.525160123614,-0.20188714684232378,upright
372,6,157.86386348062214,0.7870229738036187,flat
372,7,32.001029111033176,0.5787541445130984,flat
372,8,88.67870295404218,-0.4992024279362522,upright
372,9,108.58071985502552,-0.34770247643034,upright
372,10,54.71002435578064,0.0006316297994481967,upright
373,1,21.418764262630653,0.7999635066865172,flat
373,2,144.90987855561,0.5042967556416698,flat
373,3,116.36837053420422,-0.204108632193998,upright
373,4,146.19989390777604,0.5358002143452985,flat
373,5,49.034246898178004,0.1447323928488352,upright
373,6,130.87983002076436,0.14250567610503095,upright
373,7,55.73720169091633,-0.024564147891736887,upright
373,8,44.78859137802181,0.25553461454679116,flat
373,9,102.97839974692522,-0.42434323903617976,upright
373,10,41.704922001242295,0.3360748578769046,flat
374,1,46.0143456361296,0.2234500416807258,upright
374,2,155.69124627583426,0.7458119714146632,flat
374,3,121.62623967827159,-0.08754484909718663,upright
374,4,152.88474329997845,0.6883942393584379,flat
374,5,40.03186987357225,0.3794143771630494,flat
374,6,163.62566072955843,0.880788617255865,flat
374,7,16.942678661480965,0.8726160977204249,flat
374,8,9.51504411367503,0.9590106076137848,flat
374,9,113.46684389936605,-0.2621332603960558,upright
374,10,33.886821371047155,0.5337000000053655,flat
375,1,51.79283519837139,0.07382573536547798,upright
375,2,152.25890789050734,0.6749968499975414,flat
375,3,103.3010446907777,-0.4206034309991751,upright
375,4,135.16102641455174,0.254215639476457,flat
375,5,21.040908519867273,0.806641423891618,flat
375,6,155.9324303750899,0.7505319601768043,flat
375,7,33.509352792770734,0.542822940038683,flat
375,8,16.56297296673208,0.8781034996369255,flat
375,9,98.65461969119512,-0.46603462483830826,upright
375,10,15.160411961162923,0.8974090937769037,flat
376,1,65.95954121029507,-0.25106030913745186,upright
376,2,167.4993115481037,0.9297232229666654,flat
376,3,117.61108037182127,-0.17779694195240892,upright
376,4,131.223467466525,0.15141672038829934,upright
376,5,10.380846309342047,0.9512971662840437,flat
376,6,166.74734799700016,0.92116978913439,flat
376,7,12.618332308751768,0.928415802448971,flat
376,8,25.94430507129027,0.7128942236235702,flat
376,9,99.92193626267581,-0.4554658360557824,upright
376,10,41.415515617993236,0.3435969164693471,flat
377,1,75.44727717170981,-0.40529449663933415,upright
377,2,147.11262806866245,0.5577437942957817,flat
377,3,106.58682337413636,-0.37776205789823114,upright
377,4,113.62348866374451,-0.2591296131528049,upright
377,5,6.746569126721763,0.9792984031431966,flat
377,6,165.80497157707265,0.9097983248616193,flat
377,7,32.74385149800998,0.5611663989328288,flat
377,8,29.997256123545274,0.6250622087969528,flat
377,9,102.87447911426263,-0.42552960380455895,upright
377,10,43.57095955392772,0.287396677826394,flat
378,1,133.30063942202207,0.20553693039316723,upright
378,2,150.79308228776952,0.6428351657743561,flat
378,3,132.83234875771038,0.19330515791462377,upright
378,4,114.52071486394047,-0.24163485367232762,upright
378,5,21.03515599813808,0.8067423438978527,flat
378,6,178.73032079564354,0.9992635166780071,flat
378,7,56.30595029345514,-0.03836530191185,upright
378,8,38.74274176796779,0.41251522107737293,flat
378,9,70.88164914451447,-0.33909545057691076,upright
378,10,46.47024288086063,0.21152602576380986,upright
379,1,110.58743794316436,-0.3145277531694543,upright
379,2,118.83066928639538,-0.15119193826040966,upright
379,3,131.89988659424506,0.1689975316309249,upright
379,4,122.2737478567188,-0.07232205872488634,upright
379,5,25.505743794350725,0.721873422665579,flat
379,6,39.17712237801822,0.40139509435990606,flat
379,7,39.72025456772327,0.387442263936566,flat
379,8,65.03364014193565,-0.2327650276672355,upright
379,9,135.19918879119632,0.2552147083420968,flat
379,10,21.658515534924927,0.7956766504055177,flat
380,1,106.2022753185316,-0.38321402415955136,upright
380,2,122.38116924245703,-0.06978046860588139,upright
380,3,142.99649419208558,0.45663978895112645,flat
380,4,124.8404360988165,-0.010436555008802362,upright
380,5,10.954418635464137,0.9458340350672567,flat
380,6,31.206360466667732,0.5973244501452817,flat
380,7,35.726700069890526,0.488556882181571,flat
380,8,119.88847788076855,-0.12752563654238203,upright
380,9,104.77838007950581,-0.40240058654271865,upright
380,10,12.836531524277985,0.9259606011703994,flat
381,1,69.35537291768975,-0.3135409278051262,upright
381,2,138.54656108585493,0.3426117666858348,flat
381,3,129.8011238204153,0.1146395793631323,upright
381,4,107.22218084640919,-0.3685068657557448,upright
381,5,4.5987929871964255,0.9903572503166127,flat
381,6,55.262792302244314,-0.012969202846993766,upright
381,7,49.149293109216046,0.14175116180018454,upright
381,8,116.77681741353236,-0.19555252426813946,upright
381,9,98.8309350855154,-0.46464770117426973,upright
381,10,14.692487229475699,0.9035068887219289,flat
382,1,63.98850789287464,-0.21150898633594373,upright
382,2,116.67164821694927,-0.19776432676153605,upright
382,3,143.08206230727677,0.4587923272348514,flat
382,4,55.313340731647756,-0.014208135400247901,upright
382,5,12.627921671106272,0.9283087276739392,flat
382,6,68.73084679501741,-0.30261911803151476,upright
382,7,45.79850438219922,0.22909791090228981,upright
382,8,95.19901437166642,-0.4876832607334048,upright
382,9,120.29287600517783,-0.11834029020960424,upright
382,10,5.028993951004584,0.9884736271408447,flat
383,1,60.60638458659849,-0.1386632198792329,upright
383,2,143.80211683452873,0.47683024193447676,flat
383,3,149.00859813247092,0.602302406478759,flat
383,4,55.71684857667244,-0.024068224692678553,upright
383,5,29.75685210045819,0.6304991957718744,flat
383,6,99.12536883472396,-0.46227132066058346,upright
383,7,7.947055487530018,0.9713270970889019,flat
383,8,104.60426292909906,-0.4046371039939808,upright
383,9,135.83978489912695,0.2719823686464631,flat
383,10,27.96211247135193,0.6702166273026169,flat
384,1,119.78981654239405,-0.12975524723300014,upright
384,2,147.16873115898323,0.5590826374313911,flat
384,3,142.8235436792314,0.4522834637991646,flat
384,4,64.00918511138468,-0.21193557227878657,upright
384,5,4.812598399280974,0.9894419517415338,flat
384,6,58.57986372179355,-0.09235449010237973,upright
384,7,24.027823905287445,0.751306390556324,flat
384,8,79.86449090768589,-0.4535482283159551,upright
384,9,75.32059206604846,-0.403674835254741,upright
384,10,33.4130863764668,0.5451415051194397,flat
385,1,93.8689447964942,-0.4931707836640588,upright
385,2,156.26379953297587,0.7569589537856145,flat
385,3,128.85196464922547,0.09027746441886397,upright
385,4,78.56355717531694,-0.44102708702130666,upright
385,5,21.05181807041134,0.8064499693340617,flat
385,6,64.6573939598416,-0.2251854335396941,upright
385,7,10.36342881959601,0.9514586764253308,flat
385,8,52.35870259789033,0.05946117436797749,upright
385,9,65.86140169751566,-0.24914559478926757,upright
385,10,72.79408048572563,-0.36874755613748433,upright
386,1,69.53787500728751,-0.316682215704903,upright
386,2,147.13333632635337,0.5582381134791261,flat
386,3,52.5899201771851,0.053612785563097565,upright
386,4,71.52552283479783,-0.349378519294581,upright
386,5,25.08117894752078,0.7304607303947037,flat
386,6,73.18992384617131,-0.3745449110284115,upright
386,7,26.211132022887334,0.7073779369142734,flat
386,8,66.66381948228026,-0.2646270080737518,upright
386,9,64.58886640180589,-0.2237960627746347,upright
386,10,99.90066540740413,-0.4556546756006226,upright
387,1,92.68186982049022,-0.4967159921503357,upright
387,2,135.56491288128575,0.2647884262010688,flat
387,3,49.496166244233976,0.13277328407099076,upright
387,4,80.63216992144167,-0.4602579116704435,upright
387,5,6.705074959015104,0.9795511066924478,flat
387,6,123.88898621029468,-0.03364753500420442,upright
387,7,32.395736537279774,0.5694354593928319,flat
387,8,87.20734527330201,-0.496439290526319,upright
387,9,104.21088544133495,-0.40960083855048157,upright
387,10,60.019040741760264,-0.12543161820521098,upright
388,1,92.45857446780592,-0.49723976436325246,upright
388,2,162.2395869066806,0.8604282905947191,flat
388,3,58.92000176168508,-0.1002531012737029,upright
388,4,102.12569054809123,-0.43381410730060443,upright
388,5,6.549423957769999,0.980485393383391,flat
388,6,136.0378312544776,0.2771644160056437,flat
388,7,99.63584011941818,-0.4579731504904747,upright
388,8,101.78747424298643,-0.4374032653508635,upright
388,9,98.308472790282,-0.46867852884099653,upright
388,10,40.96798952841368,0.3552096369015282,flat
389,1,48.055750305094314,0.17015225784982135,upright
389,2,142.21961393243694,0.43701473088861653,flat
389,3,34.96938588772686,0.5072681015765745,flat
389,4,140.52172902521806,0.3936651182200692,flat
389,5,9.864671971981736,0.955973333903235,flat
389,6,73.09094996145981,-0.3731065180424513,upright
389,7,115.51555783870106,-0.22167368961452094,upright
389,8,123.0295514330225,-0.054345551389286206,upright
389,9,121.00821934415247,-0.10191366323575485,upright
389,10,34.53951400384771,0.5178099419303264,flat
390,1,78.70105155569031,-0.44241824188923123,upright
390,2,142.24921614841807,0.43776513543232287,flat
390,3,43.06480507745208,0.30062476274714345,flat
390,4,96.57586103497346,-0.4803282257717629,upright
390,5,17.421438784847467,0.8655414122641352,flat
390,6,122.78971267276309,-0.06007356916516071,upright
390,7,111.72914404553917,-0.2944064808955815,upright
390,8,149.603739583197,0.6159802021052949,flat
390,9,102.5479313808917,-0.4291995705680687,upright
390,10,31.599253460140215,0.5881756004278049,flat
391,1,39.9375814347318,0.3818451111958161,flat
391,2,128.57859297719892,0.08329216584053012,upright
391,3,5.624728061816243,0.9855903491806894,flat
391,4,83.22710812260308,-0.4791373018202398,upright
391,5,17.62146255291373,0.8625346112033201,flat
391,6,121.35305540986147,-0.09391608302072885,upright
391,7,112.36268875439721,-0.28286589186248173,upright
391,8,136.29759866973507,0.2839594390150233,flat
391,9,111.93825382378331,-0.2906265192189919,upright
391,10,12.871451341261798,0.9255640358673476,flat
392,1,60.26744669898076,-0.13104725375090004,upright
392,2,148.82365855227204,0.5980208040733108,flat
392,3,6.584505328159489,0.9802767007777662,flat
392,4,139.6340325435827,0.3707903146567768,flat
392,5,45.150870255606236,0.24605024420206367,upright
392,6,103.4540436107901,-0.4188002451321001,upright
392,7,84.8961932559826,-0.4881290511373472,upright
392,8,135.41718146684877,0.2609213992486943,flat
392,9,132.50661457517305,0.18480570489221626,upright
392,10,25.603099467563872,0.7198896172736107,flat
393,1,59.92844315776713,-0.1233764599326651,upright
393,2,126.25443975645385,0.024581506034932477,upright
393,3,3.189791568048797,0.9953556828040626,flat
393,4,133.80623752115366,0.21875641512817368,upright
393,5,24.698507841524286,0.7381103229305344,flat
393,6,148.84292297652968,0.5984674814314319,flat
393,7,50.93826848347602,0.09564740375222103,upright
393,8,124.71458974294936,-0.013523666129838352,upright
393,9,110.01737357196339,-0.32424086179905054,upright
393,10,19.788622458182534,0.8280747517460787,flat
394,1,67.86930521951791,-0.28712241406983213,upright
394,2,128.30783209257814,0.07638854044190846,upright
394,3,20.940481923941242,0.8084000411447203,flat
394,4,111.64592076242934,-0.29590280412456,upright
394,5,22.26334865165663,0.7846928342270505,flat
394,6,139.49651068197085,0.36723562244944485,flat
394,7,44.14689667818673,0.2723308919491487,flat
394,8,179.29950388688692,0.9997757998931753,flat
394,9,108.16830822710573,-0.35416233146219106,upright
394,10,30.56095554236577,0.6122106642097784,flat
395,1,72.48798647207167,-0.3641835817125034,upright
395,2,125.23297767346496,-0.0007751822268368125,upright
395,3,6.614869216096643,0.9800951874814532,flat
395,4,114.38956612441828,-0.24422259063907492,upright
395,5,12.87453730999546,0.9255289419243857,flat
395,6,110.74137472815065,-0.31186639075954214,upright
395,7,47.25584576165828,0.19100310952437094,upright
395,8,158.32530900268134,0.7953860465500118,flat
395,9,105.4609818188313,-0.39340098718469235,upright
395,10,40.11300787329866,0.377321535171826,flat
396,1,88.0309090454657,-0.4982290489377971,upright
396,2,146.8377119924314,0.5511662367667924,flat
396,3,46.75447291015094,0.20409671380956285,upright
396,4,128.2791674120058,0.0756585704282784,upright
396,5,16.57793604235726,0.877889339553644,flat
396,6,120.55868453830959,-0.11226272457816944,upright
396,7,48.73772830428369,0.15242388852080824,upright
396,8,128.98804314890597,0.09376005629621531,upright
396,9,119.40437881625886,-0.13842219597793537,upright
396,10,56.32823360443557,-0.038903746469308054,upright
397,1,38.444695328825546,0.42012373951655213,flat
397,2,145.24158632998004,0.5124492044305433,flat
397,3,33.48940220143957,0.5433037201208004,flat
397,4,130.40398434912308,0.13019207859024795,upright
397,5,17.87854267844391,0.8586262943548215,flat
397,6,96.68625346950566,-0.47966522686696567,upright
397,7,55.00627850161478,-0.006669559349070597,upright
397,8,153.21758405326835,0.695434613497975,flat
397,9,109.79038243108558,-0.32804539482042105,upright
397,10,56.97164537182012,-0.05437418771418878,upright
398,1,50.01524048084208,0.11937095197080505,upright
398,2,149.38582681804778,0.6109900551169289,flat
398,3,62.562168565688836,-0.1815145399615427,upright
398,4,158.10904376178175,0.7914840194659505,flat
398,5,22.197097985020623,0.7859076635997437,flat
398,6,106.08047477879792,-0.3849171170553907,upright
398,7,91.49930631952498,-0.49897310129414285,upright
398,8,148.61680991246484,0.5932148028159572,flat
398,9,135.79010905138574,0.2706823843290229,flat
398,10,56.57374481453228,-0.044824532115913696,upright
399,1,55.98970464920461,-0.03070502152708071,upright
399,2,131.53865635167952,0.15960255282253177,upright
399,3,81.27038251963083,-0.4654479925635572,upright
399,4,152.38660689983394,0.6777472090048458,flat
399,5,16.46320130762552,0.8795271053384683,flat
399,6,78.51699543124911,-0.4405523702444707,upright
399,7,51.86191797984836,0.07206827086323075,upright
399,8,157.66097206210074,0.783301614961611,flat
399,9,121.97162195716265,-0.07944594461179133,upright
399,10,14.704581569427136,0.9033514684319739,flat
400,1,31.268716886722896,0.5958767445728403,flat
400,2,149.83007941620454,0.6211409031075932,flat
400,3,49.644759828239295,0.12893252034547165,upright
400,4,163.03044760141762,0.8722235699563305,flat
400,5,6.453101178957073,0.981052765978794,flat
400,6,70.76024429110174,-0.33712303536722593,upright
400,7,37.39327798346528,0.44681170408055637,flat
400,8,137.1043331169492,0.3050417833057416,flat
400,9,110.98551393681501,-0.30761231177461984,upright
400,10,7.156804165940545,0.9767177794687187,flat
401,1,33.032999785365334,0.5542630386111698,flat
401,2,136.76955942051927,0.2962975032681221,flat
401,3,44.562060674901076,0.26146477817167313,flat
401,4,148.28163722334995,0.5853893944608166,flat
401,5,44.74102156152737,0.2567799473178801,flat
401,6,66.80211452873564,-0.26725474526733456,upright
401,7,47.06302924730267,0.19603669037289673,upright
401,8,118.17247429418732,-0.16564369103933124,upright
401,9,103.7522633384372,-0.41523076232664247,upright
401,10,69.44069202909498,-0.3150123238115531,upright
402,1,66.08931208806082,-0.2535831232317941,upright
402,2,110.40536579769005,-0.31765449170113136,upright
402,3,13.822127510115006,0.914384100247305,flat
402,4,110.24669949447387,-0.3203605872937111,upright
402,5,11.194779524009347,0.9434615952478798,flat
402,6,78.52210883407048,-0.44060459274877417,upright
402,7,54.1197297385027,0.015258183965029426,upright
402,8,156.62236898196824,0.7638370704646207,flat
402,9,90.23893104143205,-0.49997391513286804,upright
402,10,16.903315304917392,0.8731900643939461,flat
403,1,37.912041883862,0.4336748999124743,flat
403,2,116.54976262722852,-0.20032013854299546,upright
403,3,9.422486326936333,0.9597970115888526,flat
403,4,116.42327901444956,-0.2029637467722682,upright
403,5,15.136350694817768,0.8977268763289787,flat
403,6,47.71208228567668,0.17910386160890934,upright
403,7,70.67229714624825,-0.33568760602919867,upright
403,8,128.25692431101038,0.07509225153234811,upright
403,9,115.49876142174234,-0.22201549250577396,upright
403,10,15.999160070244674,0.8860477244026972,flat
404,1,22.084382566591888,0.7879679211563102,flat
404,2,125.41965246495991,0.003835954897956295,upright
404,3,25.79040240338497,0.7160577233997121,flat
404,4,153.4560170433329,0.700441130047222,flat
404,5,21.585692027618897,0.7969828212821097,flat
404,6,53.54909290537963,0.02949245405453682,upright
404,7,67.86878067430183,-0.2871128295740957,upright
404,8,141.39017634599247,0.4159105719449362,flat
404,9,104.28971039205082,-0.4086161397315189,upright
404,10,33.4427617971154,0.5444271302848585,flat
405,1,20.09015051614277,0.8230134246148391,flat
405,2,107.41488208734287,-0.3656394668293909,upright
405,3,42.80357321343386,0.3074459998435737,flat
405,4,149.36375332528985,0.6104834078774937,flat
405,5,4.783282993498274,0.9895698882716168,flat
405,6,50.02312276425694,0.11916775334980334,upright
405,7,44.586772325994154,0.2608179000655606,flat
405,8,131.0162956621502,0.14604265875032063,upright
405,9,105.00736361503206,-0.3994226418875266,upright
405,10,32.76139543423093,0.560748437036636,flat
406,1,22.616858130204417,0.7781624006225576,flat
406,2,145.19989322892968,0.5114264155426127,flat
406,3,42.70636598034663,0.3099830676224582,flat
406,4,140.20467303058535,0.38550968693022136,flat
406,5,21.146200846618363,0.8047902552592365,flat
406,6,39.32444340342639,0.3976156495980958,flat
406,7,9.739345612600347,0.9570741785747754,flat
406,8,146.69413518957037,0.54771999934318,flat
406,9,101.0262868839445,-0.44512979807433917,upright
406,10,24.932884947209892,0.7334353752110987,flat
407,1,32.15211188811104,0.5751944928180872,flat
407,2,136.19035987592284,0.28115458204358057,flat
407,3,86.7427835814039,-0.49515748115331304,upright
407,4,130.17228782335675,0.12420815542453167,upright
407,5,4.219378840236895,0.9918799666712146,flat
407,6,55.03350282281969,-0.007339138030397041,upright
407,7,17.82181573967321,0.8594929233530229,flat
407,8,141.40312416772997,0.41624113019905984,flat
407,9,115.48608010857606,-0.2222734465709797,upright
407,10,15.920162041666597,0.8871412130178189,flat
408,1,24.55111502197243,0.741033545641,flat
408,2,142.84295493881797,0.45277277018348205,flat
408,3,75.42747804221818,-0.4050422100339943,upright
408,4,137.27369700006057,0.30946277516168463,flat
408,5,34.05376870332229,0.5296492900835723,flat
408,6,13.441620629641282,0.9189473698283144,flat
408,7,23.379890075406273,0.7637939878415496,flat
408,8,165.13995244827018,0.9013432681896554,flat
408,9,124.87887392937184,-0.009492639788561907,upright
408,10,104.82797066608678,-0.4017591873878942,upright
409,1,14.692085215951673,0.9035120528623686,flat
409,2,165.82580084415488,0.9100574293237076,flat
409,3,103.78480791568315,-0.4148368566873671,upright
409,4,149.74462982558782,0.6191952995534762,flat
409,5,34.07920050581721,0.5290313911167044,flat
409,6,39.324308267454406,0.3976191182456634,flat
409,7,25.255069350655752,0.7269562513596617,flat
409,8,162.15372525169718,0.8591195509621032,flat
409,9,73.25050217237555,-0.3754216226826569,upright
409,10,139.60469445762774,0.3700322088107644,flat
410,1,7.059211258730996,0.9773452260573632,flat
410,2,156.9583442118657,0.7702087542238887,flat
410,3,85.81786152436099,-0.4920224159196229,upright
410,4,127.72766534407897,0.061648958870662574,upright
410,5,17.791084194449326,0.859961417624628,flat
410,6,32.097727584878044,0.5764768849864055,flat
410,7,29.274810566020243,0.6413199535198539,flat
410,8,159.55194048408094,0.8169233625572658,flat
410,9,96.26704059529084,-0.48212531739019737,upright
410,10,114.14226831323185,-0.24907387865051872,upright
411,1,15.60109017203943,0.8915084098349206,flat
411,2,149.0711984021172,0.6037483706352909,flat
411,3,70.4676004709205,-0.33232529776242914,upright
411,4,136.58971611075384,0.2915973142577971,flat
411,5,14.782961746249057,0.9023414097067732,flat
411,6,36.34981377846833,0.473035810268686,flat
411,7,39.56185898239311,0.3915167038989634,flat
411,8,155.4266711361784,0.7405938113550676,flat
411,9,88.47641583823493,-0.49893958338029915,upright
411,10,95.81888450449499,-0.4845818656305676,upright
412,1,62.29325140119191,-0.1757373669663045,upright
412,2,176.39206313540097,0.9940599548594937,flat
412,3,62.49928930847856,-0.1801670861022302,upright
412,4,134.77172687800518,0.24402388688154142,upright
412,5,32.14589682349958,0.5753411046174954,flat
412,6,20.700565013208994,0.8125735199808946,flat
412,7,12.100750617634922,0.9340820314461278,flat
412,8,159.76561683590495,0.8205699148599153,flat
412,9,101.35823312406443,-0.441820359295957,upright
412,10,84.80453974675234,-0.48770004860086213,upright
413,1,47.827785706964846,0.1760889033343449,upright
413,2,142.79360372378116,0.45152857489574805,flat
413,3,39.114390328233995,0.4030032430908852,flat
413,4,132.01739321822294,0.17205652588528264,upright
413,5,129.3798629082325,0.10380712499689349,upright
413,6,37.53041270043303,0.44334510189920473,flat
413,7,16.793818323403624,0.8747804746162378,flat
413,8,169.1490532931398,0.9468402641973679,flat
413,9,101.22987901649047,-0.4431110631254428,upright
413,10,64.66836388722956,-0.22540759247892878,upright
414,1,42.575469113146596,0.3133983241830347,flat
414,2,148.20794925114959,0.5836627789362854,flat
414,3,50.26183120512874,0.11301881394796198,upright
414,4,138.9648043775723,0.35346729512460584,flat
414,5,130.00603252973613,0.11991940156459124,upright
414,6,64.99983810167073,-0.2320874603867592,upright
414,7,32.41604855379253,0.5689542553591755,flat
414,8,167.7487789117027,0.932457695616876,flat
414,9,83.80295339567947,-0.48252080813296994,upright
414,10,69.03136079848834,-0.3079076571817179,upright
415,1,34.85473449918976,0.5100854848263054,flat
415,2,149.44451724817003,0.61233611828274,flat
415,3,46.24297405190832,0.21746922427986504,upright
415,4,135.35878141998035,0.2593926300725604,flat
415,5,135.4472086673013,0.2617074200242131,flat
415,6,78.66189168862566,-0.442023649168289,upright
415,7,29.290458493734526,0.6409704158207084,flat
415,8,162.7812722033771,0.8685579923739759,flat
415,9,86.23609037764388,-0.4935360268710421,upright
415,10,16.19303570142515,0.8833436199862561,flat
416,1,52.57507635674571,0.0539878630952042,upright
416,2,163.4611691086787,0.8784486735179537,flat
416,3,33.42065753975518,0.5449592749670162,flat
416,4,165.5426657119844,0.9065055780973172,flat
416,5,117.28642368591268,-0.18475054894518866,upright
416,6,75.68515370402143,-0.4083010875404445,upright
416,7,27.34739783406638,0.6834488155015277,flat
416,8,160.47458268011366,0.8324404769244489,flat
416,9,81.16484731277454,-0.46461419315673647,upright
416,10,12.032947725757861,0.9348078015751562,flat
417,1,67.60044540684044,-0.2821862688829817,upright
417,2,141.253882009197,0.41242893067113284,flat
417,3,49.135814265514234,0.14210035423827927,upright
417,4,151.4596852441461,0.6575937074338853,flat
417,5,123.74944415662978,-0.037026018464308974,upright
417,6,5.262147013274392,0.9873831620175963,flat
417,7,91.1583997133973,-0.4993869389824218,upright
417,8,140.3618417754081,0.3895545762615198,flat
417,9,83.31276862780975,-0.47965930531451684,upright
417,10,25.044479070087696,0.7311980989577513,flat
418,1,108.2338799930145,-0.35314357759018333,upright
418,2,159.80271241740886,0.8211997516839729,flat
418,3,21.28517374405562,0.8023354711218622,flat
418,4,148.01542443142404,0.5791412550458981,flat
418,5,125.0839875599197,-0.004447822120017264,upright
418,6,43.61911997948333,0.2861373569313723,flat
418,7,138.42328920588764,0.33940836780346517,flat
418,8,161.60372777873556,0.8506069836485433,flat
418,9,151.93940244203506,0.6680785216724836,flat
418,10,33.67564932366489,0.538809933593569,flat
419,1,109.0380633542405,-0.340394039347737,upright
419,2,149.19559915118242,0.6066168048050673,flat
419,3,16.24096682799132,0.882670617763029,flat
419,4,144.4640635642324,0.493286367144149,flat
419,5,120.86061625615984,-0.10532141872019413,upright
419,6,21.580658825793687,0.7970729668840764,flat
419,7,98.26360743920853,-0.4690135418602406,upright
419,8,141.17961666348387,0.41053026862810627,flat
419,9,132.69720725288943,0.1897779285998129,upright
419,10,48.0658043224777,0.16989054516232094,upright
420,1,123.61799825993631,-0.04020225672892075,upright
420,2,156.3029580878805,0.7577139797981396,flat
420,3,34.85936839490564,0.5099716943744594,flat
420,4,162.5148977088914,0.8645876570521591,flat
420,5,141.9451627362194,0.4300480984638402,flat
420,6,63.57316337786727,-0.20288951038157438,upright
420,7,91.2829957004812,-0.49924798966980105,upright
420,8,60.84217068818442,-0.1439293320663369,upright
420,9,118.79139841016193,-0.15206021155856686,upright
420,10,12.686909153705594,0.9276484025079892,flat
421,1,120.30635563100684,-0.11803284485913812,upright
421,2,117.03370428006075,-0.19012477711906817,upright
421,3,31.413190808393566,0.5925162627552256,flat
421,4,176.2187286187296,0.9934763434918763,flat
421,5,173.67647249530614,0.9818029596008033,flat
421,6,61.32161077281302,-0.1545546069435773,upright
421,7,85.9454508296468,-0.4925009530115521,upright
421,8,71.33018168261785,-0.34629055546962406,upright
421,9,89.33621420547667,-0.49979868206266603,upright
421,10,5.958969274682977,0.9838332830097662,flat
422,1,110.20201758881626,-0.32111949531501155,upright
422,2,118.98381221795076,-0.1477987833701676,upright
422,3,45.02145082292771,0.24943841882145001,upright
422,4,161.2392155838354,0.8448430881878206,flat
422,5,151.28078527460724,0.6536542103608922,flat
422,6,138.84048005451513,0.3502426492012626,flat
422,7,67.28978646211355,-0.2764243677827654,upright
422,8,90.2390109465835,-0.49997389768304923,upright
422,9,71.66329271625918,-0.351539643486212,upright
422,10,8.344556816222964,0.968407807678273,flat
423,1,113.08341537546491,-0.2694206704698196,upright
423,2,107.74859686290458,-0.3606079696023533,upright
423,3,86.21744895881021,-0.4934719336836713,upright
423,4,139.75297419477067,0.3738625001041088,flat
423,5,137.57052783982294,0.3172059954766253,flat
423,6,154.74928618970097,0.7270442453181722,flat
423,7,54.65020400084489,0.002109164885660597,upright
423,8,82.87964840217874,-0.47695312830717956,upright
423,9,66.46403519780985,-0.2608097564543084,upright
423,10,24.41792095523841,0.7436639883166511,flat
424,1,95.92521899889526,-0.4840152423198354,upright
424,2,132.37485545571,0.18137001771748684,upright
424,3,77.47033759859968,-0.429402287598021,upright
424,4,151.08719418868625,0.6493734763423247,flat
424,5,159.64692074002326,0.8185481800567473,flat
424,6,165.89325623754667,0.9108941412895533,flat
424,7,39.71492770733378,0.38757935675877275,flat
424,8,77.38049274242037,-0.4284026870618703,upright
424,9,65.40907757672272,-0.2402453285670476,upright
424,10,31.6936078356851,0.5859689410737807,flat
425,1,80.168692411302,-0.4562677213089836,upright
425,2,135.18063247761796,0.25472891587149205,flat
425,3,77.62526633437011,-0.4311102994935909,upright
425,4,149.13531312237924,0.6052275651602677,flat
425,5,178.51948578568923,0.9989986762994674,flat
425,6,151.55966412620145,0.6597883955082597,flat
425,7,56.99201391875503,-0.054861470831933545,upright
425,8,110.4798123350382,-0.31637877955885074,upright
425,9,52.57426645788363,0.05400832934607769,upright
425,10,27.532781458735858,0.6794790359087921,flat
426,1,102.39615284505179,-0.43087534925316856,upright
426,2,131.3657379352455,0.15511023645289745,upright
426,3,78.47209339468024,-0.4400928470652386,upright
426,4,111.22517188414965,-0.3033969275444679,upright
426,5,157.5555386464552,0.7813572207477013,flat
426,6,132.586134572885,0.1868799019106403,upright
426,7,59.339444658037365,-0.10992520964278696,upright
426,8,105.9686941947911,-0.38647000564886097,upright
426,9,79.15688916957674,-0.4469160953003284,upright
426,10,24.314799224243675,0.7456932077034972,flat
427,1,81.0019430141617,-0.46330810465468375,upright
427,2,154.19985779225843,0.7158579175201132,flat
427,3,67.92998391506588,-0.2882299197496958,upright
427,4,156.64927858465802,0.764350019372575,flat
427,5,170.69843511520347,0.9608132391341042,flat
427,6,96.49131838021025,-0.48082864286925475,upright
427,7,31.498746294430802,0.590522119036867,flat
427,8,126.78745931753137,0.03792897117166316,upright
427,9,76.3336268022953,-0.4162662158354069,upright
427,10,16.36814908974906,0.8808762689252063,flat
428,1,86.49622702134981,-0.4943975694660702,upright
428,2,160.3921767171255,0.831078896998229,flat
428,3,53.777422462934986,0.023786062852102496,upright
428,4,164.68646017881292,0.8953760073872805,flat
428,5,169.6167765349489,0.951275103119243,flat
428,6,114.54276380519539,-0.241198785873583,upright
428,7,15.269064854572312,0.8959684063660971,flat
428,8,131.45203855240348,0.15735185261824347,upright
428,9,63.91485080294277,-0.20998743528737807,upright
428,10,35.17523776036148,0.502199294527975,flat
429,1,77.83568795359275,-0.4333981824835924,upright
429,2,170.83762326695899,0.9619673012817855,flat
429,3,75.20801954936518,-0.40222487531891743,upright
429,4,157.5580495092106,0.7814036096302379,flat
429,5,148.25439543445148,0.5847513379632194,flat
429,6,71.10661331095552,-0.342722359812505,upright
429,7,25.058737791944196,0.7309117085465726,flat
429,8,112.27186990492766,-0.2845363734854097,upright
429,9,53.34339712565884,0.034645187758215124,upright
429,10,63.78727274244346,-0.20734483779799684,upright
430,1,139.32228729979386,0.36272839330090667,flat
430,2,160.39715353708127,0.831161264693421,flat
430,3,69.10773614454801,-0.3092419733893889,upright
430,4,165.03219213311903,0.8999400366996864,flat
430,5,161.54512654343958,0.8496868794954606,flat
430,6,75.07883676119258,-0.40054856289981805,upright
430,7,9.63428916630448,0.9579865506691168,flat
430,8,131.58148817204906,0.16071581300695992,upright
430,9,34.03258813130857,0.5301637316514942,flat
430,10,41.5068106629973,0.34122503127382664,flat
431,1,117.62850508858105,-0.1774221719560236,upright
431,2,145.2726069973055,0.513209823358177,flat
431,3,71.21173372596596,-0.3444046120798049,upright
431,4,145.3730733313829,0.515671109615286,flat
431,5,158.82168350091203,0.8042241298616899,flat
431,6,79.5369680672843,-0.4505315730918731,upright
431,7,22.362398468985546,0.782871239783768,flat
431,8,140.28925460017498,0.3876869898751164,flat
431,9,24.281756896195006,0.7463420539556596,flat
431,10,40.45263434809351,0.3685504509005245,flat
432,1,128.09287802751965,0.07091884163719264,upright
432,2,157.1654955498928,0.7741017243280772,flat
432,3,70.24074917957806,-0.32856435818680163,upright
432,4,177.5136441798963,0.9971770711903025,flat
432,5,176.54277813783926,0.9945452687678675,flat
432,6,97.17643138971533,-0.47659057281165146,upright
432,7,32.508462827193355,0.5667628842803611,flat
432,8,126.00474578109876,0.018355420710151726,upright
432,9,87.52252472014962,-0.49719718799324814,upright
432,10,36.345359947543315,0.47314713343140624,flat
433,1,146.8136011364043,0.5505880361819193,flat
433,2,170.81825533685216,0.9618077203584938,flat
433,3,53.59129746526328,0.02843661551075294,upright
433,4,156.09930174545983,0.7537768997411443,flat
433,5,132.52004155029226,0.18515589886131,upright
433,6,117.86912076736793,-0.1722309138815577,upright
433,7,87.71605629860224,-0.49761775327372565,upright
433,8,136.6172938755894,0.2923181677451612,flat
433,9,66.14455219726376,-0.25465388749553036,upright
433,10,34.731925582806845,0.5130987048697195,flat
434,1,125.93164318174797,0.01653592643394597,upright
434,2,159.00435672040084,0.8074349328117911,flat
434,3,59.00878353908957,-0.10230669155652816,upright
434,4,161.9999352195153,0.856761748925776,flat
434,5,133.71379545757452,0.2163385552752367,upright
434,6,110.03605279525495,-0.32392617603891055,upright
434,7,70.48135872293749,-0.3325522220664565,upright
434,8,132.94287833466723,0.19619095079950954,upright
434,9,111.9870880395555,-0.2897396138276621,upright
434,10,6.234186025770577,0.9823115016966777,flat
435,1,115.19350972613141,-0.228198901778135,upright
435,2,161.70605610056856,0.85220762340417,flat
435,3,32.42661523858069,0.5687038607469004,flat
435,4,147.59748174380064,0.5692748141893877,flat
435,5,165.07713310054638,0.9005263672644617,flat
435,6,130.2965772053269,0.12741712388749593,upright
435,7,49.56633271461561,0.13095926111459733,upright
435,8,141.1126406060755,0.4088170384307148,flat
435,9,148.80558085666513,0.5976014998364183,flat
435,10,28.23017527120103,0.6643854350679337,flat
436,1,54.877872349609994,-0.003508311723140145,upright
436,2,155.60095345798314,0.7440358761987991,flat
436,3,67.49084464395781,-0.280160574747614,upright
436,4,161.26207660455833,0.8452074212595493,flat
436,5,166.98775287793873,0.9239549186684441,flat
436,6,126.34613721491318,0.026872293918527523,upright
436,7,53.66570601511747,0.02657629703360087,upright
436,8,137.28355059588205,0.3097199261198835,flat
436,9,104.67756809709411,-0.40369844900811125,upright
436,10,29.56950720369112,0.6347176382707258,flat
437,1,31.35621115316467,0.5938426618554733,flat
437,2,137.29600979353643,0.31004506579177593,flat
437,3,38.786835875671805,0.41138807475718564,flat
437,4,155.12471549774202,0.7345872999607883,flat
437,5,154.45038646953904,0.7209801672628857,flat
437,6,163.6051171848273,0.880497513905081,flat
437,7,50.81304438447273,0.09885704867522072,upright
437,8,172.4625072647173,0.974189703593346,flat
437,9,109.48175209747632,-0.3331599974124622,upright
437,10,16.248436901702455,0.8825655706947366,flat
438,1,64.27783062334767,-0.21745596852048577,upright
438,2,138.13135240157575,0.33181547115110166,flat
438,3,59.463798825570656,-0.11277800905148,upright
438,4,149.20566773582277,0.6068486729352065,flat
438,5,136.16461956964176,0.2804812715650128,flat
438,6,144.857543974452,0.5030073762249241,flat
438,7,54.020893260546565,0.017717102936076867,upright
438,8,137.97260551056175,0.3276830544800846,flat
438,9,61.863306469449796,-0.16642309735037591,upright
438,10,10.216234283874648,0.9528132317583373,flat
439,1,38.81318362471094,0.4107143833268474,flat
439,2,139.98667764500996,0.379892639470259,flat
439,3,64.4782966488627,-0.22154858944982758,upright
439,4,146.7915106034456,0.5500580978956116,flat
439,5,119.98390953603204,-0.12536475174748207,upright
439,6,146.17168754267917,0.5351173522685218,flat
439,7,57.650171472682096,-0.070522456091695,upright
439,8,155.2124742722681,0.7363385796013469,flat
439,9,13.700360955485946,0.9158571900069614,flat
439,10,51.40045456480951,0.0838270220620172,upright
440,1,41.96646979330151,0.3292693035296901,flat
440,2,115.00980534366684,-0.2318940328962753,upright
440,3,73.17106635790721,-0.37427142842395056,upright
440,4,132.65657319287132,0.18871762727264707,upright
440,5,119.0351827917289,-0.14665802568346697,upright
440,6,160.50595274686358,0.8329575334025847,flat
440,7,38.38511780747606,0.4216424502932179,flat
440,8,125.37278566365167,0.0026772868276025985,upright
440,9,42.21259583118475,0.32285898346996456,flat
440,10,18.97814512899023,0.8413601495601997,flat
441,1,39.47072079117561,0.39385911627778447,flat
441,2,113.0778345036451,-0.26952605618859027,upright
441,3,80.23918166113471,-0.4568865259816917,upright
441,4,158.45200324586745,0.7976575403200985,flat
441,5,122.8324248254399,-0.05905506298303098,upright
441,6,151.94057503930696,0.6681040078070559,flat
441,7,90.24929591243915,-0.49997160292758125,upright
441,8,113.05690605616118,-0.26992108036432216,upright
441,9,50.54551068542635,0.10572385818586794,upright
441,10,25.167281846937193,0.7287276706262751,flat
442,1,24.81450830107681,0.7358006110946547,flat
442,2,124.15049541440675,-0.02729801713986313,upright
442,3,111.0464499896149,-0.3065441852750367,upright
442,4,158.61965177629222,0.8006468293998781,flat
442,5,69.08240558100859,-0.30879987560788114,upright
442,6,170.66039778938588,0.9604949366962705,flat
442,7,30.85448263478087,0.605462823921417,flat
442,8,148.4838854852766,0.5901169257895762,flat
442,9,90.84454235190123,-0.49967412022498636,upright
442,10,42.74223010238613,0.30904710801101587,flat
443,1,46.66702553056692,0.20638199918053812,upright
443,2,152.45503846867737,0.6792175820576205,flat
443,3,138.90481883061994,0.3519116673539444,flat
443,4,142.88080620745862,0.4537266323371918,flat
443,5,143.4504051463407,0.46803679381764773,flat
443,6,159.83147114582326,0.8216873801062263,flat
443,7,23.142243360474627,0.7683086010565994,flat
443,8,95.0569005589508,-0.48834568247228255,upright
443,9,23.730470700833877,0.7570694900502657,flat
443,10,36.441404655594575,0.47074531188226754,flat
444,1,26.253932946390137,0.706489380386276,flat
444,2,127.37994791294373,0.05285156684496228,upright
444,3,163.2415024982698,0.8752915528884175,flat
444,4,160.49502840635165,0.8327775524805281,flat
444,5,110.14282956781668,-0.3221226456850094,upright
444,6,176.27819524290487,0.9936796337530316,flat
444,7,106.55269490684687,-0.3782505058289029,upright
444,8,105.48997235733113,-0.3930106455179779,upright
444,9,61.562102458600236,-0.15984185836431603,upright
444,10,13.500723629987123,0.9182462922647707,flat
445,1,128.6529393889754,0.08519041793577253,upright
445,2,135.88293845301038,0.27311161530618633,flat
445,3,156.0815809073182,0.753433113971137,flat
445,4,162.42861193362722,0.8632901496434908,flat
445,5,120.47931146404032,-0.11408083588193985,upright
445,6,152.8098532350673,0.6868019468970192,flat
445,7,119.4622434150193,-0.1371255004014471,upright
445,8,74.55480383529336,-0.3936132553051545,upright
445,9,65.68544203304866,-0.24569794762042496,upright
445,10,18.149236354525353,0.8544580471126433,flat
446,1,93.0445381587459,-0.4957686393168235,upright
446,2,136.43114419187773,0.28745168515322495,flat
446,3,146.64347392872625,0.5465022006905209,flat
446,4,150.96752640904927,0.6467182192851959,flat
446,5,101.31866172738584,-0.442219763508588,upright
446,6,143.18780297707536,0.4614497478879358,flat
446,7,94.37208905778525,-0.4912827220870348,upright
446,8,63.2207821955912,-0.1955019716926858,upright
446,9,94.93285190665418,-0.48890904741825253,upright
446,10,13.681171520509366,0.9160882405848172,flat
447,1,139.41617486905446,0.3651578312086474,flat
447,2,157.3837097646031,0.7781729561900939,flat
447,3,158.82037593323875,0.8042010656770775,flat
447,4,162.05751618744745,0.8576465918629197,flat
447,5,150.50911703019156,0.6364831281313967,flat
447,6,150.0122381893171,0.6252774360239333,flat
447,7,90.06772532827411,-0.4999979042087175,upright
447,8,117.11051712023988,-0.18849491034517918,upright
447,9,106.61691814419379,-0.3773306011723964,upright
447,10,28.83731144679243,0.651045006487387,flat
448,1,110.27189702106027,-0.3199320033186847,upright
448,2,132.78886464800297,0.1921700696153258,upright
448,3,115.58174241973491,-0.22032527283837205,upright
448,4,112.80507000273337,-0.27465266352203443,upright
448,5,165.05782062092575,0.9002745995369055,flat
448,6,126.16190529920053,0.02227214952191625,upright
448,7,134.0631349563789,0.22547730210859485,upright
448,8,55.06110390925682,-0.008017745955513855,upright
448,9,108.13021521877337,-0.3547527092432836,upright
448,10,9.494519525523808,0.9591856307488376,flat
449,1,133.3492872948125,0.2068083521548546,upright
449,2,132.8448778200725,0.19363223489187797,upright
449,3,123.8519043204304,-0.03454599269465125,upright
449,4,123.7894474557108,-0.03605818254367327,upright
449,5,153.25755404556233,0.696276048862553,flat
449,6,129.1657730826639,0.09831391015523461,upright
449,7,89.15102654439417,-0.4996706918846793,upright
449,8,150.0277748380722,0.6256295484509033,flat
449,9,129.6808851884835,0.11154463276331128,upright
449,10,53.987730858145824,0.018542759936450492,upright
450,1,96.26159034548206,-0.4821562701614101,upright
450,2,131.00464721822138,0.14574065551672488,upright
450,3,156.70763989868,0.7654609384880657,flat
450,4,106.66458155009559,-0.3766458536191939,upright
450,5,156.93650685877725,0.7697967791320186,flat
450,6,132.7828947146086,0.1920142436865231,upright
450,7,109.01563773187749,-0.34075592852283576,upright
450,8,121.7898426354076,-0.08371455036237102,upright
450,9,109.65063029494996,-0.33036970568393126,upright
450,10,24.135261683733983,0.7492107889640445,flat
451,1,126.9047953341052,0.040877230162335465,upright
451,2,156.6901865802435,0.7651289351384574,flat
451,3,130.41757433640436,0.13054330827624805,upright
451,4,122.94329872392063,-0.05640798361889454,upright
451,5,138.28549016886768,0.33582550280246437,flat
451,6,150.530070228736,0.6369531368627244,flat
451,7,158.40094953093424,0.7967434871906867,flat
451,8,125.64259903296784,0.009356736594237969,upright
451,9,128.08251306861845,0.0706553483024146,upright
451,10,44.03087649209299,0.2753667552295713,flat
452,1,103.42234301011035,-0.41917542457107065,upright
452,2,100.49998417358945,-0.4501854683569851,upright
452,3,131.70004833342864,0.16379839411079766,upright
452,4,102.33016494124482,-0.4315979600815846,upright
452,5,166.3085437097775,0.9159644438733201,flat
452,6,149.7433099730082,0.6191652219980814,flat
452,7,160.63793336540704,0.8351252370845839,flat
452,8,61.5587605755561,-0.15976858351038825,upright
452,9,118.30895709409074,-0.16266476625628545,upright
452,10,26.63050567670697,0.698627950795865,flat
453,1,91.32187934435136,-0.4992017249227288,upright
453,2,114.10730238786816,-0.24975681927830623,upright
453,3,111.75999390703278,-0.29385064415434403,upright
453,4,118.32592110398365,-0.162293847595386,upright
453,5,151.6013069561061,0.6607010479455946,flat
453,6,134.68666052115051,0.2417969551855439,upright
453,7,158.53665217091458,0.7991692397231149,flat
453,8,51.88367785477296,0.07151491390267906,upright
453,9,95.21980504498708,-0.48758482858738206,upright
453,10,29.001540448155076,0.6474052468057212,flat
454,1,151.94609254513898,0.6682239201361186,flat
454,2,64.6384766480938,-0.22480216343162895,upright
454,3,147.22735228125046,0.5604803043611946,flat
454,4,82.85439289961019,-0.476790196340328,upright
454,5,169.32033964655594,0.9484859793771669,flat
454,6,141.26756689472649,0.41277867866301854,flat
454,7,142.02157761272687,0.4319894907997781,flat
454,8,77.3895630443953,-0.42850390486842826,upright
454,9,46.51698545246153,0.2103039710533331,upright
454,10,68.87210963917448,-0.30511271515001215,upright
455,1,127.54692019684965,0.057072488255667686,upright
455,2,86.72879680989286,-0.495115848758644,upright
455,3,139.8210511351032,0.3756199258198958,flat
455,4,68.86990499258123,-0.30507390185613303,upright
455,5,136.33141050924303,0.28484369916476404,flat
455,6,137.01651885722788,0.30274875580037586,flat
455,7,134.62865428060857,0.24027846404753594,upright
455,8,71.05445265574568,-0.3418846638596652,upright
455,9,35.099972232857944,0.5040541241496717,flat
455,10,57.18891424449737,-0.059563996558355536,upright
456,1,150.27624674900935,0.6312456707597311,flat
456,2,74.29486447826262,-0.390093039153058,upright
456,3,151.162611071764,0.6510432923868148,flat
456,4,81.26973910475624,-0.4654429385568556,upright
456,5,141.44947114591588,0.41742409105268075,flat
456,6,103.92891832431953,-0.41308230148192815,upright
456,7,112.01461404539845,-0.28923900737818237,upright
456,8,15.749100504006659,0.8894924271384457,flat
456,9,27.23651665376341,0.6858145457588329,flat
456,10,62.015334290415524,-0.16972743529019113,upright
457,1,157.42535868486019,0.7789465264439255,flat
457,2,104.64312687938906,-0.4041399939388707,upright
457,3,148.24107769336592,0.5844392999674639,flat
457,4,42.147589989962604,0.32455259399585923,flat
457,5,144.9694356661128,0.5057630455551645,flat
457,6,143.17808869720434,0.46120573317397395,flat
457,7,136.3557880367553,0.2854811995402784,flat
457,8,29.42823376154101,0.6378878189848831,flat
457,9,10.889232982979337,0.9464690020840134,flat
457,10,28.593242938326668,0.6564298421884507,flat
458,1,145.03699676709317,0.5074250543266361,flat
458,2,89.64226252525552,-0.4999415251354156,upright
458,3,165.73054582849346,0.9088696612807967,flat
458,4,112.90961222572653,-0.27269338896308604,upright
458,5,171.3442847398277,0.9660260906139313,flat
458,6,153.68878510891486,0.7052986006595585,flat
458,7,108.5243970788149,-0.34859202767809927,upright
458,8,15.436277865228938,0.893733092406104,flat
458,9,24.7762896263207,0.7365624736001375,flat
458,10,45.4536713065097,0.23812340939088505,upright
459,1,166.44112032319373,0.9175536711383832,flat
459,2,17.41722031278713,0.8656045026688592,flat
459,3,145.71611378023798,0.5240503180822225,flat
459,4,139.00431903090643,0.354491796089512,flat
459,5,147.72720767993073,0.5723446464404538,flat
459,6,145.31634485765125,0.5142817401091586,flat
459,7,111.24987996478882,-0.30296012565474917,upright
459,8,40.07713318430953,0.3782469998914957,flat
459,9,46.47254693613785,0.2114657852820616,upright
459,10,55.183776932860155,-0.011030912214434307,upright
460,1,149.18788042085774,0.606439021334479,flat
460,2,13.225757259169868,0.9214837207565187,flat
460,3,76.95262305789353,-0.4235508902776894,upright
460,4,95.0055383005266,-0.4885806232964381,upright
460,5,138.6308202428413,0.34480038026412485,flat
460,6,99.37019038763941,-0.460238061277369,upright
460,7,139.94324215068346,0.3787725360013421,flat
460,8,12.03237516379464,0.9348139140180809,flat
460,9,15.269039420251488,0.8959687447016229,flat
460,10,73.95212137022558,-0.38537095175965586,upright
461,1,138.73426341769954,0.3474861712245274,flat
461,2,6.32568964973432,0.9817905641927995,flat
461,3,40.334913856327894,0.37159261193010573,flat
461,4,97.45334476859442,-0.4747595385028164,upright
461,5,147.54388858292933,0.5680046719600054,flat
461,6,135.27688330886448,0.2572486752203571,flat
461,7,86.19485531109234,-0.4933938298999857,upright
461,8,38.16587776316083,0.4272247298499521,flat
461,9,26.220637781610176,0.7071806834072354,flat
461,10,59.369876126829276,-0.11062396443830957,upright
462,1,156.20241777016818,0.7557735309497364,flat
462,2,27.45319496047859,0.6811855031422756,flat
462,3,54.60315077612627,0.0032721175452535833,upright
462,4,59.40938290195804,-0.11153049549464655,upright
462,5,131.60155066363302,0.16123733460498102,upright
462,6,97.6122384937553,-0.4736782986083549,upright
462,7,112.37659536246025,-0.28260962666652834,upright
462,8,90.18939852901721,-0.49998360929568625,upright
462,9,38.370047990431765,0.42202648272936616,flat
462,10,103.82918543433378,-0.41429834763212864,upright
463,1,144.20153878391514,0.48677500309388266,flat
463,2,25.67892554508058,0.7183407575656531,flat
463,3,56.0838736526824,-0.03298965491050354,upright
463,4,91.34340720883992,-0.49917551690331996,upright
463,5,151.15758963633874,0.6509321983028853,flat
463,6,113.09631240692015,-0.2691770555281108,upright
463,7,142.3450532298711,0.4401931884897322,flat
463,8,130.6513897775839,0.13659035059834668,upright
463,9,7.920623116952886,0.971516300809288,flat
463,10,114.18199202794555,-0.2482971087080369,upright
464,1,159.08786753730655,0.8088952408333008,flat
464,2,118.12865160830725,-0.16659818381466185,upright
464,3,74.10241454152745,-0.3874528276953314,upright
464,4,54.23608287787559,0.012367056923875963,upright
464,5,143.08466872488444,0.4588578647369481,flat
464,6,137.82697666567557,0.3238900190861175,flat
464,7,152.26753128168193,0.6751828455777362,flat
464,8,141.95960522944017,0.43041512228497336,flat
464,9,15.262850288161383,0.8960510593921596,flat
464,10,97.94103904477394,-0.4713702169558571,upright
465,1,166.10911088365808,0.9135469415082806,flat
465,2,111.66521510307649,-0.2955563089284791,upright
465,3,100.67768692191574,-0.44850479467278376,upright
465,4,64.05290455403933,-0.21283674333982994,upright
465,5,121.18786578626235,-0.09775351808763588,upright
465,6,148.7421283694891,0.5961286527229921,flat
465,7,163.22933737959175,0.8751156357200607,flat
465,8,139.26337904825817,0.3612034615767574,flat
465,9,40.008691642122734,0.3800120375459619,flat
465,10,95.62380352319904,-0.485595070609526,upright
466,1,141.62248771179708,0.421836271867014,flat
466,2,102.91359980489314,-0.4250840418939703,upright
466,3,135.1238592676727,0.2532426179427678,flat
466,4,134.1372381369658,0.22741636141478572,upright
466,5,140.43324608081926,0.3913908546435141,flat
466,6,127.44296852927243,0.0544438968497416,upright
466,7,139.75218666390958,0.37384216565771555,flat
466,8,148.57268242584027,0.592187203469404,flat
466,9,33.918628599597255,0.5329289872258622,flat
466,10,131.78593421698972,0.16603236450856151,upright
467,1,147.78128851696155,0.5736224658845308,flat
467,2,115.4368936170138,-0.22327308644618749,upright
467,3,102.38087070368077,-0.431043020300538,upright
467,4,130.32806635853615,0.12823049608967485,upright
467,5,129.8007867487141,0.11463089976734209,upright
467,6,117.50086316282734,-0.18016381623876354,upright
467,7,177.3519985600853,0.9967983548517276,flat
467,8,144.28897500338118,0.4889459063278796,flat
467,9,21.22568269344749,0.8033879013666183,flat
467,10,171.51869286982864,0.9673714946128693,flat
468,1,145.12573177613604,0.5096057664564808,flat
468,2,109.73123801334015,-0.32903074718158454,upright
468,3,84.72066483377017,-0.4873008384914029,upright
468,4,126.81115565725793,0.038524095306115114,upright
468,5,116.38811729873503,-0.20369708834366385,upright
468,6,132.64010234951166,0.18828787363643185,upright
468,7,171.0343288304268,0.9635695968537121,flat
468,8,173.35362335735013,0.979905971095762,flat
468,9,26.093924297519763,0.7098059631573559,flat
468,10,156.47630616287879,0.7610449341088552,flat
469,1,158.3557949368094,0.7959336033256137,flat
469,2,114.96858797003466,-0.23272038548884544,upright
469,3,52.644967997851815,0.05222228396909201,upright
469,4,83.44779814096513,-0.4804689080925258,upright
469,5,139.8607134862541,0.37664349437674316,flat
469,6,125.57711003224823,0.0077335186908841225,upright
469,7,167.86734569019424,0.9337392045864963,flat
469,8,119.78735313291334,-0.12981085937805714,upright
469,9,28.391180307324802,0.6608656062095486,flat
469,10,171.5567901476434,0.9676618447497378,flat
470,1,158.29429785744566,0.7948284228132152,flat
470,2,133.5223516552967,0.21133240772473427,upright
470,3,45.827184387047296,0.22834737237906422,upright
470,4,68.38705875000717,-0.2964944894554806,upright
470,5,136.13006717251812,0.2795774173496042,flat
470,6,104.35483534463121,-0.4077988223837554,upright
470,7,138.56927605466387,0.3432018628074034,flat
470,8,96.10270259230126,-0.4830469654411143,upright
470,9,41.3921399378813,0.3442040749728996,flat
470,10,136.5534616795689,0.2906496033849114,flat
471,1,168.3930555928708,0.9392798639134234,flat
471,2,132.19671894532348,0.17672733780615846,upright
471,3,61.9093913113709,-0.1674259983328117,upright
471,4,111.68454861954483,-0.29520886197860363,upright
471,5,148.93855604391496,0.600682554689205,flat
471,6,151.76958740327325,0.6643802563555778,flat
471,7,166.4048897168216,0.9171207844939591,flat
471,8,116.06137191958744,-0.21047894069974438,upright
471,9,28.24366553256009,0.6640910171274834,flat
471,10,167.76304028767672,0.9326124562057589,flat
472,1,164.87899421268102,0.8979293013659251,flat
472,2,124.43899835640975,-0.020266297648792064,upright
472,3,87.32791730646304,-0.49673990016513964,upright
472,4,106.27735111201406,-0.38215856251112335,upright
472,5,119.37391874331644,-0.13910414353344186,upright
472,6,136.69394796692993,0.2943216162202642,flat
472,7,176.383890187347,0.9940330485582949,flat
472,8,103.7830805687736,-0.4148577853210305,upright
472,9,33.71492223313878,0.5378607886994251,flat
472,10,154.19730210886294,0.7158054803844627,flat
473,1,173.71729380303083,0.9820362025899554,flat
473,2,89.15067570512346,-0.49967041967445563,upright
473,3,127.72388172616613,0.061553080125124504,upright
473,4,88.26136721385767,-0.49861920750076044,upright
473,5,129.02437432903668,0.09469046227480005,upright
473,6,144.1947657366144,0.4866067467224642,flat
473,7,164.7800705928197,0.8966210719452457,flat
473,8,101.78646410741432,-0.43741384167213165,upright
473,9,60.50180955334075,-0.13631916285191564,upright
473,10,166.8603330976661,0.9224846386062211,flat
474,1,147.75302494332215,0.5729547990899948,flat
474,2,70.61456783355698,-0.3347423754049151,upright
474,3,129.9911292165202,0.1195351646240067,upright
474,4,82.20363904486372,-0.47239753925387606,upright
474,5,117.99435770791216,-0.169517130638152,upright
474,6,129.955758888467,0.11862338902054925,upright
474,7,148.44219089008263,0.5891436984912977,flat
474,8,131.42460132831164,0.1566390920619215,upright
474,9,28.352183812070514,0.6617193274683824,flat
474,10,159.0040708465864,0.8074299257501021,flat
475,1,174.1369729705872,0.9843478720730969,flat
475,2,13.005034895310331,0.9240377411878042,flat
475,3,134.86130843053937,0.24636907738567704,upright
475,4,98.98594553149752,-0.4634060026751092,upright
475,5,136.5803055341154,0.29135132292292987,flat
475,6,128.0622838210261,0.07014115710045399,upright
475,7,164.14713802666918,0.8880689572443072,flat
475,8,130.19294705658768,0.12474138389906497,upright
475,9,14.642223688678461,0.9041515603479839,flat
475,10,167.7541807598129,0.9325163349095473,flat
476,1,148.6436548137687,0.5938395433649946,flat
476,2,36.577005012000164,0.4673500912146019,flat
476,3,150.3819849476165,0.6336269589418617,flat
476,4,95.51389636925418,-0.4861508834972887,upright
476,5,130.69856176511323,0.13781126301215563,upright
476,6,144.72518476366602,0.4997426528169251,flat
476,7,149.88155626864767,0.6223113880079278,flat
476,8,122.4080686226884,-0.06914332391992256,upright
476,9,45.75709690762353,0.2301815564341665,upright
476,10,147.34374216248662,0.5632514571591565,flat
477,1,155.10880705035632,0.734269349867112,flat
477,2,36.922600145080494,0.4586750871135282,flat
477,3,140.56148980799037,0.3946866385302261,flat
477,4,120.42747243425174,-0.11526674738940124,upright
477,5,116.02263392530767,-0.2112790228904357,upright
477,6,151.25055310597742,0.6529869187298247,flat
477,7,138.49693387525627,0.34132233439997584,flat
477,8,100.66240538459468,-0.4486503812735674,upright
477,9,8.739723801385484,0.9653685659977489,flat
477,10,159.37742171343425,0.8139216563231657,flat
478,1,169.1943253150827,0.9472776610833731,flat
478,2,35.99162347840281,0.4819712995430677,flat
478,3,89.23931624164439,-0.4997356198988333,upright
478,4,117.6969273191336,-0.17594902156716435,upright
478,5,81.0288552074733,-0.46352546531077665,upright
478,6,114.10144626222448,-0.24987112605017614,upright
478,7,146.3021026737127,0.5382723119736204,flat
478,8,87.965093810559,-0.4981087359401954,upright
478,9,13.95144259676172,0.9128065493764483,flat
478,10,155.2293493798424,0.7366748099585432,flat
479,1,175.45335506309425,0.9905742418531467,flat
479,2,57.2883739630973,-0.061933825267673936,upright
479,3,126.74003416614657,0.03673834357959349,upright
479,4,78.20506491800876,-0.4373251224088792,upright
479,5,81.62706645556516,-0.468194110061137,upright
479,6,127.58809798167783,0.05811444161683044,upright
479,7,124.7080185557725,-0.013684723391170883,upright
479,8,102.13219787212564,-0.43374411529980694,upright
479,9,12.512873525315577,0.929588337420115,flat
479,10,115.51291167587303,-0.22172754913024018,upright
480,1,161.33357750294687,0.8463444739943631,flat
480,2,62.227786221605704,-0.17432527503240902,upright
480,3,118.6881439709356,-0.1543395430399606,upright
480,4,111.74584288092413,-0.29410568830922335,upright
480,5,109.61072680048552,-0.3310308349085597,upright
480,6,134.39832514429247,0.23424934711096979,upright
480,7,130.83729124195682,0.1414036303278472,upright
480,8,67.22330255807482,-0.27518320261693496,upright
480,9,16.938000744621768,0.8726843691314878,flat
480,10,129.53263696779018,0.10773208161670167,upright
481,1,175.74778166280674,0.991753311128305,flat
481,2,47.7388341111395,0.17840666755559587,upright
481,3,102.85154077660135,-0.4257902723180975,upright
481,4,102.18389419972887,-0.4331868226705211,upright
481,5,115.46426909091633,-0.22271689396850258,upright
481,6,143.8102377476441,0.47703288117709564,flat
481,7,120.68116312977672,-0.10945179145821599,upright
481,8,22.84290109565616,0.7739444586835964,flat
481,9,4.989837885457289,0.9886519662642528,flat
481,10,165.19990415714435,0.9021199577460446,flat
482,1,158.21243600650106,0.7933533670137227,flat
482,2,53.78821250005852,0.023516751978524986,upright
482,3,120.80751982037009,-0.10654496947587577,upright
482,4,86.9168734837675,-0.49566080201069473,upright
482,5,108.2402472305057,-0.3530444847865046,upright
482,6,134.81051908683025,0.24503943746150902,upright
482,7,107.01677528872455,-0.3715324887092095,upright
482,8,86.15096523466491,-0.49324078516627995,upright
482,9,25.784444931418182,0.7161799105893063,flat
482,10,90.94457592786159,-0.49959235661820617,upright
483,1,147.84192971344558,0.5750539213379695,flat
483,2,15.671839281022056,0.8905469008211528,flat
483,3,158.39031780690723,0.7965529208762487,flat
483,4,95.69064218034345,-0.4852517652500124,upright
483,5,109.08931216097804,-0.33956566384015213,upright
483,6,133.34972245151033,0.2068197256285791,upright
483,7,133.69518034038546,0.21585171088333788,upright
483,8,157.5658617374674,0.7815479165930435,flat
483,9,60.72704637599435,-0.14136142546548214,upright
483,10,132.5115977627037,0.18493567160623836,upright
484,1,163.0218359772499,0.8720976695236726,flat
484,2,30.670649887353665,0.6096933331240821,flat
484,3,154.0681651115797,0.7131510493050432,flat
484,4,89.64404300722477,-0.499942105745632,upright
484,5,95.38135192220116,-0.4868067625530864,upright
484,6,111.76772247600586,-0.29371129600865953,upright
484,7,148.67929254284368,0.5946684460215055,flat
484,8,164.72439904696256,0.8958814442023713,flat
484,9,30.62021136350248,0.6108514835601997,flat
484,10,132.28892602614079,0.17913014099118185,upright
485,1,158.19605157804702,0.7930576053301905,flat
485,2,80.67875614654855,-0.46064871878578095,upright
485,3,117.52731626968759,-0.17959632481776844,upright
485,4,82.74752118910064,-0.47609447912563924,upright
485,5,97.69345272449999,-0.4731170525410791,upright
485,6,133.17980521909007,0.20237946723468114,upright
485,7,111.67491338029905,-0.2953820500674168,upright
485,8,155.23440684152416,0.7367755451527158,flat
485,9,56.02340706638118,-0.031523025371511915,upright
485,10,146.51976019790396,0.543524472898222,flat
486,1,150.23381173618435,0.6302885463456134,flat
486,2,81.4430553408762,-0.4667912803444152,upright
486,3,135.06932281373878,0.2518148652485609,flat
486,4,114.19816955589009,-0.2479804936412594,upright
486,5,106.81804955957713,-0.3744293089299275,upright
486,6,152.51495670253334,0.6805030203464053,flat
486,7,95.46280384818346,-0.48640557542647117,upright
486,8,152.69052259591712,0.6842586077228159,flat
486,9,20.107345746563183,0.8227228739059402,flat
486,10,116.73065908755599,-0.19652401638468037,upright
487,1,137.92343835185045,0.3264026707970895,flat
487,2,28.123501147877725,0.6667103009429092,flat
487,3,127.55222765226912,0.0572067645766593,upright
487,4,105.0622217079307,-0.3987030412210376,upright
487,5,110.7983877909626,-0.3108765896738888,upright
487,6,147.0115663299274,0.5553290843082441,flat
487,7,99.58513057261347,-0.4584102037035186,upright
487,8,167.209496909023,0.9264817864668928,flat
487,9,2.4814356611194355,0.9971882255387494,flat
487,10,155.4333612593954,0.7407262767964407,flat
488,1,130.3064535865576,0.1276722172327882,upright
488,2,20.20147574267806,0.8211286898776735,flat
488,3,131.04073127130093,0.1466762440455267,upright
488,4,92.354500633077,-0.49746837637816116,upright
488,5,96.90595253269757,-0.4783135218852318,upright
488,6,138.2671660391701,0.33534891206597905,flat
488,7,71.50778559959608,-0.34909927627661336,upright
488,8,165.03770113019198,0.9000119968842688,flat
488,9,4.562545220059788,0.9905083397145136,flat
488,10,133.65786887795608,0.2148759413478536,upright
489,1,121.57568728506364,-0.08872616935336985,upright
489,2,37.24781477359792,0.45048390990017273,flat
489,3,136.33113827780613,0.28483657985634914,flat
489,4,58.73975298654552,-0.09607348276545757,upright
489,5,112.93227522491291,-0.27226773220225947,upright
489,6,140.14427065317844,0.38395408185419067,flat
489,7,89.6741414864367,-0.4999514823836564,upright
489,8,165.85210658898643,0.9103841594869693,flat
489,9,32.787245142436824,0.5601323884039722,flat
489,10,95.62683551628172,-0.4855795839800052,upright
490,1,154.2749751810551,0.7173975073238157,flat
490,2,32.7774436262474,0.5603660072733874,flat
490,3,139.53396283194743,0.36820396413779466,flat
490,4,84.1461504109218,-0.48439666402523596,upright
490,5,136.2290261545381,0.28216596043102715,flat
490,6,143.59777291238348,0.4717253393413423,flat
490,7,117.90997076062224,-0.17134661179023714,upright
490,8,149.98004727946812,0.624547531185212,flat
490,9,13.515145624258293,0.9180747872982384,flat
490,10,88.18371968712435,-0.4984931630298154,upright
491,1,166.3629580301149,0.9166184487832094,flat
491,2,8.561421541445874,0.9667567815862912,flat
491,3,133.51534481359937,0.21114921415811483,upright
491,4,83.98176506705386,-0.483511297100209,upright
491,5,154.87126869912072,0.729504142927679,flat
491,6,141.62110250496067,0.42180097169854647,flat
491,7,120.7015198186101,-0.1089839590979601,upright
491,8,156.71112099238974,0.7655271342330194,flat
491,9,24.18144282277301,0.7483078545726807,flat
491,10,24.453091106727335,0.7429704493695233,flat
492,1,173.991864829904,0.9835663903028169,flat
492,2,37.698614356026596,0.43908712315104115,flat
492,3,161.8611254689821,0.8546185982854033,flat
492,4,96.5000124234207,-0.48077747542478844,upright
492,5,105.81686794168529,-0.388563696832598,upright
492,6,148.00647687885777,0.5789307550638951,flat
492,7,149.6377282218808,0.6167566316129105,flat
492,8,168.14712207246373,0.9367166571995145,flat
492,9,12.99966066097473,0.9240994291115157,flat
492,10,23.3614923274942,0.76414475946656,flat
493,1,143.7459935150818,0.4754293125003878,flat
493,2,61.38553867316197,-0.15596287026031264,upright
493,3,151.07718868382875,0.6491517348126181,flat
493,4,127.3371726054605,0.05177131431400328,upright
493,5,113.59131391816103,-0.2597478057419324,upright
493,6,155.37976300293266,0.7396642722407176,flat
493,7,123.53680180006928,-0.04216122703410419,upright
493,8,140.15756060065573,0.384296402995015,flat
493,9,8.377434320916278,0.968160151155272,flat
493,10,27.74010896746206,0.6750180570659594,flat
494,1,141.1001474401334,0.4084973701390555,flat
494,2,45.77425923082466,0.22973240834094866,upright
494,3,150.45829511215805,0.6353422650137035,flat
494,4,81.71769619508851,-0.46887414893732143,upright
494,5,102.09861469565446,-0.4341049530830531,upright
494,6,155.55803225879458,0.7431898773215173,flat
494,7,164.98252973110507,0.8992902467927828,flat
494,8,127.45491392349636,0.0547458257925193,upright
494,9,12.143423811830313,0.9336232875081767,flat
494,10,40.6604508037897,0.3631751543280204,flat
495,1,151.85077946803133,0.6661502976416449,flat
495,2,34.76946934118165,0.5121780477403819,flat
495,3,87.03969341977634,-0.49599932849638734,upright
495,4,25.588424927433486,0.7201889865957405,flat
495,5,93.65416728990331,-0.49390696139990437,upright
495,6,152.94235422305889,0.6896171091186902,flat
495,7,116.95854241420818,-0.19171654961050755,upright
495,8,64.07838662683123,-0.2133614978236284,upright
495,9,8.003412862642575,0.9709216390439133,flat
495,10,66.79080239397652,-0.26704025580499874,upright
496,1,164.00465488738303,0.8861006421553173,flat
496,2,58.91350297146627,-0.10010264692501808,upright
496,3,76.58203810281536,-0.4192272109979725,upright
496,4,19.834241791852804,0.8273131019485866,flat
496,5,101.84802741147902,-0.4367677008629036,upright
496,6,143.96656129989833,0.4809300112260202,flat
496,7,136.7414117852326,0.29556198303016457,flat
496,8,44.834297345239925,0.25433806116818447,flat
496,9,17.009096487815775,0.8716449788032508,flat
496,10,51.45727414871306,0.08237678802001969,upright
497,1,124.77049838541359,-0.012152806921351789,upright
497,2,41.49336370856434,0.3415744477889332,flat
497,3,50.63215043018645,0.10349866217668979,upright
497,4,13.856579211923144,0.9139651358464218,flat
497,5,133.35298165114668,0.20690491002162825,upright
497,6,157.6125084397354,0.782408748363187,flat
497,7,162.1324652114979,0.85879465084824,flat
497,8,62.99223041776606,-0.19067436313725095,upright
497,9,10.493309354856306,0.9502480727505382,flat
497,10,91.25812911900887,-0.4992768529494491,upright
498,1,151.6800737797302,0.6624249424585846,flat
498,2,56.766977359997256,-0.04946935140280384,upright
498,3,67.585649585402,-0.2819132595220415,upright
498,4,31.630682442999856,0.5874409792238002,flat
498,5,117.98353328027459,-0.16975200450376748,upright
498,6,134.00769175813423,0.2240266255022001,upright
498,7,144.65793981357837,0.4980819670957344,flat
498,8,68.01885337263518,-0.28984760297492246,upright
498,9,15.288072600376873,0.8957154168527395,flat
498,10,106.4991954044388,-0.37901439813060644,upright
499,1,117.84755322909302,-0.17269745197215514,upright
499,2,51.531824822084985,0.08047499576052208,upright
499,3,59.51039532345025,-0.1138452180600219,upright
499,4,42.85369072284479,0.30613769373577204,flat
499,5,131.46538842652595,0.15769868464633208,upright
499,6,129.61359865365955,0.10981373585102105,upright
499,7,134.54534002545503,0.23809752937479478,upright
499,8,94.62896970675325,-0.4902305623722153,upright
499,9,3.6839093278657766,0.9938075099743253,flat
499,10,133.22570233292973,0.20357868693300296,upright
