Frame,SDS_ID,Angle_deg,P2,Orientation
0,1,131.29723196416495,0.15333143957509643,upright
0,2,123.85008268629551,-0.03459011682359325,upright
0,3,108.09884356370912,-0.3552381144560535,upright
0,4,150.95148876669705,0.6463618398750932,flat
0,5,132.75152192079506,0.19119539925525975,upright
0,6,114.59877723049917,-0.24008968549510906,upright
0,7,101.98639610367859,-0.4353038748947484,upright
0,8,110.4739161746425,-0.31647995544852225,upright
0,9,141.852462962969,0.42769125459341994,flat
0,10,106.41752936340382,-0.3801762351540129,upright
1,1,124.30203500617533,-0.023607984319327424,upright
1,2,84.80513700863533,-0.48770286865119217,upright
1,3,170.00187416890375,0.9547862455140876,flat
1,4,133.44063921844898,0.2091961863534615,upright
1,5,56.10311152052407,-0.03345600932012682,upright
1,6,176.6238750173484,0.9947978804332043,flat
1,7,49.413535138261935,0.13491045777752786,upright
1,8,119.89775291084385,-0.12731580293753408,upright
1,9,113.59648500718016,-0.2596484938676368,upright
1,10,126.10539449932564,0.020862992349803378,upright
2,1,107.44283000524217,-0.36522128515433994,upright
2,2,47.99152090188975,0.17182442220721217,upright
2,3,117.15097529377351,-0.1876351732281646,upright
2,4,124.78812953209504,-0.011720290405005884,upright
2,5,95.77413542369015,-0.48481729425244313,upright
2,6,132.17921413751188,0.17627126900333867,upright
2,7,68.38919336451539,-0.29653276162039044,upright
2,8,133.34176594818263,0.20661177204367043,upright
2,9,73.43495016092186,-0.37807378449374507,upright
2,10,168.36178001015642,0.9389567139790582,flat
3,1,127.01722089007185,0.043705397460781614,upright
3,2,74.40672347476583,-0.39161436064756683,upright
3,3,140.65868591589796,0.3971825900065299,flat
3,4,56.543575558571405,-0.0440981239129129,upright
3,5,96.95346421373078,-0.47801556888215446,upright
3,6,79.4744533043009,-0.44994536110457295,upright
3,7,88.73112493077866,-0.4992644491147677,upright
3,8,64.99345811247895,-0.2319594971643511,upright
3,9,46.462054346538906,0.2117401204043382,upright
3,10,150.76874035665537,0.6422921631628333,flat
4,1,126.603205119211,0.03330648215941201,upright
4,2,53.09409994966547,0.04090500470897784,upright
4,3,158.03510744520196,0.790142912966086,flat
4,4,80.98256726652639,-0.4631512235508071,upright
4,5,130.52627203334458,0.13335353272329675,upright
4,6,99.93126693369128,-0.45538287699545077,upright
4,7,92.53169577409732,-0.4970732450299809,upright
4,8,29.829299310664965,0.6288635300178744,flat
4,9,22.04039910936908,0.7887696112616929,flat
4,10,143.9228582315045,0.47984118571182144,flat
5,1,131.77870705665666,0.1658443500963116,upright
5,2,56.04537835748922,-0.03205608898336054,upright
5,3,157.28941315743378,0.776417406594764,flat
5,4,53.21271045861542,0.03792470783437851,upright
5,5,50.21927553215478,0.11411432986002357,upright
5,6,116.59984328124665,-0.19927098419059425,upright
5,7,129.02339412733969,0.09466535698290912,upright
5,8,6.891381214916355,0.9784044994833729,flat
5,9,37.462131993724896,0.445071715523767,flat
5,10,143.1012611425618,0.45927503499283107,flat
6,1,125.03002655817127,-0.005776280511604059,upright
6,2,64.09108992003856,-0.2136229609066671,upright
6,3,138.81813485843773,0.34966287167741417,flat
6,4,47.195857933067636,0.19256884896787407,upright
6,5,107.55256237520162,-0.36357371263709237,upright
6,6,93.4382239898456,-0.49460498115475066,upright
6,7,140.69701006276196,0.3981662724041579,flat
6,8,27.314492002350782,0.6841515644116192,flat
6,9,37.04807623528226,0.4555178507362403,flat
6,10,87.85124222769042,-0.4978912878572566,upright
7,1,120.1552204534076,-0.12147527828664145,upright
7,2,48.73780427797474,0.15242191643959835,upright
7,3,119.12286058841403,-0.1447080695810382,upright
7,4,104.38398418632715,-0.40743190326897366,upright
7,5,132.95299967524508,0.19645524737989628,upright
7,6,52.21229734583673,0.06317077251414804,upright
7,7,145.6294324424068,0.5219366766499283,flat
7,8,27.12389342471163,0.6882107602589265,flat
7,9,28.99230362063189,0.6476103076692539,flat
7,10,59.83329805780142,-0.1212141240049569,upright
8,1,87.52992350145998,-0.4972138933855042,upright
8,2,29.39072755105665,0.6387278781846393,flat
8,3,127.43076359562464,0.054135442967388925,upright
8,4,137.71876397322978,0.32107027934537524,flat
8,5,101.59089477410842,-0.43944537523136845,upright
8,6,59.012180364277896,-0.10238519563549203,upright
8,7,156.7462370438233,0.7661944678134001,flat
8,8,71.27831307185316,-0.3454659495170157,upright
8,9,35.414710144235535,0.4962862631318309,flat
8,10,14.108361257951724,0.9108741208485065,flat
9,1,127.18413373329646,0.04791008905608485,upright
9,2,35.732225674328106,0.4884197306362036,flat
9,3,56.948368249428924,-0.05381713345839956,upright
9,4,97.2625147660248,-0.4760286275471459,upright
9,5,61.976994030542265,-0.16889521734323065,upright
9,6,86.76782414172294,-0.49523157209650104,upright
9,7,165.70883000596046,0.9085978590156596,flat
9,8,58.96329724033512,-0.10125498019938328,upright
9,9,55.58226939856064,-0.02078560393122042,upright
9,10,21.344302254569886,0.8012870942504478,flat
10,1,57.09428396079677,-0.05730577453997232,upright
10,2,40.01029351327001,0.379970735362231,flat
10,3,67.92018191838031,-0.2880511774039752,upright
10,4,26.965367927996247,0.6915721247356539,flat
10,5,72.98634847510904,-0.3715782554724867,upright
10,6,107.11447571383128,-0.3700973369307118,upright
10,7,168.76592982786389,0.9430691372847677,flat
10,8,32.72635330464089,0.5615831548226,flat
10,9,59.5835909659508,-0.11551968793419848,upright
10,10,43.8820732823355,0.27925982559076457,flat
11,1,55.87805487355855,-0.027992359398996136,upright
11,2,100.97158515592072,-0.4456662182440303,upright
11,3,126.86925415766355,0.03998382743105444,upright
11,4,42.71296900813294,0.3098107529161751,flat
11,5,58.24940599631327,-0.08463444265392472,upright
11,6,110.70867691642617,-0.31243305206245375,upright
11,7,154.72127972345027,0.7264782448399969,flat
11,8,42.6565101717013,0.3112840171006104,flat
11,9,34.94841822578033,0.5077836591457074,flat
11,10,49.657747934440245,0.128596964350705,upright
12,1,125.98425138664817,0.017845170812262667,upright
12,2,141.05272418201477,0.4072836559098081,flat
12,3,129.2428369652301,0.10029029072754825,upright
12,4,60.90050737738878,-0.14522813577778249,upright
12,5,65.67366005956903,-0.24546642930975998,upright
12,6,137.7401475284992,0.3216275605345751,flat
12,7,165.89717660029106,0.9109426565724617,flat
12,8,54.86216041296229,-0.003121146527233609,upright
12,9,13.630174588996047,0.9167008168646515,flat
12,10,37.000638551863425,0.45671194716056707,flat
13,1,129.28490917569871,0.10136973284718886,upright
13,2,153.9750877154204,0.711231989714117,flat
13,3,89.24681184774361,-0.4997408042134176,upright
13,4,68.95164934403871,-0.3065108286471092,upright
13,5,72.93048006331666,-0.37075860305801334,upright
13,6,142.8845863990748,0.45382187467746926,flat
13,7,157.09149213913582,0.7727141228027581,flat
13,8,33.81475243699355,0.5354456681586655,flat
13,9,25.657198763452637,0.7187848950468654,flat
13,10,28.825763862623262,0.651300437695675,flat
14,1,74.42832104092514,-0.3919069691345764,upright
14,2,123.59735497869507,-0.040700524393095405,upright
14,3,83.07423610396411,-0.47818952525693215,upright
14,4,84.1313549385464,-0.4843179665622454,upright
14,5,121.81679093939819,-0.08308258499187021,upright
14,6,124.47733484248597,-0.01932983887448836,upright
14,7,159.56006970677066,0.8170626724452279,flat
14,8,20.178237122246077,0.8215228326488795,flat
14,9,29.625495793976476,0.6334586595289371,flat
14,10,12.91267528713039,0.925094586140502,flat
15,1,72.4463945003109,-0.36355800745080785,upright
15,2,112.99267464974892,-0.2711317137983611,upright
15,3,105.89286049236165,-0.3875179942392007,upright
15,4,77.12075932742769,-0.4254754397403466,upright
15,5,165.07818379986915,0.9005400562595853,flat
15,6,55.08331230061546,-0.008563593736092778,upright
15,7,167.52160382413365,0.9299696742840156,flat
15,8,34.533881034030465,0.5179476853726594,flat
15,9,42.450951119199566,0.31664592094910526,flat
15,10,11.937293165576298,0.9358251750509068,flat
16,1,31.143890256902235,0.5987731474650098,flat
16,2,128.63259684562982,0.08467091046349484,upright
16,3,125.32506579159967,0.001498208777997223,upright
16,4,112.83953763460649,-0.27400746030093603,upright
16,5,108.07430227501214,-0.3556173293044018,upright
16,6,41.73724894148459,0.3352340779807148,flat
16,7,158.9250888282708,0.8060444362909371,flat
16,8,100.13042390517892,-0.45359434157207934,upright
16,9,43.95990512741707,0.27722363842095676,flat
16,10,7.386710314762111,0.9752063389188947,flat
17,1,34.95654438706064,0.5075838676451396,flat
17,2,86.1136744394629,-0.4931093813319382,upright
17,3,79.5145322882924,-0.45032157244891774,upright
17,4,111.83001809023283,-0.29258664548656665,upright
17,5,75.4721109651613,-0.4056104939624313,upright
17,6,136.59941594935918,0.291850862167508,flat
17,7,166.73749442375953,0.9210546242242059,flat
17,8,132.7368011309284,0.19081120407919672,upright
17,9,25.85088257345474,0.7148161408034623,flat
17,10,9.9094485290498,0.9555767474771861,flat
18,1,48.815550732633234,0.15040418101740038,upright
18,2,98.70147282769003,-0.4656687148654161,upright
18,3,95.00411115198224,-0.48858711745125727,upright
18,4,64.22105133280165,-0.21629262057211418,upright
18,5,30.79025327575899,0.6069425948862635,flat
18,6,148.35097339674292,0.5870120149678071,flat
18,7,156.37059884554787,0.7590159430676655,flat
18,8,103.14188306748947,-0.42245894877896784,upright
18,9,24.25623207202327,0.7468428283352484,flat
18,10,31.59648002772165,0.5882404071206009,flat
19,1,90.45564874677603,-0.4999051369248296,upright
19,2,115.99208603739207,-0.21190935450197707,upright
19,3,54.96115829194669,-0.005559323453096177,upright
19,4,22.65369770400428,0.7774772132982051,flat
19,5,12.448186645101018,0.9303029974079693,flat
19,6,121.08900573657617,-0.10004456267427725,upright
19,7,152.22249936368368,0.674211140062889,flat
19,8,109.0805440030849,-0.3397075244596373,upright
19,9,14.779773316997796,0.9023825932442353,flat
19,10,42.19927927487382,0.3232059532838867,flat
20,1,134.47250179397722,0.23619090960669342,upright
20,2,126.8385301090307,0.039211773854153864,upright
20,3,80.31843533592847,-0.45757715988379044,upright
20,4,43.30684293034519,0.2943009467476697,flat
20,5,14.971473517980861,0.8998921415403374,flat
20,6,154.84850119257092,0.7290456722529337,flat
20,7,163.48112674214863,0.8787336829314336,flat
20,8,103.74866500160421,-0.4152742623567556,upright
20,9,14.414103108492517,0.9070520580228989,flat
20,10,11.357482155563867,0.9418279513026342,flat
21,1,99.20467965715295,-0.46161832808484227,upright
21,2,76.57068350959739,-0.41909296309205435,upright
21,3,75.90042986887445,-0.4109829070326725,upright
21,4,75.89245784389901,-0.4108842594895297,upright
21,5,10.882249759418263,0.946536811192757,flat
21,6,160.26907802724327,0.8290360058262909,flat
21,7,168.80104250225378,0.9434199251686812,flat
21,8,64.1223533825873,-0.2142660467401557,upright
21,9,8.918150913262858,0.9639516379455029,flat
21,10,55.50480358705155,-0.018893363227822535,upright
22,1,54.41402249927343,0.00795323486525179,upright
22,2,17.63006677058728,0.8624045997849263,flat
22,3,54.868841596413425,-0.0032857900116658456,upright
22,4,73.74434972498715,-0.3824640926283055,upright
22,5,10.623548990638952,0.949019669121105,flat
22,6,151.78830689250964,0.664788649486399,flat
22,7,162.58610988662684,0.8656542988637042,flat
22,8,107.61653896790767,-0.3626089826846177,upright
22,9,14.231859913086534,0.9093393080769998,flat
22,10,19.294922310078096,0.8362232796744742,flat
23,1,120.11571396223579,-0.12237342419202502,upright
23,2,34.69297935161605,0.5140532762560373,flat
23,3,171.1277557852448,0.9643188412553794,flat
23,4,98.83199865151997,-0.4646392528116685,upright
23,5,20.316607269873657,0.8191704429702931,flat
23,6,159.02233352753782,0.8077496839303195,flat
23,7,159.94475050624538,0.823602518229344,flat
23,8,85.48248558453427,-0.49069438769191553,upright
23,9,36.83943368723713,0.46076552390974446,flat
23,10,23.86025613651866,0.7545607581228522,flat
24,1,105.90096665750723,-0.38740618368885393,upright
24,2,42.23601650567689,0.3222487074454813,flat
24,3,158.6126372534718,0.8005221329035463,flat
24,4,47.2789559451398,0.190399980381049,upright
24,5,14.913105829670492,0.9006535052823632,flat
24,6,153.81620975829244,0.7079450239898981,flat
24,7,157.69626599851603,0.7839508903323797,flat
24,8,115.16500859134679,-0.22877348185180513,upright
24,9,19.89893016268609,0.8262305706620832,flat
24,10,22.660893160839,0.7773432815578585,flat
25,1,131.45824285014334,0.157513038843895,upright
25,2,41.151501274782284,0.350450690033705,flat
25,3,137.0379839959044,0.3033093053642444,flat
25,4,51.18584481844183,0.08931046122767194,upright
25,5,28.787757805286443,0.652140666555082,flat
25,6,168.10617925938337,0.9362850175084998,flat
25,7,151.60593130544223,0.6608023425943874,flat
25,8,47.78035430793054,0.17732471070710165,upright
25,9,22.027534000999786,0.7890038646775521,flat
25,10,22.670156166452937,0.7771708167767377,flat
26,1,69.45227451018154,-0.3152116868644673,upright
26,2,22.0839409198576,0.7879759773935964,flat
26,3,125.03287686814373,-0.005706131786937851,upright
26,4,60.87419791827639,-0.1446425865051837,upright
26,5,44.808705956139846,0.2550080291407254,flat
26,6,144.56726962566609,0.49584060778640326,flat
26,7,137.13092386827716,0.3057360265067943,flat
26,8,100.01095821094223,-0.4546712934834839,upright
26,9,39.43841598968504,0.3946890584136724,flat
26,10,46.032447971442714,0.22297642602220025,upright
27,1,78.35135275393367,-0.43884879348932504,upright
27,2,49.04893205540122,0.1443517559186479,upright
27,3,156.33273693963844,0.7582875184648814,flat
27,4,112.46646610096859,-0.28095050236939445,upright
27,5,35.84858616391352,0.48552948385837713,flat
27,6,168.2473619954355,0.9377675141464332,flat
27,7,144.64091334350564,0.49766126304402647,flat
27,8,76.8724868325734,-0.42262545336731233,upright
27,9,20.174746534138308,0.8215820029115806,flat
27,10,35.44995854317332,0.4954144498222628,flat
28,1,117.14762708402107,-0.18770635591419105,upright
28,2,68.09249526568848,-0.2911841647197749,upright
28,3,129.60979583017505,0.10971593399642066,upright
28,4,52.33466962545209,0.060069780029594066,upright
28,5,10.041827261697161,0.9543941904519648,flat
28,6,164.46574451961533,0.8924131266143109,flat
28,7,150.63926232197883,0.6393991081258636,flat
28,8,82.36967952685887,-0.47355384286414454,upright
28,9,12.480517780267116,0.92994623670168,flat
28,10,26.0202411423544,0.7113284150242691,flat
29,1,49.938089148627974,0.12136036799662409,upright
29,2,89.24404931316109,-0.49973889948660183,upright
29,3,91.1086835814289,-0.4994384259623988,upright
29,4,82.65040564734284,-0.47545350937353675,upright
29,5,23.1091490834957,0.7689344761579902,flat
29,6,156.02927900324715,0.7524173298073344,flat
29,7,161.82960319703395,0.854129931137682,flat
29,8,24.311508636426105,0.745757853964127,flat
29,9,17.67314593823922,0.8617528346446028,flat
29,10,14.40686901557036,0.9071433571818139,flat
30,1,99.65564786845837,-0.45780182979243,upright
30,2,83.67013449164035,-0.4817666125230839,upright
30,3,104.75597772172561,-0.402689695235901,upright
30,4,81.57179185947385,-0.46777582878746204,upright
30,5,17.075868008007255,0.8706653202891448,flat
30,6,167.18923813686925,0.9262526091177714,flat
30,7,153.81956714845236,0.7080146297922008,flat
30,8,21.838889335979832,0.7924262801076933,flat
30,9,24.456260473797688,0.7429079144225545,flat
30,10,19.642894508491647,0.8304979617957533,flat
31,1,19.055364595421697,0.8401145966558894,flat
31,2,137.01479154279698,0.30270364670092764,flat
31,3,106.41265887490727,-0.3802453643370223,upright
31,4,79.36118354122623,-0.4488747217442397,upright
31,5,11.17508273318068,0.943657847490631,flat
31,6,167.64587637708829,0.9313360147469048,flat
31,7,159.06490314663782,0.8084941479900976,flat
31,8,74.31988190446583,-0.39043413294995316,upright
31,9,21.386439119116705,0.8005385540260608,flat
31,10,14.136866816918284,0.9105209495539319,flat
32,1,70.49855792980492,-0.3328357114268378,upright
32,2,109.83305873458443,-0.3273328724963724,upright
32,3,133.6765193525506,0.2153636813003207,upright
32,4,122.22320037767403,-0.07351644632396748,upright
32,5,9.977464999736567,0.9549710274122178,flat
32,6,128.93336377639343,0.09236024522401265,upright
32,7,174.69527439223376,0.9871787440848692,flat
32,8,28.252450581619346,0.6638992386267755,flat
32,9,28.40145642854333,0.6606405119264012,flat
32,10,10.216434407304638,0.9528114027133685,flat
33,1,41.758531021739074,0.3346805006100656,flat
33,2,60.70388823662811,-0.14084410645752848,upright
33,3,169.4975952048399,0.9501627554952266,flat
33,4,122.4671953433053,-0.06774184711787024,upright
33,5,15.560390699160095,0.8920597597511504,flat
33,6,139.22183960821346,0.3601278654891076,flat
33,7,170.06874980488098,0.9553830258852125,flat
33,8,67.96347519133008,-0.28884016762763787,upright
33,9,46.830865412661794,0.2021006777391391,upright
33,10,23.632368481043184,0.7589588868122192,flat
34,1,63.66610415516417,-0.2048266046017433,upright
34,2,36.42930825177729,0.4710479477486127,flat
34,3,140.1557638327252,0.38425012371393286,flat
34,4,124.42205683382743,-0.020679980055792246,upright
34,5,13.551378055854952,0.9176431678018973,flat
34,6,128.0262560628521,0.06922561834280916,upright
34,7,171.91964177247058,0.9703635578825951,flat
34,8,32.14139336807659,0.5754473304226024,flat
34,9,46.45185198708646,0.21200687220509273,upright
34,10,6.127679852789946,0.9829084405981097,flat
35,1,116.99126883485789,-0.19102384495422658,upright
35,2,66.15173894594318,-0.2547930562765807,upright
35,3,147.94033475062454,0.5773737024597829,flat
35,4,111.1665145337375,-0.3044322524674362,upright
35,5,32.789563074125304,0.5600771352569553,flat
35,6,130.28718320613376,0.12717450332574343,upright
35,7,169.7301823344612,0.9523222774227249,flat
35,8,31.477259331696235,0.5910232275878295,flat
35,9,22.50806155573194,0.780180829275924,flat
35,10,0.6404133853056785,0.9998126090083577,flat
36,1,153.0806564727197,0.6925454950946606,flat
36,2,90.47117167385649,-0.49989856343099087,upright
36,3,110.37271070854786,-0.31821285865706217,upright
36,4,93.7873685065147,-0.49345531901697776,upright
36,5,10.651841624801273,0.9487509055868852,flat
36,6,103.49150687541666,-0.41835580832493047,upright
36,7,157.89332039017356,0.7875610266235515,flat
36,8,117.4207854003524,-0.18187946539093341,upright
36,9,36.04662999035328,0.4806014177375316,flat
36,10,14.901513856489787,0.9008043927129039,flat
37,1,153.0679503688009,0.692276887651017,flat
37,2,124.19996470493058,-0.026094273647930877,upright
37,3,121.97331997684492,-0.07940600831985856,upright
37,4,82.1421011227401,-0.47196282433478803,upright
37,5,9.493368906623793,0.9591954318605143,flat
37,6,127.09752911605142,0.04572757191567178,upright
37,7,162.3989173147527,0.8628423345509431,flat
37,8,150.24373939372023,0.630512540140215,flat
37,9,41.71338875704407,0.3358546595855545,flat
37,10,18.37631352363886,0.8509197837191422,flat
38,1,154.31446280251743,0.7182055491176835,flat
38,2,72.00174820839894,-0.3567896464003021,upright
38,3,115.92723356047064,-0.2132457923278694,upright
38,4,102.87920448063521,-0.4254758515041848,upright
38,5,15.73514938318443,0.8896831786320831,flat
38,6,140.0540829911439,0.38163027919780756,flat
38,7,164.34584916370298,0.8907876604375902,flat
38,8,160.29591176125552,0.8294822391166345,flat
38,9,13.13856392573716,0.9224974228313414,flat
38,10,17.206781710937275,0.8687347994293655,flat
39,1,107.65563863766855,-0.3620178778302885,upright
39,2,59.57657126826052,-0.11535920415714795,upright
39,3,135.96265151449228,0.27519741513347173,flat
39,4,85.47030890380877,-0.49064425937599054,upright
39,5,2.205147449687596,0.9977792134491881,flat
39,6,146.73823891238558,0.5487794095265919,flat
39,7,165.18151253728786,0.9018819931750119,flat
39,8,150.43602076237985,0.6348418623950081,flat
39,9,18.088671577211798,0.85539534708635,flat
39,10,15.717604423366458,0.8899228527620964,flat
40,1,122.63592879362476,-0.06373494679257674,upright
40,2,44.29442940359602,0.26846992760587274,flat
40,3,136.774500880534,0.29642662298140365,flat
40,4,62.41644806620509,-0.17838869973498883,upright
40,5,15.26544389710572,0.8960165683845276,flat
40,6,168.06211853356746,0.935818941291354,flat
40,7,169.0037707319914,0.9454248651399173,flat
40,8,125.02817490801874,-0.005821849951805513,upright
40,9,18.01704737044918,0.8565003103307194,flat
40,10,24.977658955912673,0.7325386101878084,flat
41,1,97.35519352416014,-0.47541630017159997,upright
41,2,171.2489984856281,0.9652798282428197,flat
41,3,85.12285364823873,-0.48915752624044345,upright
41,4,42.42524195147282,0.3173162958272445,flat
41,5,9.14732168788382,0.9620911216573289,flat
41,6,143.92723473508514,0.47995024679224674,flat
41,7,151.15099976464603,0.6507863854932423,flat
41,8,157.1099801633032,0.7730611098577529,flat
41,9,31.43411774036512,0.592028775345059,flat
41,10,24.09163481513071,0.7500625906376803,flat
42,1,147.74974351982152,0.572877262062206,flat
42,2,97.52962774432217,-0.4742432286804371,upright
42,3,128.58148811543535,0.08336606512166855,upright
42,4,27.800278020509587,0.6737192469107114,flat
42,5,33.04654581293525,0.553938864232215,flat
42,6,162.48255529820366,0.8641019662681451,flat
42,7,159.0517060027477,0.8082634861206612,flat
42,8,132.4399471559507,0.18306714054228435,upright
42,9,29.16245874119777,0.6438261927659297,flat
42,10,33.88549527378582,0.5337321372471124,flat
43,1,119.73616021805569,-0.13096591726775897,upright
43,2,65.7851537635379,-0.2476539432899787,upright
43,3,91.2258331460652,-0.4993134969841546,upright
43,4,27.240017480540697,0.6857399527106449,flat
43,5,50.407939123521054,0.10925985521210846,upright
43,6,155.64376789494838,0.7448786659112048,flat
43,7,150.7189031771289,0.6411795474325501,flat
43,8,96.80465827900477,-0.4789420644028599,upright
43,9,27.13728043856892,0.687926287023992,flat
43,10,30.345587488169954,0.6171375752802724,flat
44,1,119.92311359365958,-0.12674185378096275,upright
44,2,33.094981704247324,0.552779173809496,flat
44,3,87.60305850207232,-0.4973763403796348,upright
44,4,31.04104828437496,0.6011544587774447,flat
44,5,25.52723364602459,0.7214359943148743,flat
44,6,169.04332929214914,0.9458120334494877,flat
44,7,164.41782048531954,0.8917647509005464,flat
44,8,103.13190088646762,-0.4225746306432423,upright
44,9,17.901502419914536,0.8582748551123425,flat
44,10,15.387038891251002,0.8943936036731577,flat
45,1,160.53917711084827,0.8335043910755919,flat
45,2,39.711097122104526,0.38767793829475994,flat
45,3,139.58064342740218,0.3694106282973906,flat
45,4,39.88409338358645,0.38322338749942575,flat
45,5,48.34631367527417,0.1625927965700229,upright
45,6,161.48269841154607,0.8487039284769846,flat
45,7,163.29032415363233,0.8759964177730042,flat
45,8,65.04311493571507,-0.2329548308585357,upright
45,9,15.988630901041237,0.8861937484233464,flat
45,10,34.863824476734074,0.5098622639244708,flat
46,1,125.30376241180487,0.0009720603943654815,upright
46,2,86.13816452477013,-0.4931958204691239,upright
46,3,131.5097587955459,0.15885157807034256,upright
46,4,138.62599572299678,0.34467508634708444,flat
46,5,19.86282307314357,0.8268351694850038,flat
46,6,158.9221859311823,0.8059934335626182,flat
46,7,156.8038426091068,0.7672875043102663,flat
46,8,81.98740287447623,-0.4708552992690652,upright
46,9,18.76909842564512,0.844710494973153,flat
46,10,15.85545741049684,0.8880332438998277,flat
47,1,122.25849753077662,-0.07268251491817779,upright
47,2,74.25130612108586,-0.38949798900571664,upright
47,3,158.58064154782238,0.7999529298102299,flat
47,4,133.58738575298267,0.21303283026239872,upright
47,5,20.6719825564564,0.8130681020163246,flat
47,6,138.0098650055871,0.3286531932358804,flat
47,7,157.71416959366778,0.7842799392219715,flat
47,8,76.1488242754595,-0.41403091073410814,upright
47,9,32.39244429141879,0.569513439583957,flat
47,10,4.288667131064712,0.9916115939706271,flat
48,1,159.7608426743623,0.8204887860290848,flat
48,2,72.90060493688826,-0.37031933240050957,upright
48,3,122.82902757959448,-0.059136098264127246,upright
48,4,62.24420940963056,-0.17467973371028928,upright
48,5,17.492628186419115,0.8644747094726628,flat
48,6,136.12437949327833,0.2794286295085836,flat
48,7,148.39545163214154,0.5880518657136451,flat
48,8,149.29147329432004,0.6088228866167449,flat
48,9,60.965300222904396,-0.1466687576656543,upright
48,10,6.911443426486478,0.9782791900155727,flat
49,1,158.21389600851577,0.7933797134544522,flat
49,2,66.13883488284871,-0.2545431510927058,upright
49,3,72.66931629104997,-0.36689577485192404,upright
49,4,87.48925496576814,-0.49712145372682903,upright
49,5,18.437346100907465,0.849962341544763,flat
49,6,123.96301909662141,-0.03185237099441618,upright
49,7,170.77575162246194,0.9614563731776424,flat
49,8,69.53755730906587,-0.31667676732089944,upright
49,9,62.659818366673086,-0.18360297629543793,upright
49,10,14.205439185158774,0.9096686900445405,flat
50,1,175.39428007075227,0.9903282422559139,flat
50,2,111.7810151458337,-0.2934715330964145,upright
50,3,105.61334383111185,-0.39134215762656893,upright
50,4,100.34470258823424,-0.45163203310976263,upright
50,5,12.533897886866885,0.9293553142229882,flat
50,6,146.62996992903828,0.546177433996788,flat
50,7,163.2620701371806,0.8755887206118791,flat
50,8,26.45996688240645,0.7021978479674662,flat
50,9,46.624350451654244,0.20749738712446075,upright
50,10,17.40177256653305,0.8658354213183177,flat
51,1,98.35594667781065,-0.46832211831979004,upright
51,2,163.06117527953154,0.8726723448992773,flat
51,3,115.45113462087829,-0.22298380328321565,upright
51,4,137.47419894239192,0.314693880900325,flat
51,5,6.655453025544959,0.9798512994888007,flat
51,6,156.41360522850826,0.7598422635948219,flat
51,7,164.3646879002033,0.8910438081783629,flat
51,8,28.910003110249242,0.6494355809388024,flat
51,9,25.629527603071722,0.7193501567185725,flat
51,10,9.025952265245216,0.963082139543987,flat
52,1,95.97586394494944,-0.4837418155010375,upright
52,2,116.80802966357483,-0.19489494583690276,upright
52,3,174.2269064705086,0.9848227543880286,flat
52,4,165.56819462820698,0.9068284667620699,flat
52,5,15.653900807324495,0.8907910618622283,flat
52,6,162.18478815172892,0.8595936571131557,flat
52,7,159.39848107985466,0.8142849879365159,flat
52,8,20.81104160176278,0.8106566060943883,flat
52,9,22.530815534459137,0.7797593216381553,flat
52,10,18.503785302713585,0.8489169880439673,flat
53,1,125.96144400014418,0.017277473937558963,upright
53,2,108.61085643261391,-0.3472255560171549,upright
53,3,113.65286766027576,-0.2585645760144408,upright
53,4,160.16660315788053,0.8273272223452934,flat
53,5,17.928427082420296,0.8578622280567747,flat
53,6,176.03010691935637,0.9928103372598911,flat
53,7,158.35342306443013,0.7958910243812856,flat
53,8,56.0339774096043,-0.0317795018738769,upright
53,9,16.896599990938505,0.8732878645677964,flat
53,10,7.230961470512278,0.9762353662183794,flat
54,1,163.6454326958064,0.8810684809609133,flat
54,2,63.58171762282756,-0.2030679995135029,upright
54,3,92.68037703978817,-0.4967196443510421,upright
54,4,144.53609719878514,0.49506945805515934,flat
54,5,26.928026400033936,0.6923619483019352,flat
54,6,144.4101765159158,0.4919514629974605,flat
54,7,154.14346371032022,0.7146999710800548,flat
54,8,34.32144313206919,0.5231348356353798,flat
54,9,24.53248058529311,0.7414021960819097,flat
54,10,29.578728290358633,0.6345103906859881,flat
55,1,150.93650756655595,0.6460288239091405,flat
55,2,85.18680340895038,-0.4894393330873861,upright
55,3,34.80159871506059,0.5113898058379578,flat
55,4,145.43431712573684,0.5171698968388199,flat
55,5,8.712150538274125,0.9655850570382569,flat
55,6,153.1606619098833,0.6942348106129237,flat
55,7,161.052391896564,0.8418515279215801,flat
55,8,38.48309563428405,0.41914447395791843,flat
55,9,26.516374331792775,0.7010188353791209,flat
55,10,19.874277248774042,0.8266434730696357,flat
56,1,45.23123732340665,0.24394628676576646,upright
56,2,79.7161962419434,-0.4521937263075561,upright
56,3,99.8421563376273,-0.45617210350746784,upright
56,4,144.23507526370307,0.48760792277310583,flat
56,5,5.035608770610892,0.9884433632432772,flat
56,6,165.5060261375351,0.9060412513035894,flat
56,7,165.0250817020635,0.8998471225709808,flat
56,8,54.83930823919025,-0.0025578995314374797,upright
56,9,20.45565965079303,0.8167930783181827,flat
56,10,23.571973263618233,0.7601190999102942,flat
57,1,81.4436109126468,-0.46679556034750425,upright
57,2,50.04247823107192,0.11866882778705434,upright
57,3,105.57145493034011,-0.3919100024126866,upright
57,4,147.23829386237588,0.5607410338740118,flat
57,5,23.643350922112347,0.7587476670861473,flat
57,6,150.80425453545783,0.6430842934514811,flat
57,7,166.70366738529555,0.9206586623452095,flat
57,8,96.44570022567665,-0.4810960181896375,upright
57,9,27.853403187553,0.6725709322938922,flat
57,10,7.598054404730375,0.9737757239390743,flat
58,1,103.36078577554882,-0.4199016191316144,upright
58,2,68.15604332551678,-0.2923346545618751,upright
58,3,69.68791323936826,-0.3192475049134345,upright
58,4,157.7358795708898,0.7846786653872309,flat
58,5,12.852725516880826,0.9257768196813214,flat
58,6,158.1118024022898,0.7915339877968823,flat
58,7,165.35960085626027,0.9041749237877537,flat
58,8,79.10686693894172,-0.4464311131938942,upright
58,9,23.01063856665405,0.7707933935447253,flat
58,10,23.0705076885791,0.7696643812817086,flat
59,1,114.91009945747942,-0.23389128561721478,upright
59,2,105.98636664685866,-0.3862251390566582,upright
59,3,47.61497601612078,0.18163511658096776,upright
59,4,155.69474265844502,0.7458806476941113,flat
59,5,18.573688622149,0.8478136526637905,flat
59,6,157.93203509010698,0.7882673155692772,flat
59,7,170.68704829301043,0.9607180837718028,flat
59,8,133.77789881051038,0.2180151688562615,upright
59,9,17.47798377637343,0.8646944516885324,flat
59,10,23.43513210329563,0.7627394700546999,flat
60,1,99.31912330652155,-0.46066646312917825,upright
60,2,116.76518000005416,-0.19579756551088423,upright
60,3,30.674769439546825,0.6095986922134236,flat
60,4,121.82622999577382,-0.08286115971193875,upright
60,5,13.690145558063216,0.9159802257937766,flat
60,6,156.26554989326326,0.7569927231593059,flat
60,7,174.70641054458352,0.9872323655305211,flat
60,8,149.18848454802898,0.6064529369690852,flat
60,9,60.825863075296716,-0.14356596821462236,upright
60,10,14.905646213074288,0.9007506159319543,flat
61,1,145.63650575526526,0.5221092461627133,flat
61,2,107.81526673628117,-0.3595928200015585,upright
61,3,72.8031351853524,-0.3688814919072019,upright
61,4,93.11683538531861,-0.495565493586224,upright
61,5,22.437555969025244,0.7814847898082748,flat
61,6,154.4612231223065,0.7212009210011203,flat
61,7,154.91366595106695,0.7303570916664675,flat
61,8,173.8379064630511,0.982716668398651,flat
61,9,27.155745728915885,0.6875337438120337,flat
61,10,26.640936028908698,0.6984090945109136,flat
62,1,87.40151215271901,-0.4969168858899974,upright
62,2,81.87904013295456,-0.47006698126514607,upright
62,3,44.801518110438394,0.2551962021463341,flat
62,4,47.57575763862251,0.1826576406285788,upright
62,5,14.255583259599959,0.9090430759722654,flat
62,6,157.28689730641153,0.7763704900059643,flat
62,7,171.95357192399447,0.9706102924732822,flat
62,8,120.29002304077889,-0.1184053506001635,upright
62,9,29.22494632590241,0.6424330234091713,flat
62,10,10.598016221384883,0.9492616302804835,flat
63,1,38.19156589462239,0.4265711904100662,flat
63,2,38.5736604482369,0.41683373453468797,flat
63,3,66.49779379149967,-0.26145652670795555,upright
63,4,23.857171315404255,0.7546205075760848,flat
63,5,16.456403349538295,0.8796238252870772,flat
63,6,164.33489824809368,0.8906386349641029,flat
63,7,169.59684989082805,0.9510899675060913,flat
63,8,15.671985726904543,0.8905449065086886,flat
63,9,12.726592393742717,0.9272025586399373,flat
63,10,28.74848522637306,0.6530081518021507,flat
64,1,112.08220882584816,-0.2880075719107626,upright
64,2,38.660371834718894,0.4146197516692557,flat
64,3,66.18482203670081,-0.2554332884748879,upright
64,4,36.46214550147603,0.47022631205726007,flat
64,5,7.30414416611384,0.9757545222508957,flat
64,6,156.82183366964813,0.767628447178418,flat
64,7,164.14461066340846,0.8880341806670282,flat
64,8,34.43901388895616,0.5202659183277332,flat
64,9,24.55971838040859,0.7408632728047952,flat
64,10,22.20956016274592,0.7856793650182228,flat
65,1,58.284804014252586,-0.08546354729250732,upright
65,2,17.426463246233038,0.8654662502706376,flat
65,3,95.47520702997967,-0.48634396186664863,upright
65,4,21.41623283684673,0.8000085647024631,flat
65,5,24.943800672101624,0.7332168562415207,flat
65,6,167.1459059833982,0.9257612790313599,flat
65,7,139.34524771596713,0.36332263064740333,flat
65,8,25.530200154613407,0.7213755898554808,flat
65,9,17.8766646342983,0.8586550238317403,flat
65,10,66.024766533193,-0.25232961211266514,upright
66,1,75.29552316671518,-0.4033528148607514,upright
66,2,50.3028457852937,0.11196325659539674,upright
66,3,122.05769628851236,-0.07742007903241555,upright
66,4,15.540589886083353,0.8923275299939051,flat
66,5,8.409305645047018,0.9679191709932116,flat
66,6,160.33682674180744,0.8301616586554523,flat
66,7,171.48517388476515,0.9671149877889758,flat
66,8,24.327497357190516,0.745443681300419,flat
66,9,17.24380885840596,0.8681864322550445,flat
66,10,29.68541340765063,0.6321097091136192,flat
67,1,63.80446374727318,-0.20770145483778413,upright
67,2,31.71097908406613,0.5855622829077789,flat
67,3,127.74231475271041,0.06202021308764316,upright
67,4,21.684660359099396,0.7952068531601979,flat
67,5,10.857576337292716,0.9467760657351358,flat
67,6,157.68059614446173,0.7836627240674248,flat
67,7,160.73858324750003,0.8367700077086329,flat
67,8,75.35260541854798,-0.40408533224842025,upright
67,9,16.19210657808877,0.883356648321084,flat
67,10,16.894291589901954,0.8733214756406187,flat
68,1,118.89134528180978,-0.14984891925321897,upright
68,2,64.42371951669837,-0.2204366471632807,upright
68,3,76.71646932516074,-0.42080862526200424,upright
68,4,1.9550490166664014,0.9982542070439271,flat
68,5,17.93109476105919,0.8578213159865093,flat
68,6,169.13934873114636,0.946746276765507,flat
68,7,163.84401477120804,0.8838626318496479,flat
68,8,114.93555048518124,-0.2333820209969638,upright
68,9,17.44005953334395,0.8652627655770171,flat
68,10,14.599818129808385,0.9046938808099876,flat
69,1,87.33687627537523,-0.49676170874856046,upright
69,2,96.1686568443483,-0.4826799739329022,upright
69,3,61.55407861400345,-0.15966591642555616,upright
69,4,28.02182705798659,0.6689208181149753,flat
69,5,43.62885617803306,0.2858827578210652,flat
69,6,139.69666248033275,0.37240826806118454,flat
69,7,132.732060616753,0.1906874855971018,upright
69,8,132.25060983772573,0.17813157763838294,upright
69,9,8.15778141268901,0.9697967658730409,flat
69,10,34.03835871953615,0.5300235886363709,flat
70,1,13.014286851539673,0.9239314874278359,flat
70,2,129.26799066806024,0.10093561787435068,upright
70,3,82.16646611726252,-0.47213534151343867,upright
70,4,6.6219124198078685,0.9800529664826778,flat
70,5,25.252643260240514,0.727005266454654,flat
70,6,169.70345474421887,0.9520764690144512,flat
70,7,162.483756999011,0.8641200263921573,flat
70,8,43.76244456284684,0.28238904964153744,flat
70,9,21.15289889271859,0.8046722415670962,flat
70,10,18.49252083560091,0.8490944499499853,flat
71,1,76.69434948732705,-0.4205494275494265,upright
71,2,154.16932923607217,0.7152312948450641,flat
71,3,86.31428188724743,-0.4938014358975382,upright
71,4,11.067213791139412,0.9447267999969207,flat
71,5,19.667697040814755,0.8300865965011761,flat
71,6,158.67544722148781,0.8016375233671607,flat
71,7,161.04782630677707,0.8417781046990538,flat
71,8,137.26543045547675,0.3092470363205917,flat
71,9,13.66658729201872,0.9162636422508412,flat
71,10,12.693366862080055,0.9275759382787336,flat
72,1,64.67513032517057,-0.2255445891366087,upright
72,2,154.86410113414547,0.7293598418829839,flat
72,3,29.090683315095102,0.645424123250109,flat
72,4,9.830993333325424,0.9562704895574832,flat
72,5,35.486839355878374,0.4945018636285009,flat
72,6,157.6593543289621,0.7832718353620685,flat
72,7,152.30170949882017,0.6759196471494473,flat
72,8,96.55927406566022,-0.4804269074992015,upright
72,9,24.303278328446346,0.745919516384089,flat
72,10,34.47145597107212,0.5194734754774495,flat
73,1,59.42340441718629,-0.11185207100903588,upright
73,2,129.38199866759183,0.10386196693047611,upright
73,3,72.74875166168303,-0.3680761299191739,upright
73,4,23.20276796180348,0.7671621782225833,flat
73,5,50.20205543164976,0.11455771437265871,upright
73,6,161.32417427099531,0.8461951498161429,flat
73,7,135.52735790395607,0.26380541791627776,flat
73,8,164.69835968807226,0.8955346592939153,flat
73,9,28.871446441036447,0.6502895635711663,flat
73,10,29.005493807348,0.6473174681960787,flat
74,1,51.54140689371667,0.08023063951426157,upright
74,2,157.2159492561774,0.7750457525066916,flat
74,3,61.325238698263504,-0.1546345802482058,upright
74,4,19.348474217626247,0.8353477799221594,flat
74,5,38.32065680350368,0.4232848112684069,flat
74,6,155.13683170870877,0.7348293572561984,flat
74,7,136.18715422280175,0.28107073048383224,flat
74,8,159.35178073110336,0.8134788679414937,flat
74,9,22.888960145302807,0.7730809917649739,flat
74,10,27.707148522425165,0.6757287473066518,flat
75,1,80.01960485238372,-0.4549448436975075,upright
75,2,118.93945769468874,-0.14878271067804716,upright
75,3,63.906227761127624,-0.2098091081504358,upright
75,4,37.039439351555586,0.4557352995292401,flat
75,5,20.88608468317281,0.8093497530018958,flat
75,6,157.52020874023577,0.78070405835551,flat
75,7,167.77323307491392,0.9327229619155748,flat
75,8,145.3511028685856,0.5151331417434726,flat
75,9,24.15721044624954,0.7487818080152226,flat
75,10,31.729870127657076,0.5851199065367432,flat
76,1,136.74125096656223,0.2955577805825531,flat
76,2,119.4283530935962,-0.1378851451393085,upright
76,3,114.03988913291023,-0.2510714060704591,upright
76,4,52.683766186316895,0.05124268462665338,upright
76,5,25.362162673316078,0.7247892069806874,flat
76,6,156.21661536540327,0.7560479257448303,flat
76,7,149.57050664713864,0.61522053760241,flat
76,8,153.76372372090955,0.7068560602426934,flat
76,9,24.444536892815254,0.7431392028888393,flat
76,10,30.763663773291515,0.6075546619015286,flat
77,1,133.29941786810792,0.20550500647525127,upright
77,2,53.334374689352416,0.034871458288640245,upright
77,3,64.14194435856963,-0.21466874911718903,upright
77,4,76.02065717280298,-0.4124644143393822,upright
77,5,36.996876730692975,0.45680661511838694,flat
77,6,149.67810879428927,0.6176784060487341,flat
77,7,140.66908179826962,0.3974494517087004,flat
77,8,135.63575785135913,0.26664273548303496,flat
77,9,45.88714790670076,0.22677823404040542,upright
77,10,20.149157551544565,0.8220155121340693,flat
78,1,130.80625870749768,0.14059982601477938,upright
78,2,79.05496705566551,-0.44592568225615803,upright
78,3,167.7892661219695,0.9328966102507157,flat
78,4,78.94754307410001,-0.4448722710374512,upright
78,5,41.352930389786096,0.3452223603648741,flat
78,6,146.3592605460215,0.5396531772390643,flat
78,7,148.68741636672772,0.5948573245107871,flat
78,8,155.30891645922898,0.7382578777964632,flat
78,9,40.71833977115453,0.3616767489923933,flat
78,10,26.489126125551397,0.7015885882985193,flat
79,1,131.69830827564863,0.16375314155590104,upright
79,2,98.213888989796,-0.46938273335571573,upright
79,3,119.03563825329337,-0.14664790579277875,upright
79,4,91.860802800929,-0.49841840967987033,upright
79,5,37.271028203790735,0.4498982330809709,flat
79,6,141.1161986713223,0.408908074733386,flat
79,7,144.3383594615295,0.4901710621052302,flat
79,8,143.8503230537486,0.4780328528401634,flat
79,9,26.831372773254277,0.694402808921945,flat
79,10,41.87973989984825,0.3315268022848029,flat
80,1,91.92801145052714,-0.49830214231835085,upright
80,2,65.06988012889448,-0.23349071738798471,upright
80,3,142.63678979408115,0.4475711816097585,flat
80,4,62.09566350100814,-0.17146863069915064,upright
80,5,12.156635488053109,0.9334809522368717,flat
80,6,160.09626414849717,0.8261500322740625,flat
80,7,159.58493610820415,0.8174885226239754,flat
80,8,141.4673423271693,0.4178801184155263,flat
80,9,22.25762703182026,0.7847978636931561,flat
80,10,19.52471267790823,0.832452098841139,flat
81,1,98.78470160470908,-0.465014001388399,upright
81,2,28.70450671163451,0.6539786866432955,flat
81,3,134.40586327410244,0.23444665190730962,upright
81,4,18.670508375067428,0.8462795977724897,flat
81,5,19.17130123579533,0.8382364861222671,flat
81,6,145.3889386362841,0.5160594896953536,flat
81,7,160.61666242740435,0.8347767127644596,flat
81,8,136.9513101455115,0.30104568804671794,flat
81,9,33.49261856063783,0.543226220178262,flat
81,10,8.043387867726894,0.970632351037884,flat
82,1,81.0387824081238,-0.46360548497635723,upright
82,2,49.49554877347255,0.13278925076098047,upright
82,3,70.04141138111875,-0.32522960836690645,upright
82,4,27.7790365042507,0.6741779803750039,flat
82,5,10.93147025668811,0.9460579840345673,flat
82,6,146.18856116233664,0.535525887470778,flat
82,7,159.83984206075368,0.821829207777153,flat
82,8,133.37279652879238,0.20742281549126318,upright
82,9,40.37859206124737,0.3704641061728319,flat
82,10,13.523190498047475,0.9179790448662974,flat
83,1,77.22227964556247,-0.4266262171041451,upright
83,2,87.52033754307874,-0.4971922401153244,upright
83,3,101.23777598151159,-0.4430320542041544,upright
83,4,23.78715747463973,0.7559750207538465,flat
83,5,9.676505304954755,0.9576210644184857,flat
83,6,151.9973784659891,0.6693377776721692,flat
83,7,167.87418468999974,0.9338127657081285,flat
83,8,144.60497712396108,0.49677303432803166,flat
83,9,19.567484193749724,0.8317460144512794,flat
83,10,25.098852953171928,0.7301053454878763,flat
84,1,63.98873610051294,-0.21151369573675405,upright
84,2,111.47978754369272,-0.29887602650428535,upright
84,3,134.6257591706448,0.24020267666319794,upright
84,4,25.946234617027752,0.7128544764417055,flat
84,5,15.492116529887978,0.8929817492559533,flat
84,6,149.32124389617329,0.6095070971354679,flat
84,7,170.3149170284242,0.9575466154075822,flat
84,8,144.14995623437756,0.48549325414130595,flat
84,9,33.32317252989944,0.5473040597825092,flat
84,10,23.57538983624651,0.7600535268158297,flat
85,1,40.991021972779826,0.35461257735938423,flat
85,2,101.07654509675761,-0.44463471819896894,upright
85,3,106.69824766090994,-0.3761611502022305,upright
85,4,15.76636325232874,0.8892561863532285,flat
85,5,23.01758743903173,0.7706624682506982,flat
85,6,157.13677098686657,0.7735635389663322,flat
85,7,151.07343716263702,0.6490685812240253,flat
85,8,149.2382280448482,0.6075981981640495,flat
85,9,21.79602233326962,0.7932007044230223,flat
85,10,19.9726987519125,0.8249925006075518,flat
86,1,73.16960881531246,-0.3742502790040542,upright
86,2,137.7685568318479,0.3223678793933866,flat
86,3,155.708829971344,0.7461572771878981,flat
86,4,25.640046817069717,0.7191353235998639,flat
86,5,45.44890936245809,0.23824806132625198,upright
86,6,161.17780245094627,0.8438624802253085,flat
86,7,143.18702860930918,0.46143029729851737,flat
86,8,157.12166025032815,0.7732802118644075,flat
86,9,23.75521717285084,0.7565919460889252,flat
86,10,17.15757412858934,0.8694619575130926,flat
87,1,76.20428381191283,-0.4147046356119232,upright
87,2,153.76564918659906,0.7068960363161869,flat
87,3,157.70954981489916,0.7841950526100816,flat
87,4,18.960210914702003,0.8416488146284367,flat
87,5,29.918071582316088,0.6268559853631013,flat
87,6,161.29739672832233,0.8457695681565056,flat
87,7,154.06880737141927,0.7131642743872226,flat
87,8,142.76394160407415,0.45078047411870903,flat
87,9,26.75675821747791,0.6959748514820856,flat
87,10,24.334643927196716,0.7453032038355465,flat
88,1,83.0724721238297,-0.47817846786013907,upright
88,2,127.79316686225823,0.0633093189997056,upright
88,3,65.3261376664106,-0.23860001580381546,upright
88,4,18.966910789744666,0.8415410020756269,flat
88,5,84.4854185281758,-0.48614745240743124,upright
88,6,157.0612224438854,0.7721455449757679,flat
88,7,112.85247957676756,-0.27376500279721394,upright
88,8,145.4080411016694,0.5165270066529364,flat
88,9,24.661597283144523,0.7388435809662597,flat
88,10,71.9537558120996,-0.3560503415849716,upright
89,1,48.19580053059889,0.16650755842841813,upright
89,2,89.88322292362184,-0.49999376895928477,upright
89,3,92.11001431562649,-0.49796661105471896,upright
89,4,15.267432826530502,0.8959901150967584,flat
89,5,83.27085049420802,-0.47940467670473275,upright
89,6,159.25071994429697,0.8117292795417259,flat
89,7,109.45842348307573,-0.33354385381333806,upright
89,8,153.8958413442908,0.7095942585719799,flat
89,9,20.10239329915761,0.8228065774055295,flat
89,10,60.573897390452224,-0.13793557007792845,upright
90,1,40.0868334298079,0.3779967809840764,flat
90,2,95.83353880277976,-0.48450437854105083,upright
90,3,67.51702591862163,-0.2806451762257614,upright
90,4,12.711625838030557,0.9273708615664789,flat
90,5,99.21980908165132,-0.46149314285258936,upright
90,6,160.9184928851388,0.8396919449095217,flat
90,7,71.21404082102848,-0.3444414430773338,upright
90,8,159.35861017003523,0.8135968481109885,flat
90,9,20.959785723447013,0.8080625353265538,flat
90,10,70.99554840684836,-0.34093630738188363,upright
91,1,84.49304398052277,-0.4861856180075351,upright
91,2,95.79446817534861,-0.48471054417621456,upright
91,3,81.32836793087644,-0.465901984303181,upright
91,4,1.7352098849094866,0.9986246373078131,flat
91,5,99.52914540858615,-0.4588901481054521,upright
91,6,154.67296182414182,0.7255006874778411,flat
91,7,100.46006847879657,-0.4505592791305828,upright
91,8,155.5481477115309,0.7429948909171209,flat
91,9,32.36631637163176,0.5701321562175836,flat
91,10,55.430522631682834,-0.01707707158989269,upright
92,1,78.16050548904353,-0.4368574477534165,upright
92,2,110.4069238413543,-0.31762783238698167,upright
92,3,110.77331782931537,-0.31131210196563547,upright
92,4,16.468321919170926,0.8794542269239873,flat
92,5,70.65423935298122,-0.3353921922770585,upright
92,6,166.01269807821745,0.9123666983245347,flat
92,7,107.06895596667576,-0.37076688893304416,upright
92,8,161.6559963633217,0.8514255378492952,flat
92,9,14.10890343885249,0.9108674095696525,flat
92,10,43.848955633315676,0.2801261638088621,flat
93,1,80.39264793778672,-0.45821895524061934,upright
93,2,60.885995320880305,-0.14490519335804586,upright
93,3,106.37973744056077,-0.3807121562510135,upright
93,4,9.791781005460443,0.9566152405564994,flat
93,5,73.8460384847044,-0.3838909499827038,upright
93,6,164.39454590340057,0.8914492154978741,flat
93,7,118.00298725931097,-0.16932983939025498,upright
93,8,159.87306741266624,0.8223916603799768,flat
93,9,12.035242319474566,0.9347833026639756,flat
93,10,43.83292217558954,0.28054557523937707,flat
94,1,137.74081345797094,0.3216449148190281,flat
94,2,50.70471047894309,0.10163610962954506,upright
94,3,99.05405432296517,-0.4628538157869508,upright
94,4,9.14364411749349,0.9621213379877573,flat
94,5,111.6372153775508,-0.2960590577199082,upright
94,6,161.26988163219153,0.8453317221739347,flat
94,7,124.13007807181552,-0.027794594472603518,upright
94,8,163.95083327781202,0.8853530333139918,flat
94,9,15.036041557783808,0.899046756050297,flat
94,10,68.1990949936885,-0.29311255664446073,upright
95,1,121.85298090942682,-0.08223342949471202,upright
95,2,81.97254271940425,-0.47074780447111264,upright
95,3,128.1526602400994,0.07243905468012812,upright
95,4,22.004923709896737,0.7894152991385692,flat
95,5,95.2307315220756,-0.48753294213030574,upright
95,6,161.40356367340488,0.8474538410292729,flat
95,7,117.66505876842665,-0.1766354634790689,upright
95,8,163.43860202275064,0.8781260318195239,flat
95,9,17.793845602749816,0.8599193493800985,flat
95,10,31.29703510590485,0.5952187496317183,flat
96,1,106.97788168592596,-0.3721017981297989,upright
96,2,79.31962685163168,-0.4484791825590472,upright
96,3,81.95286840210144,-0.4706051868367274,upright
96,4,31.14165532003231,0.5988249454348495,flat
96,5,58.05798389750801,-0.08014206845710348,upright
96,6,150.98528265484185,0.6471126434940255,flat
96,7,136.69973942477685,0.2944729703443598,flat
96,8,149.28591467244428,0.6086950912062328,flat
96,9,30.40284624676588,0.6158296971384762,flat
96,10,23.884060849502163,0.7540994913746588,flat
97,1,156.22868120695807,0.7562810227607439,flat
97,2,130.94372826579658,0.14416152301477259,upright
97,3,50.83340473533622,0.09833499006995539,upright
97,4,5.324326671618099,0.9870840928486866,flat
97,5,27.120821971834182,0.6882760149532134,flat
97,6,158.09431120453172,0.7912170779149763,flat
97,7,155.0944114447856,0.7339815070876887,flat
97,8,163.66717218671207,0.8813758471695055,flat
97,9,17.734420376755683,0.8608234018593213,flat
97,10,28.863411935055495,0.6504674267232795,flat
98,1,102.59915905159464,-0.42862966300454924,upright
98,2,119.92845645452714,-0.126620899397339,upright
98,3,52.42590265380461,0.057760128111389863,upright
98,4,19.2091013785331,0.8376220602584468,flat
98,5,26.314688979523112,0.7052263225518951,flat
98,6,154.88324704633973,0.7297452300739524,flat
98,7,163.3391327303875,0.8766992764916257,flat
98,8,163.85032154385132,0.883950873053652,flat
98,9,13.399099717850858,0.9194499903907749,flat
98,10,14.964941319412505,0.8999774834084842,flat
99,1,104.68158529645049,-0.4036468859777856,upright
99,2,93.86330496706067,-0.4931906491311365,upright
99,3,40.011516514354454,0.3799392015813765,flat
99,4,4.977567946201522,0.988707566647659,flat
99,5,25.42666400951302,0.7234808123498127,flat
99,6,164.9556626149875,0.8989379001700619,flat
99,7,152.04773751901303,0.6704301972613056,flat
99,8,160.15480976491048,0.8271300913808486,flat
99,9,14.826934476989422,0.9017726093270433,flat
99,10,21.41130638748568,0.8000962405369161,flat
100,1,139.14856029165816,0.35822985392624873,flat
100,2,52.17373922448116,0.06414856914359102,upright
100,3,30.166598121784688,0.6212164857381819,flat
100,4,17.190325020527563,0.8689781891168371,flat
100,5,21.80848910799497,0.792975608202751,flat
100,6,151.49500615678372,0.6583696235154783,flat
100,7,163.86452197357997,0.8841494458744452,flat
100,8,169.71985105091096,0.9522273351019015,flat
100,9,18.754080821127097,0.8449499617605261,flat
100,10,11.990232295744109,0.9352630632444354,flat
101,1,161.24856231759,0.8449920916401803,flat
101,2,37.8411504499619,0.43547375292174983,flat
101,3,57.53096819259007,-0.06769829582559456,upright
101,4,14.260662366889788,0.9089795946984145,flat
101,5,17.045678439348553,0.8711086735833089,flat
101,6,157.6949550448232,0.7839267882128973,flat
101,7,154.41694900812732,0.7202985872101206,flat
101,8,160.52197051292393,0.8332212763585529,flat
101,9,11.894195293296207,0.9362810623143061,flat
101,10,14.467675946504485,0.9063746288468608,flat
102,1,153.09910087098442,0.6929352553429344,flat
102,2,92.83446680167592,-0.4963319569555884,upright
102,3,119.2437029944942,-0.14201447624983055,upright
102,4,22.849436251120476,0.7738220268173017,flat
102,5,11.863225640569388,0.93660769883088,flat
102,6,166.15858657263968,0.9141496840938146,flat
102,7,156.79441692097456,0.7671087996413082,flat
102,8,165.07356183725955,0.9004798326583967,flat
102,9,14.55518573586017,0.905263130556192,flat
102,10,22.33146697203305,0.7834407763909339,flat
103,1,143.54450397179966,0.4703927149370988,flat
103,2,110.13089278918031,-0.32232466083334244,upright
103,3,118.89227255723515,-0.1498283807557506,upright
103,4,11.333200389533232,0.9420731745216568,flat
103,5,25.288538135835275,0.7262797216541907,flat
103,6,165.21206680593605,0.9022771795811231,flat
103,7,155.47293554851163,0.741509306030133,flat
103,8,132.23444686600337,0.17771039070413586,upright
103,9,14.75778264616145,0.9026664169618894,flat
103,10,17.30755349190055,0.86723996386761,flat
104,1,44.144528688087355,0.2723928582230757,flat
104,2,38.90194226390505,0.40844389699170447,flat
104,3,115.93587012495207,-0.21306795247744736,upright
104,4,2.5760140954538677,0.9969699498414217,flat
104,5,12.669865881815817,0.9278394857199788,flat
104,6,162.1074454866604,0.8584118650417145,flat
104,7,156.99103381588222,0.7708248987123072,flat
104,8,136.7343524733585,0.29537751063430084,flat
104,9,15.068567915235928,0.8986196413324139,flat
104,10,31.882026454992662,0.5815515260089068,flat
105,1,74.71574432733075,-0.3957662422543209,upright
105,2,105.96125711639131,-0.3865729801797615,upright
105,3,104.58438059745419,-0.40489095376778284,upright
105,4,11.807622502649432,0.9371921305316473,flat
105,5,16.378977969969043,0.8807229149324125,flat
105,6,164.30209810985875,0.8901917144586522,flat
105,7,146.37263599504755,0.5399761456786147,flat
105,8,121.67072927793576,-0.08650433596863694,upright
105,9,15.679129316176661,0.8904476041816776,flat
105,10,28.695596331000235,0.6541752084514663,flat
106,1,99.53235694313784,-0.45886268974059236,upright
106,2,11.700864554312137,0.9383069799125432,flat
106,3,164.55582990333798,0.8936270459768458,flat
106,4,8.1584615698968,0.9697917633436535,flat
106,5,19.987095883994275,0.8247504263211405,flat
106,6,165.07556314527397,0.9005059115328704,flat
106,7,162.3041117150422,0.8614081969015164,flat
106,8,146.28829063431775,0.5379384573949315,flat
106,9,12.336425417090139,0.9315295589771697,flat
106,10,17.731158534395068,0.8608729491167701,flat
107,1,82.8710664092189,-0.47689782627451494,upright
107,2,67.53792409197399,-0.2810316722519131,upright
107,3,167.72568816592005,0.9322067625125543,flat
107,4,14.21835889135977,0.9095076927179184,flat
107,5,31.303947376359826,0.5950580866307267,flat
107,6,162.06611031264745,0.8577784467662799,flat
107,7,148.99572206215248,0.6020047814321288,flat
107,8,162.32234033498315,0.8616844642437509,flat
107,9,8.838622919808643,0.9645866112251575,flat
107,10,35.464876745971665,0.4950453597356541,flat
108,1,121.50921656578177,-0.09027786700015095,upright
108,2,93.74536782750354,-0.493599465220227,upright
108,3,153.4383630566814,0.7000715043486405,flat
108,4,16.507669131135042,0.8788935522211669,flat
108,5,8.264519638432324,0.9690067479589728,flat
108,6,164.41139512738354,0.8916776841198275,flat
108,7,166.07226890487834,0.9130968246961257,flat
108,8,163.11442304037237,0.873448327021733,flat
108,9,12.829061999348992,0.9260452981149077,flat
108,10,24.150938555416705,0.7489044198348156,flat
109,1,74.68767223361165,-0.3953921723746838,upright
109,2,69.81468076747203,-0.3214027550817977,upright
109,3,145.97931536564633,0.5304527809880448,flat
109,4,7.3868242365547045,0.9752055783927247,flat
109,5,10.529163949387952,0.9499113394409451,flat
109,6,173.56949251256162,0.9811846537922229,flat
109,7,162.4397404785372,0.8634578059672793,flat
109,8,157.90771832051914,0.787823808998825,flat
109,9,15.530958144475244,0.8924576709787466,flat
109,10,19.682770485166103,0.8298363816880197,flat
110,1,69.37530338997611,-0.3138850925840582,upright
110,2,130.55204738233473,0.13402016556051932,upright
110,3,144.52734434965367,0.4948528761071884,flat
110,4,14.778439103677515,0.9023998242922506,flat
110,5,12.617064149148252,0.9284299570224528,flat
110,6,154.9854723902997,0.7317992941267337,flat
110,7,171.256645905743,0.9653400134365049,flat
110,8,157.66031730452178,0.7832895622400367,flat
110,9,8.500011545554996,0.9672284785993845,flat
110,10,19.074943767696414,0.8397981021383438,flat
111,1,125.13224865914363,-0.003258923934364666,upright
111,2,140.89901543902633,0.40334680775357523,flat
111,3,93.16832531743012,-0.49541791841798977,upright
111,4,6.982238040310998,0.9778341502065289,flat
111,5,12.160392393602123,0.9334404508738079,flat
111,6,177.0812348195802,0.9961107254946004,flat
111,7,161.89786948399853,0.8551872903527233,flat
111,8,165.32284000845834,0.9037036865549248,flat
111,9,13.52211988492948,0.9179917893235776,flat
111,10,24.081083162997057,0.750268434428534,flat
112,1,144.97046268002973,0.5057883208547826,flat
112,2,95.40403823719728,-0.4866956206243347,upright
112,3,127.98228539574261,0.06810862163182652,upright
112,4,23.713621711798016,0.7573944161938764,flat
112,5,26.91401209367013,0.6926581758472206,flat
112,6,163.75328763409559,0.8825898256034834,flat
112,7,145.33804440431123,0.5148133188032218,flat
112,8,150.3380387703166,0.63263789726184,flat
112,9,14.345166403820992,0.9079203824580406,flat
112,10,74.59150243570298,-0.39410598237809175,upright
113,1,58.738374163714006,-0.09604145753357174,upright
113,2,134.21840306194665,0.22954037843707686,upright
113,3,167.2567475979604,0.9270149950021864,flat
113,4,8.277196377185774,0.9689122583562204,flat
113,5,10.880292131994795,0.9465558128906957,flat
113,6,163.82697855873334,0.8836241161385794,flat
113,7,154.6749610171088,0.7255411615652072,flat
113,8,158.03703112225998,0.7901778515358233,flat
113,9,16.678812704829006,0.8764410679877466,flat
113,10,42.804840899195405,0.3074129093474617,flat
114,1,104.86698562539036,-0.4012531994660765,upright
114,2,71.0667081913449,-0.34208166323740985,upright
114,3,166.0530607511866,0.9128617141298463,flat
114,4,14.899733238775218,0.900827560761519,flat
114,5,7.697455951078558,0.9730892371704774,flat
114,6,162.46505092704075,0.8638387740434499,flat
114,7,153.64188837356974,0.7043223537359222,flat
114,8,165.22663082566305,0.9024652883196209,flat
114,9,14.233218042684245,0.9093223613878862,flat
114,10,35.49088838185161,0.4944016490075991,flat
115,1,97.45232876162899,-0.4747663805233064,upright
115,2,149.29868297375316,0.6089886205158737,flat
115,3,152.63573955303912,0.6830884697329669,flat
115,4,30.602689429363796,0.6112535540229544,flat
115,5,18.33136979557595,0.8516230902687099,flat
115,6,155.51244457166166,0.7422901082760653,flat
115,7,173.5773413068929,0.9812303637019437,flat
115,8,159.38818402846826,0.8141073737502393,flat
115,9,22.07156296502058,0.7882017161147035,flat
115,10,22.870688087375452,0.7734236991336958,flat
116,1,45.42900827620665,0.23876900937525058,upright
116,2,125.0216819317196,-0.005981634809777314,upright
116,3,166.8966939864321,0.9229055598990001,flat
116,4,12.571891409304252,0.9289332856129953,flat
116,5,54.69700865571006,0.0009530192396225434,upright
116,6,166.52958732646204,0.9186061951749536,flat
116,7,161.43456598629942,0.8479441266739018,flat
116,8,159.22837775976208,0.8113415420145893,flat
116,9,16.035672443680525,0.8855406862801887,flat
116,10,44.04792668860553,0.27492063304978487,flat
117,1,59.65225958643841,-0.11708842565554234,upright
117,2,30.79625491467248,0.6068043998703181,flat
117,3,158.33820136290296,0.7956176811740105,flat
117,4,26.06319535482021,0.7104412592889529,flat
117,5,24.300294693292415,0.7459781118203237,flat
117,6,143.98446714926294,0.4813759654747255,flat
117,7,134.87926116141858,0.24683907395535787,upright
117,8,161.36860388713035,0.8469001306386872,flat
117,9,30.692628668303463,0.6091883156123217,flat
117,10,15.547894054018062,0.8922287900243573,flat
118,1,89.09879288538421,-0.4996289269601546,upright
118,2,62.73400379762513,-0.18518621393632184,upright
118,3,167.54576189422306,0.9302362879406991,flat
118,4,13.207181111957246,0.9217002071847624,flat
118,5,9.238083606481233,0.9613416695483736,flat
118,6,144.96749339469324,0.5057152444356823,flat
118,7,162.7969811930412,0.8687904696983018,flat
118,8,156.66613210941333,0.7646710489533841,flat
118,9,41.7378722205373,0.33521786626753025,flat
118,10,12.381644003818925,0.9310345405393994,flat
119,1,76.69674374313837,-0.42057750245979175,upright
119,2,106.41105665174832,-0.3802681014780991,upright
119,3,168.99775208727232,0.9453658431048053,flat
119,4,21.228763469013497,0.8033334592611525,flat
119,5,12.886653510270042,0.9253910794897342,flat
119,6,141.66404925390663,0.42289522569455773,flat
119,7,168.38668047886495,0.9392140607211172,flat
119,8,150.1184675252627,0.6276827399970069,flat
119,9,24.031663349075565,0.75123162252051,flat
119,10,21.30345693366014,0.8020115524806162,flat
120,1,71.45881804948314,-0.3483271724594174,upright
120,2,43.65900421938257,0.2850943680684974,flat
120,3,175.42725601385285,0.9904659486521583,flat
120,4,8.297045758770565,0.9687640226953242,flat
120,5,16.276440480313767,0.8821713907567177,flat
120,6,147.71641461567012,0.572089490780727,flat
120,7,164.03468407169578,0.8865167867815948,flat
120,8,158.20933888422036,0.7932974732759082,flat
120,9,16.608818579335065,0.8774467895140468,flat
120,10,17.266583927359683,0.8678486234696527,flat
121,1,82.29456733208553,-0.4730337709474151,upright
121,2,38.889938944352046,0.40875103677868885,flat
121,3,153.30516056235643,0.6972771121835941,flat
121,4,6.858290960143367,0.9786104021464914,flat
121,5,21.49261885763901,0.7986470459069701,flat
121,6,157.23659351135933,0.7754315532788723,flat
121,7,158.54953893957563,0.7993989573552032,flat
121,8,158.62893995223507,0.8008118936093194,flat
121,9,12.541753153843738,0.9292681565888643,flat
121,10,11.84522321983032,0.9367972013635213,flat
122,1,94.93423520728473,-0.4889028415474023,upright
122,2,52.874371621973815,0.04643549590333773,upright
122,3,156.5029663543087,0.7615555634829689,flat
122,4,16.265132133604567,0.8823306404112361,flat
122,5,17.044233210272598,0.8711298804083563,flat
122,6,172.8103698864284,0.9765048383279438,flat
122,7,155.07663313664557,0.7336258578981463,flat
122,8,152.951487594793,0.6898108141445054,flat
122,9,13.315443790936218,0.9204345433562411,flat
122,10,17.44269383696057,0.8652233240453953,flat
123,1,29.996840767574575,0.6250716253916808,flat
123,2,57.23631876790993,-0.06069397223453288,upright
123,3,167.31505138810215,0.9276703956273091,flat
123,4,22.208944585555702,0.7856906443520673,flat
123,5,22.764310503506906,0.7754146647193445,flat
123,6,170.2346003976862,0.9568464383929793,flat
123,7,148.06768772201673,0.5803701582493637,flat
123,8,161.9560410669855,0.8560855836601258,flat
123,9,15.26165780954987,0.8960669157455718,flat
123,10,20.996233049391577,0.8074246029704977,flat
124,1,26.92605141612985,0.6924037009542892,flat
124,2,124.77911183786591,-0.011941519364581876,upright
124,3,157.73803100670193,0.7847181620102721,flat
124,4,23.68728944132761,0.7579018721665596,flat
124,5,15.512741054468892,0.8927036158383324,flat
124,6,149.76164561699184,0.6195829949403819,flat
124,7,167.49945501380782,0.929724810361743,flat
124,8,163.82648485060335,0.8836172006302467,flat
124,9,29.675514340683463,0.6323326863913288,flat
124,10,13.536201606417597,0.9178240875494048,flat
125,1,67.94355849269976,-0.2884773521804085,upright
125,2,164.41555935043698,0.8917341150848219,flat
125,3,150.5079041967231,0.636455916295303,flat
125,4,7.334390604536887,0.975554405839183,flat
125,5,40.762696636279536,0.3605283014058587,flat
125,6,166.50739814741215,0.9183428011203374,flat
125,7,153.42296548338882,0.6997489821621612,flat
125,8,167.16382513337987,0.9259646463564173,flat
125,9,5.2192131207682655,0.9875876363885554,flat
125,10,10.491589647217113,0.9502641960568023,flat
126,1,53.66400836193038,0.026618723998373617,upright
126,2,166.07594834859754,0.9131418275994063,flat
126,3,161.8198947364388,0.8539792804882409,flat
126,4,8.959749414471894,0.9636173121635698,flat
126,5,17.029147432151706,0.8713511498677413,flat
126,6,170.4448150534414,0.9586672554350275,flat
126,7,166.81827511447037,0.9219964153436975,flat
126,8,160.78343095780306,0.837500555385275,flat
126,9,4.384456404354696,0.9912334315713616,flat
126,10,17.54089260883687,0.8637493561034875,flat
127,1,45.5619199311785,0.23528991389650322,upright
127,2,120.00108131412767,-0.12497548364691102,upright
127,3,156.7917011497456,0.7670573000676504,flat
127,4,7.9262167215752894,0.9714763128484785,flat
127,5,6.958235988271583,0.9779855336874983,flat
127,6,173.34597576599464,0.979859910675694,flat
127,7,173.4552287876704,0.980512989439895,flat
127,8,170.98353056211587,0.9631590308469302,flat
127,9,12.702995328532548,0.9274678299159032,flat
127,10,61.531064010984984,-0.159161088099796,upright
128,1,107.90600309734529,-0.3582059185174754,upright
128,2,70.22141110956244,-0.32824207327153176,upright
128,3,141.49231294339575,0.4185171959543912,flat
128,4,12.925303866622373,0.9249504947459406,flat
128,5,9.273020778346686,0.9610512778027707,flat
128,6,164.8030864935128,0.8969261378101008,flat
128,7,146.5057772568023,0.5431875651363334,flat
128,8,148.2056641497766,0.5836092003640945,flat
128,9,28.72766802017524,0.6534676724666131,flat
128,10,32.2623944927531,0.5725904151491603,flat
129,1,104.05097808914536,-0.4115830882495527,upright
129,2,13.440121745060694,0.9189651125337952,flat
129,3,163.2683157629682,0.8756788955607138,flat
129,4,19.047687932518606,0.8402386135977509,flat
129,5,26.45649204418828,0.7022704207767232,flat
129,6,161.00122196722748,0.8410277603103955,flat
129,7,141.15356330134878,0.40986393413148314,flat
129,8,171.94257304270334,0.9705304210944825,flat
129,9,18.900283215614706,0.8426117148121155,flat
129,10,29.82307876489083,0.6290040686713965,flat
130,1,114.76392763374213,-0.23680871597527064,upright
130,2,17.52340431837779,0.8640123844011289,flat
130,3,143.3057319695609,0.46441007965271486,flat
130,4,23.193620918027808,0.7673355845580845,flat
130,5,4.717829229293357,0.989852742557995,flat
130,6,170.9721068914024,0.96306639262479,flat
130,7,166.89085273193646,0.9228380133755669,flat
130,8,156.22160759759575,0.7561443803362544,flat
130,9,13.797326632646005,0.9146851069673239,flat
130,10,33.11293213699404,0.5523491703546504,flat
131,1,91.92372677669482,-0.4983096774936438,upright
131,2,24.914207145338317,0.7338091183041979,flat
131,3,146.3636580936343,0.5397593689879123,flat
131,4,15.836831100324016,0.8882894267685391,flat
131,5,5.438082656885544,0.986527967689306,flat
131,6,174.77164973324057,0.9875442591180168,flat
131,7,167.6625834649129,0.9315187271729544,flat
131,8,159.5693517176784,0.8172216817464257,flat
131,9,25.614548000847535,0.7196559747845479,flat
131,10,28.63850521226067,0.6554334459640465,flat
132,1,40.089875414286404,0.37791830963341033,flat
132,2,78.84152282324169,-0.44382304495803754,upright
132,3,132.13383801028326,0.17508917175418148,upright
132,4,17.660007513199695,0.8619517587816174,flat
132,5,1.6453030866860903,0.9987634307519517,flat
132,6,161.25321920867108,0.8450663070748614,flat
132,7,169.77664149091555,0.9527480981802212,flat
132,8,169.75383465802267,0.9525392933513022,flat
132,9,25.756177570499172,0.7167593966454544,flat
132,10,41.35215598344934,0.345242470172626,flat
133,1,70.15250370035565,-0.3270915332179455,upright
133,2,56.287530944302766,-0.03792009277734398,upright
133,3,153.11685352990168,0.6933102246063374,flat
133,4,25.58432310608987,0.7202726441252894,flat
133,5,4.542022375041559,0.9905933582515947,flat
133,6,172.06342849306702,0.9714022152314381,flat
133,7,165.62689186710824,0.9075688882227402,flat
133,8,168.6840198349675,0.9422467814277748,flat
133,9,20.846180183577815,0.8100451564745144,flat
133,10,19.048601225125108,0.8402238615228543,flat
134,1,106.01534325772154,-0.38582311999510643,upright
134,2,121.11433330186645,-0.09945800193045906,upright
134,3,138.25149615877388,0.3349413277690274,flat
134,4,10.097264920352773,0.953894488669178,flat
134,5,8.866127050353198,0.9643676333979032,flat
134,6,163.58974370395777,0.8802794585836822,flat
134,7,165.76387740272253,0.9092861134936376,flat
134,8,159.22537948928056,0.8112894825293766,flat
134,9,19.772441020090493,0.8283445611850451,flat
134,10,20.72117012322239,0.8122166280984287,flat
135,1,122.89657454817099,-0.0575240703996871,upright
135,2,95.59784803671798,-0.4857273072629178,upright
135,3,155.05694297865733,0.7332317454139381,flat
135,4,13.757623370422351,0.915165945832753,flat
135,5,11.334021105752031,0.9420648941698602,flat
135,6,177.70860417496297,0.9976021904747543,flat
135,7,161.6206207551527,0.8508717555619083,flat
135,8,157.1535448685244,0.7738778795269847,flat
135,9,11.966616861389916,0.9355141029854774,flat
135,10,15.672535776882938,0.8905374157318662,flat
136,1,122.71476364725181,-0.061859122647411224,upright
136,2,130.3091661165197,0.12774228069766003,upright
136,3,158.53321577233112,0.7991079642211456,flat
136,4,13.1156664084935,0.9227625949509481,flat
136,5,18.73930505140529,0.845185412749919,flat
136,6,168.8218632426581,0.9436274396916469,flat
136,7,165.0220841532562,0.8998079407083568,flat
136,8,165.38760080175442,0.9045331323899795,flat
136,9,12.546290963766182,0.9292177843231417,flat
136,10,28.053546344083482,0.6682317676403358,flat
137,1,132.40368631734185,0.18212167578982597,upright
137,2,112.04849570215916,-0.28862212931363096,upright
137,3,156.8165883292611,0.7675290654779086,flat
137,4,18.86230534186053,0.8432205896585419,flat
137,5,13.659885112755,0.9163441901444338,flat
137,6,158.83530617960284,0.8044643515905694,flat
137,7,157.22187974926496,0.7751566097502118,flat
137,8,162.59725472885646,0.8658208862503929,flat
137,9,9.204962988739622,0.961615985540913,flat
137,10,34.247834570181126,0.5249286653928749,flat
138,1,125.26213510909213,-5.564815273079171e-05,upright
138,2,125.66577138813295,0.009931390897520709,upright
138,3,138.6616537245502,0.34560106939770485,flat
138,4,13.318980311216288,0.9203930374535776,flat
138,5,16.284850712820674,0.8820528898877855,flat
138,6,161.05399537842948,0.8418773113421494,flat
138,7,151.965807826923,0.6686522669092212,flat
138,8,166.25849054870696,0.9153607340906267,flat
138,9,26.867573875720943,0.6936390066849851,flat
138,10,39.967088103118755,0.3810845884460168,flat
139,1,138.3131588733392,0.33654506918998284,flat
139,2,109.79120206305717,-0.3280317223455269,upright
139,3,151.65582726598112,0.6618946136328112,flat
139,4,5.702208820770248,0.9851919488909759,flat
139,5,25.76322476099103,0.7166149704574869,flat
139,6,158.1465302846939,0.7921625978151785,flat
139,7,159.63636690234856,0.8183679449433092,flat
139,8,174.704239566101,0.9872219208407125,flat
139,9,22.878341033309283,0.7732801877899533,flat
139,10,35.512856541096156,0.4938578453522623,flat
140,1,72.05975981030029,-0.357681019800924,upright
140,2,96.23961084639556,-0.48228082603860456,upright
140,3,164.93139651306683,0.8986191737704885,flat
140,4,34.44561750597402,0.5201046438850463,flat
140,5,19.90499816167213,0.8261288745688333,flat
140,6,154.21757152860866,0.7162212634283454,flat
140,7,165.1329114186019,0.9012518626235622,flat
140,8,171.6612252127095,0.968451264167449,flat
140,9,19.19037542358231,0.8379265709370789,flat
140,10,3.2748745723084687,0.9951048912576561,flat
141,1,122.96515368468648,-0.05588566056750677,upright
141,2,132.39395838447095,0.18186804820081748,upright
141,3,168.7794481178295,0.9432043130135024,flat
141,4,20.250565357972015,0.8202948615843133,flat
141,5,32.41942344983384,0.5688742864774314,flat
141,6,157.53754926774846,0.7810247426474077,flat
141,7,131.52434259988883,0.15923056289541337,upright
141,8,164.66617388540536,0.8951052807751756,flat
141,9,10.044755574151148,0.954367861314579,flat
141,10,51.89867573422669,0.07113357545273058,upright
142,1,133.01118462157513,0.1979747481028057,upright
142,2,141.2063402791335,0.41121360742461777,flat
142,3,160.75217564484277,0.8369915732901785,flat
142,4,17.04096830492485,0.8711777827563709,flat
142,5,35.504754986819016,0.4940584093506144,flat
142,6,161.70236966255544,0.8521500927060464,flat
142,7,154.80583539304584,0.7281856938803144,flat
142,8,160.94071559771973,0.8400512556021549,flat
142,9,16.06058444785473,0.8851941470250604,flat
142,10,44.81431682770779,0.25486114004626215,flat
143,1,93.76330886933293,-0.4935380871521994,upright
143,2,139.8586126557645,0.37658928419566373,flat
143,3,147.3864040118171,0.564265910161704,flat
143,4,19.180514157414436,0.8380868281932905,flat
143,5,37.937805685382116,0.4330208704368136,flat
143,6,167.55982370492737,0.9303912543916284,flat
143,7,150.75229831802054,0.641925225485342,flat
143,8,164.10340270394013,0.8874664578259557,flat
143,9,15.380731399398856,0.8944780773831882,flat
143,10,41.296789228068214,0.3466800545350477,flat
144,1,125.17496903865843,-0.002205919959646696,upright
144,2,95.83633968193858,-0.4844895465389674,upright
144,3,149.08199950404733,0.6039976878064874,flat
144,4,20.954783073037632,0.8081500255270058,flat
144,5,24.408442966364035,0.7438507625974675,flat
144,6,161.83668626783535,0.8542397986317825,flat
144,7,166.76687415961916,0.9213977690942237,flat
144,8,164.97859992739203,0.8992387453485939,flat
144,9,12.4697564303613,0.9300650799250536,flat
144,10,24.306700053662613,0.7458523107008574,flat
145,1,149.06495520794573,0.6036042387449734,flat
145,2,74.43377376750365,-0.3919807861751998,upright
145,3,154.24301191281313,0.7167427872311352,flat
145,4,21.49544537340775,0.7985965906606918,flat
145,5,19.80834360156321,0.8277456718791207,flat
145,6,165.623660096927,0.9075281936582125,flat
145,7,159.44964087609958,0.8151663636438049,flat
145,8,169.59402856363224,0.9510637275418985,flat
145,9,23.8682339405428,0.7544062100648672,flat
145,10,45.17282745058247,0.2454754153696571,upright
146,1,132.80170845401463,0.19250532440648616,upright
146,2,46.54255298159454,0.20963556882115353,upright
146,3,159.42721605161913,0.8147802527796744,flat
146,4,15.813101340115061,0.8886154106916413,flat
146,5,16.239674363128223,0.8826887885391943,flat
146,6,166.51453703556942,0.9184275862129552,flat
146,7,170.87408010130747,0.9622668023942422,flat
146,8,164.5995189728805,0.8942134743179788,flat
146,9,12.538060482691545,0.9293091347571807,flat
146,10,9.686654860823833,0.9575329654726328,flat
147,1,133.2729982013955,0.20481457852083784,upright
147,2,60.283802439472595,-0.13141600216818372,upright
147,3,157.6786719772961,0.7836273279134516,flat
147,4,16.1997098055118,0.8832500149169655,flat
147,5,16.739145141577453,0.8755711708438256,flat
147,6,178.39816437449957,0.9988278890095821,flat
147,7,176.19989292882244,0.9934112844533449,flat
147,8,162.792072691963,0.8687178487776046,flat
147,9,1.95588178973025,0.998252720028423,flat
147,10,11.814203992318774,0.937123089050742,flat
148,1,86.4349687339952,-0.49420021161114414,upright
148,2,15.708061885673217,0.8900531084869372,flat
148,3,162.6790189790297,0.8670402046030794,flat
148,4,23.359144827556296,0.7641895016698679,flat
148,5,20.352451047321196,0.8185589060415066,flat
148,6,149.11112894192593,0.604669819086229,flat
148,7,160.31362478428716,0.8297765204170591,flat
148,8,172.1425967244582,0.9719663386633979,flat
148,9,24.21308494369267,0.7476884395813521,flat
148,10,27.56868999764938,0.6787080110228714,flat
149,1,32.967812909242866,0.5558220942251388,flat
149,2,68.54094755617011,-0.2992458209745011,upright
149,3,168.379411376706,0.9391389882407617,flat
149,4,17.46691130461341,0.8648604896432996,flat
149,5,16.907703757551605,0.8731261335529106,flat
149,6,160.4395004762329,0.831861408008949,flat
149,7,165.46950780128273,0.9055773931435513,flat
149,8,175.59293388363545,0.9911429626140373,flat
149,9,18.174721530725343,0.8540628309159535,flat
149,10,37.03765895629578,0.45578012179849026,flat
150,1,52.05853293657382,0.06707208785490426,upright
150,2,49.70777540051562,0.12730470668772553,upright
150,3,169.72109037349128,0.9522387290363852,flat
150,4,25.07748071770952,0.7305350704316176,flat
150,5,17.516308948027966,0.8641190353151607,flat
150,6,166.8985071774417,0.9229265214089588,flat
150,7,169.60537898542643,0.9511692516362471,flat
150,8,173.17781939451322,0.9788339880092536,flat
150,9,6.8337143518754315,0.9787626999192611,flat
150,10,16.63122228708692,0.8771252856211109,flat
151,1,64.07331105362256,-0.21325700534003017,upright
151,2,115.56884790724287,-0.22058817732427138,upright
151,3,165.54345868406963,0.9065156154217151,flat
151,4,16.557785038868403,0.8781777122218513,flat
151,5,23.796379141027288,0.7557967876849214,flat
151,6,163.9835196386477,0.8858073306479683,flat
151,7,162.44992337128173,0.863611134528323,flat
151,8,172.43319776822818,0.9739897575350784,flat
151,9,8.144303642427294,0.9698958106589037,flat
151,10,13.4706882330039,0.9186029266379303,flat
152,1,72.9544752689252,-0.3711109291240324,upright
152,2,95.89836251459612,-0.48415930696794257,upright
152,3,177.04810403982214,0.996022008981255,flat
152,4,25.283037307165642,0.7263909587035706,flat
152,5,21.928331227619925,0.7908065370695709,flat
152,6,160.5194243727515,0.8331793646869858,flat
152,7,166.44659031168598,0.9176189343168124,flat
152,8,176.7938417921344,0.9953079509613261,flat
152,9,12.612772744608133,0.9284778457069269,flat
152,10,13.104196722659388,0.9228952618125699,flat
153,1,43.75669684240661,0.28253938357609654,flat
153,2,77.48603614259683,-0.4295762617384304,upright
153,3,150.39862375257505,0.634001199821721,flat
153,4,12.925529878972391,0.924947914762758,flat
153,5,28.22904721981459,0.6644100500407761,flat
153,6,168.79407279814723,0.9433503782369177,flat
153,7,170.31778869783747,0.9575715468424488,flat
153,8,141.95346490839566,0.43025908528973256,flat
153,9,38.10645278077193,0.42873603162589546,flat
153,10,10.504487177923089,0.9501432123520099,flat
154,1,83.91150608649082,-0.48312551866758596,upright
154,2,50.00090337074713,0.11974057592324261,upright
154,3,146.88988371145075,0.5524166319900337,flat
154,4,23.310653036988523,0.7651129588139436,flat
154,5,22.815281516256427,0.7744615922571907,flat
154,6,151.72723922314333,0.6634557160510428,flat
154,7,143.33209553586045,0.4650713802397459,flat
154,8,144.38545432460077,0.49133875161461293,flat
154,9,31.4120879607284,0.5925419482357803,flat
154,10,44.269548763567705,0.2691210966423505,flat
155,1,130.6384247809596,0.13625484235289853,upright
155,2,64.97474414380133,-0.23158401387664607,upright
155,3,166.40133902058608,0.9170783030256608,flat
155,4,7.101300605930671,0.9770756590086334,flat
155,5,13.662471127801709,0.9163131153109214,flat
155,6,171.8022187520529,0.9695018790568959,flat
155,7,165.71426714572826,0.9086659475369407,flat
155,8,155.6697795372362,0.7453901578637616,flat
155,9,20.461860807693096,0.8166867463080814,flat
155,10,12.13644641860215,0.9336983994051586,flat
156,1,120.53421929987017,-0.11282341988750011,upright
156,2,12.014048419702451,0.9350094185008924,flat
156,3,173.80651261668672,0.9825408021753903,flat
156,4,22.207676141079748,0.7857138855130843,flat
156,5,40.07977742498947,0.37817879286674705,flat
156,6,155.724498234544,0.7464648105286129,flat
156,7,147.7225972047886,0.5722356571485405,flat
156,8,165.6044692167981,0.9072863690561854,flat
156,9,16.307014309371013,0.8817403420805128,flat
156,10,11.393369190735303,0.9414646156212854,flat
157,1,96.96317389975668,-0.47795443150508865,upright
157,2,56.919232895745765,-0.053119600885372875,upright
157,3,173.45144817768065,0.9804905676029831,flat
157,4,21.418679299526378,0.7999650190536727,flat
157,5,89.23849638957813,-0.4997350497365122,upright
157,6,154.66594381479675,0.7253585880529001,flat
157,7,165.57949732948833,0.9069712562839249,flat
157,8,160.94909460418742,0.8401866404472091,flat
157,9,8.21765708726433,0.969354828677139,flat
157,10,24.962876658497162,0.7328348107757461,flat
158,1,113.59075078495316,-0.2597586198332661,upright
158,2,105.71059366529649,-0.39001855659320955,upright
158,3,168.01373344022372,0.935305252843907,flat
158,4,10.15189460103105,0.9533994912253463,flat
158,5,51.77962865352399,0.07416182654466341,upright
158,6,160.82044950674137,0.8381024851401553,flat
158,7,162.42371431310858,0.8632163355518936,flat
158,8,163.25482330630606,0.8754840529015058,flat
158,9,15.4357797966617,0.8937397832209228,flat
158,10,20.227792019327026,0.8206818942188501,flat
159,1,158.0079201423553,0.7896488662428689,flat
159,2,71.31796690197326,-0.3460965410342034,upright
159,3,159.91163445552192,0.8230435737567439,flat
159,4,15.804783907248554,0.888729566449141,flat
159,5,20.41868244505001,0.8174265795744886,flat
159,6,155.84078338892274,0.7487425836123516,flat
159,7,156.56855324889239,0.7628098793206339,flat
159,8,173.78027202869325,0.9823931292004628,flat
159,9,10.922338920263226,0.9461469708382124,flat
159,10,16.993686320640194,0.87187059428276,flat
160,1,154.77640462635148,0.7275918645810964,flat
160,2,113.06918685318416,-0.2696893141050328,upright
160,3,170.58645257154473,0.9598725674568622,flat
160,4,21.29495944845236,0.8021621282476818,flat
160,5,17.8219290885296,0.8594911940811449,flat
160,6,157.5936494835225,0.7820608895691588,flat
160,7,167.9406641747059,0.9345257959804882,flat
160,8,166.12909258374304,0.9137906089362768,flat
160,9,20.346068260731986,0.8186678690380285,flat
160,10,14.802368017485978,0.9020905731959805,flat
161,1,123.44552650316601,-0.044360559562558244,upright
161,2,140.515246582246,0.39349854724264377,flat
161,3,162.73463616894438,0.8678667303194696,flat
161,4,12.254798137581792,0.9324188519152212,flat
161,5,9.870871091729581,0.9559185310716363,flat
161,6,162.10595659356144,0.858389071295953,flat
161,7,153.24516961012543,0.696015428537504,flat
161,8,159.17530611714835,0.8104191416693212,flat
161,9,16.396157501531096,0.8804794408328718,flat
161,10,34.97225630955317,0.5071975122707273,flat
162,1,130.78729531501796,0.14010869959438133,upright
162,2,107.86187267043495,-0.3588812132138277,upright
162,3,167.18122280512824,0.9261618423060893,flat
162,4,29.24415491738446,0.6420043897069376,flat
162,5,29.72535896746052,0.6312094689369334,flat
162,6,155.14443830493877,0.7349812772946833,flat
162,7,150.76762071216066,0.6422671801076887,flat
162,8,166.1325244503311,0.9138324264425806,flat
162,9,19.91908118068526,0.8258927518541794,flat
162,10,36.694506384629854,0.4644040999752094,flat
163,1,146.84806592607902,0.551414468203073,flat
163,2,60.19371128265968,-0.12938331121959173,upright
163,3,164.8481720270238,0.8975225168515841,flat
163,4,10.317985992184981,0.9518788410106676,flat
163,5,17.226768676135,0.8684389234342687,flat
163,6,164.1621100188115,0.8882748703471253,flat
163,7,165.05522803487284,0.9002407787087179,flat
163,8,163.58223497767796,0.8801728898717796,flat
163,9,14.72879150153365,0.9030400049241392,flat
163,10,13.566098064565882,0.9174675103211032,flat
164,1,95.84449753948263,-0.48444630675636274,upright
164,2,91.1816429218894,-0.49936209363419215,upright
164,3,170.30793386574365,0.9574859588951212,flat
164,4,20.261390057861956,0.8201107695549719,flat
164,5,19.06992101864867,0.8398793204351869,flat
164,6,166.3243717843332,0.91615492916888,flat
164,7,164.01796505251934,0.8862851807743926,flat
164,8,168.8726992696492,0.9441325686401232,flat
164,9,16.577593135008993,0.8778942493574309,flat
164,10,16.49259073163883,0.8791085508374876,flat
165,1,139.98254556485895,0.3797860952508363,flat
165,2,137.13611566174856,0.3058715705830801,flat
165,3,175.53606609829257,0.9909133750838202,flat
165,4,24.061897627030532,0.7506425358891353,flat
165,5,15.875217002458827,0.8877611792486195,flat
165,6,160.01634243426824,0.8248082516173654,flat
165,7,159.59147874011242,0.8176004975956934,flat
165,8,160.382878589368,0.830924963522119,flat
165,9,20.85875928044188,0.8098260616285939,flat
165,10,38.52935798409828,0.4179643109899358,flat
166,1,100.16241007129007,-0.4533039173360182,upright
166,2,168.11138127992615,0.9363399375757331,flat
166,3,147.15539604850557,0.5587645157962524,flat
166,4,30.069229109329026,0.6234293101491262,flat
166,5,11.084056854808596,0.9445605382452507,flat
166,6,159.9493782626449,0.8236805661238351,flat
166,7,169.05115574786743,0.9458884755015615,flat
166,8,162.90239467805353,0.8703456669648624,flat
166,9,23.292485745635446,0.7654585491199042,flat
166,10,33.76808777020464,0.536575026214644,flat
167,1,62.33611413654491,-0.1766607175387489,upright
167,2,174.45304281800688,0.9859848302945167,flat
167,3,100.21685918239773,-0.4528075203319193,upright
167,4,35.18660371039175,0.5019190425704418,flat
167,5,10.627697167416512,0.9489803065061395,flat
167,6,153.17751552215734,0.694590233423142,flat
167,7,165.85094243307722,0.9103697118771965,flat
167,8,152.68874802724798,0.6842207287006128,flat
167,9,19.821277656732452,0.8275296971201702,flat
167,10,15.745082972034076,0.8895473737753246,flat
168,1,154.61300521985504,0.7242857780356984,flat
168,2,88.52842672661423,-0.49901073127330847,upright
168,3,122.29306238908256,-0.07186541000044255,upright
168,4,36.97662920053569,0.4573160922255649,flat
168,5,17.372802780049483,0.8662679896156247,flat
168,6,156.7007999965283,0.7653308501806766,flat
168,7,161.99144899944898,0.8566311344016124,flat
168,8,160.84514947789106,0.8385035659729563,flat
168,9,27.051334001598264,0.6897509771158608,flat
168,10,37.01572948771859,0.45633214101438124,flat
169,1,73.82781925434634,-0.3836358915649102,upright
169,2,23.098833289187677,0.7691294257181471,flat
169,3,135.6199681317405,0.2662294608703597,flat
169,4,32.28795916966873,0.5719860783879984,flat
169,5,18.959483316876668,0.841660520985354,flat
169,6,153.70999636763906,0.705739753772282,flat
169,7,159.2822609683096,0.8122760766865316,flat
169,8,163.03558627294703,0.8722986696470363,flat
169,9,27.248252120256407,0.6855644693977307,flat
169,10,28.73255443910746,0.6533598283923809,flat
170,1,93.07043011759104,-0.4956964321491751,upright
170,2,33.443800386199214,0.5444021226582751,flat
170,3,120.09977524055938,-0.1227355768546059,upright
170,4,9.30449100002627,0.9607887974173566,flat
170,5,14.002079677469913,0.9121851321309533,flat
170,6,156.1909722022966,0.7555522337340848,flat
170,7,164.41475491560274,0.8917232149401126,flat
170,8,147.80917071475886,0.5742808148382579,flat
170,9,36.74282979110097,0.46319148730473647,flat
170,10,16.117174571048043,0.8844051638185002,flat
171,1,72.80341115918803,-0.36888557310028985,upright
171,2,57.453638225186154,-0.06586325207214427,upright
171,3,144.01483793929737,0.48213215861368774,flat
171,4,31.231820628644407,0.5967335495189461,flat
171,5,37.32738879634963,0.44847570511040646,flat
171,6,162.33130590863703,0.8618202528613881,flat
171,7,165.82204576298898,0.910010743987486,flat
171,8,172.32787176888831,0.9732649822404897,flat
171,9,13.987442691951262,0.9123649695899321,flat
171,10,9.225267544254303,0.9614479292409506,flat
172,1,104.37371710199733,-0.407561220702052,upright
172,2,24.933179528518064,0.7334294789882485,flat
172,3,176.44465609039574,0.9942316482202964,flat
172,4,24.626379818125287,0.7395424478395323,flat
172,5,14.431764365231386,0.9068289849918305,flat
172,6,159.38730072671785,0.814092134254268,flat
172,7,163.73572401301664,0.8823426930737972,flat
172,8,160.12947852006306,0.8267063395569767,flat
172,9,22.098934266943942,0.787702406848144,flat
172,10,13.63913777442685,0.9165933038559604,flat
173,1,117.81337976627924,-0.1734361844034431,upright
173,2,22.925518328529765,0.7723946745317236,flat
173,3,173.20811539972863,0.9790206796344374,flat
173,4,16.807281757746743,0.8745854140177562,flat
173,5,18.910949045291698,0.842440529055714,flat
173,6,158.74534599669653,0.8028756803723403,flat
173,7,167.40431478604327,0.9286683780362519,flat
173,8,167.03209011718855,0.924463394922336,flat
173,9,21.928753906174148,0.7907988700681547,flat
173,10,19.938935437919813,0.8255596293736112,flat
174,1,103.4641765216496,-0.418680148486691,upright
174,2,48.754014587502354,0.15200115430071892,upright
174,3,166.7067738927461,0.920695064521891,flat
174,4,28.19323155751588,0.6651912418336823,flat
174,5,9.967522004016931,0.9550598227519258,flat
174,6,160.1823482681972,0.827590255225976,flat
174,7,164.3921259416366,0.8914163835761268,flat
174,8,165.5241954171507,0.9062716415221814,flat
174,9,17.81289256999099,0.8596290269962148,flat
174,10,30.85212978531087,0.6055170624555064,flat
175,1,95.66147332074051,-0.4854020784222256,upright
175,2,62.3878109554375,-0.17777310138382524,upright
175,3,155.73132135873965,0.746598686949342,flat
175,4,22.500758249534453,0.7803160489794865,flat
175,5,8.429351513922496,0.967767148286441,flat
175,6,167.77454344234556,0.93273716207282,flat
175,7,167.24179561273834,0.9268464658713593,flat
175,8,164.76755563411825,0.8964550163635767,flat
175,9,20.832551514518084,0.8102824102430901,flat
175,10,15.469075441190526,0.8932920772876631,flat
176,1,80.94846506930462,-0.46287431335427065,upright
176,2,57.65988912298481,-0.0707524423685319,upright
176,3,144.2088167224536,0.4869557872463106,flat
176,4,8.592390591759495,0.966517655453575,flat
176,5,14.551858801393225,0.9053054992093859,flat
176,6,157.17839703331302,0.7743432759523916,flat
176,7,166.17395784646692,0.914336542955668,flat
176,8,160.10058082204546,0.8262223760115708,flat
176,9,15.565987338438251,0.8919840197047901,flat
176,10,49.958048953710176,0.12084559654669025,upright
177,1,94.13743141902751,-0.49219177001599157,upright
177,2,46.136584127201616,0.22025210266676942,upright
177,3,169.49719462279663,0.9501589963237804,flat
177,4,34.11350583325166,0.5281975499511575,flat
177,5,15.489353293219683,0.8930189877579091,flat
177,6,151.23282153524602,0.6525953344245061,flat
177,7,160.2930338201514,0.829434404544483,flat
177,8,179.00412580031846,0.9995468820974547,flat
177,9,17.87029611470423,0.8587524271125253,flat
177,10,13.123597088892044,0.9226707997780985,flat
178,1,89.79269842412255,-0.49998036416806474,upright
178,2,28.498365070103397,0.6585151726794802,flat
178,3,157.09628404018517,0.7728040790973052,flat
178,4,19.941196322440753,0.8255216778348187,flat
178,5,19.917441436071634,0.8259202517660487,flat
178,6,166.24859089524614,0.9152410900450494,flat
178,7,158.53536811375437,0.7991463442213949,flat
178,8,168.55373416470226,0.940927089141443,flat
178,9,20.45089037275404,0.8168748396562977,flat
178,10,13.752923918782958,0.9152227754790594,flat
179,1,139.26276473791782,0.3611875567095515,flat
179,2,27.633900271415406,0.6773061005486094,flat
179,3,172.7217619803048,0.9759252792403101,flat
179,4,16.264308365825194,0.8823422372611505,flat
179,5,7.7689038160118855,0.9725904260985017,flat
179,6,162.58654864013351,0.8656608588881654,flat
179,7,157.96954197077656,0.7889506322600941,flat
179,8,175.2894707194112,0.9898840494604242,flat
179,9,12.64459748809982,0.9281223445862827,flat
179,10,15.955200184753712,0.8866568133633383,flat
180,1,127.88781173232951,0.06571013877508614,upright
180,2,22.007896572205183,0.7893612218010988,flat
180,3,168.01344920403145,0.9353022294256437,flat
180,4,19.035900747192567,0.8404289537691714,flat
180,5,13.249355415519902,0.9212083007010226,flat
180,6,169.24248338642224,0.9477410302130747,flat
180,7,153.41154052968653,0.6995095876843775,flat
180,8,159.1657967748352,0.8102536633009512,flat
180,9,18.799231712799244,0.8442295045867374,flat
180,10,11.609277752836038,0.9392557833480097,flat
181,1,92.99701590939793,-0.49589958358910946,upright
181,2,18.23119334130334,0.8531853807961798,flat
181,3,144.2954483016454,0.48910653985288954,flat
181,4,28.62067528014686,0.6558260720972959,flat
181,5,22.359658432983277,0.7829217167066969,flat
181,6,163.30771653923634,0.8762470820389994,flat
181,7,158.5060398623094,0.7986231038033882,flat
181,8,161.99642596761498,0.8567077431988803,flat
181,9,16.551919953098636,0.8782615866463583,flat
181,10,24.985876513383708,0.7323738951433636,flat
182,1,96.36892550062281,-0.4815418214543995,upright
182,2,25.57518169874731,0.7204590504089596,flat
182,3,174.14772515391286,0.9844050285863502,flat
182,4,38.983669030043046,0.40635194369004535,flat
182,5,3.651402158704294,0.9939161667092984,flat
182,6,158.32536379863035,0.7953870312923421,flat
182,7,162.9051032574079,0.8703855168701127,flat
182,8,173.1545690326952,0.9786901605983134,flat
182,9,12.024247046824932,0.9349006570432286,flat
182,10,15.246283740843433,0.8962712440305389,flat
183,1,28.72846714772447,0.6534500363921825,flat
183,2,32.670781194539934,0.5629059486994694,flat
183,3,167.23071427562382,0.9267214452273902,flat
183,4,66.97935188436868,-0.2706047916243858,upright
183,5,14.94634606295978,0.9002202416744605,flat
183,6,150.05277210186128,0.6261958381379915,flat
183,7,155.60631311399956,0.7441414399248876,flat
183,8,177.0990062957161,0.9961579021812836,flat
183,9,17.687853716460037,0.8615299968592973,flat
183,10,32.739404417122856,0.5612723264276505,flat
184,1,50.78286979172745,0.09963089403623204,upright
184,2,35.129172696724424,0.5033347208573642,flat
184,3,173.8026633096988,0.9825191780669922,flat
184,4,24.14772631949393,0.7489672079201175,flat
184,5,9.941331847053673,0.9552933058892221,flat
184,6,159.0987973802753,0.8090860138207687,flat
184,7,162.5955975117952,0.8657961209179224,flat
184,8,173.2469299854325,0.9792586734547526,flat
184,9,25.108827928778737,0.7299046902565411,flat
184,10,35.95353644039292,0.4829193180961837,flat
185,1,39.416663074756144,0.3952478086099632,flat
185,2,27.091368235452713,0.6889015197685548,flat
185,3,170.20884720413014,0.9566207529417539,flat
185,4,28.985380415395152,0.647763978193086,flat
185,5,13.74388761726875,0.915331999587532,flat
185,6,157.44002817786,0.7792187255437764,flat
185,7,163.1197607478182,0.8735259949513094,flat
185,8,171.76244362617268,0.9692072579460111,flat
185,9,10.619052880034614,0.9490623167759482,flat
185,10,13.879701866022268,0.9136834045411657,flat
186,1,34.779934605428025,0.5119213356782562,flat
186,2,15.881249554429617,0.8876780581582304,flat
186,3,169.24206382825054,0.9477370018048128,flat
186,4,25.78188885209847,0.7162323293555044,flat
186,5,26.400687221404116,0.7034350053165657,flat
186,6,164.6881115348857,0.895398030982598,flat
186,7,146.80287557576753,0.5503307588882276,flat
186,8,160.5422628921065,0.8335551417888922,flat
186,9,18.118397285421278,0.8549356501307699,flat
186,10,8.811807474256067,0.9647994718621364,flat
187,1,29.54519735553932,0.6352638206523771,flat
187,2,24.10071881526489,0.7498853237600858,flat
187,3,155.53283725928782,0.7426927551608664,flat
187,4,38.28411813446396,0.4242153677419178,flat
187,5,8.8415263222255,0.9645635264888821,flat
187,6,158.65503276995958,0.8012752905534826,flat
187,7,158.17875687937948,0.792745219297244,flat
187,8,157.24365901659021,0.7755635310969871,flat
187,9,13.181390808443261,0.922000299131331,flat
187,10,21.735497271512116,0.7942920633757722,flat
188,1,72.89962316480026,-0.37030488540606754,upright
188,2,29.634201886374328,0.6332627596308376,flat
188,3,170.94334241422558,0.9628326300642573,flat
188,4,49.38381989720404,0.1356792487775581,upright
188,5,30.62757894004855,0.6106823817123996,flat
188,6,163.04810801677806,0.8724815862304829,flat
188,7,168.3262879591735,0.9385890034268085,flat
188,8,176.46508981134568,0.9942976789715599,flat
188,9,20.185459528121342,0.821400376009578,flat
188,10,13.116373832083529,0.922754408835976,flat
189,1,85.9053775081485,-0.4923522398081224,upright
189,2,21.94073416376792,0.79058151022994,flat
189,3,167.35792433763856,0.9281505453996208,flat
189,4,20.32310706198745,0.8190596149943827,flat
189,5,20.322212469951005,0.8190748704245925,flat
189,6,165.2974456374945,0.9033775275095717,flat
189,7,166.23972455219146,0.9151338668239801,flat
189,8,160.15838898663637,0.8271899297465803,flat
189,9,17.94258981789789,0.8576449651401692,flat
189,10,15.681259062089747,0.8904185873560686,flat
190,1,103.65109535580964,-0.416449771609803,upright
190,2,12.528117765824284,0.9294194145825692,flat
190,3,174.0215137466863,0.9837275954810636,flat
190,4,21.960173348304643,0.79022862068531,flat
190,5,21.437521710943972,0.7996295004330389,flat
190,6,162.53159926648974,0.8648381601636494,flat
190,7,153.60528728136032,0.703559584653968,flat
190,8,173.43593398498163,0.9803984236538159,flat
190,9,21.671226488757227,0.795448303581924,flat
190,10,12.801662392408906,0.9263555887179611,flat
191,1,96.74939481207959,-0.4792811387931496,upright
191,2,21.474853560021568,0.7989640463647367,flat
191,3,172.55519930104512,0.9748170477970679,flat
191,4,27.755480307113164,0.6746864291543457,flat
191,5,17.168640668460867,0.869298582505704,flat
191,6,157.89418023037072,0.7875767237232543,flat
191,7,165.16175543489302,0.9016260616349026,flat
191,8,174.11817433360864,0.9842476936515068,flat
191,9,18.639075168233816,0.846778386862802,flat
191,10,17.738832994052085,0.8607563617737346,flat
192,1,85.51996769501763,-0.49084785209328125,upright
192,2,42.51249053055739,0.31504104387147613,flat
192,3,169.92248999660413,0.9540728571495907,flat
192,4,13.54716803534332,0.9176933745967448,flat
192,5,14.42810497011387,0.9068752260121233,flat
192,6,158.47542301757437,0.7980762603759524,flat
192,7,155.3243902682576,0.7385653078566534,flat
192,8,179.36393489345681,0.9998151449598762,flat
192,9,15.949923646500093,0.8867298220308104,flat
192,10,27.10212316741293,0.6886731725456128,flat
193,1,170.25472448148554,0.957022396152531,flat
193,2,32.36021505260063,0.5702765988689553,flat
193,3,168.14321062979792,0.9366754813927791,flat
193,4,17.517949060626773,0.8640943860369994,flat
193,5,34.08182058630181,0.5289677203253915,flat
193,6,163.84602601206154,0.8838907754607888,flat
193,7,163.99944613716707,0.8860283881187452,flat
193,8,167.35836210090235,0.9281554402383212,flat
193,9,16.03145102153849,0.8855993609004145,flat
193,10,25.520109534575955,0.7215810358122421,flat
194,1,72.54724976060312,-0.3650727089391615,upright
194,2,43.385842436800075,0.2922361898336442,flat
194,3,153.3709551910823,0.6986585989058098,flat
194,4,17.90939110171836,0.8581540147627993,flat
194,5,15.867604728327175,0.8878660265946834,flat
194,6,154.28724864620676,0.7176487564747331,flat
194,7,162.9179666108747,0.8705746929183664,flat
194,8,164.96791650687675,0.899098673659332,flat
194,9,19.320980223495635,0.8357975244509941,flat
194,10,31.01204415237691,0.6018252342078936,flat
195,1,125.37150545261876,0.0026456459860987325,upright
195,2,36.075098158792485,0.47989211248485597,flat
195,3,166.52521125272352,0.9185542812510932,flat
195,4,44.8358715833191,0.2542968483945339,flat
195,5,27.476091835738494,0.6806948963569011,flat
195,6,143.63730359353403,0.47271377963091277,flat
195,7,165.16148283570905,0.9016225282442807,flat
195,8,165.43598066338458,0.9051505913894888,flat
195,9,25.584085461474178,0.720277490642955,flat
195,10,28.81161975876181,0.651613214768131,flat
196,1,106.66086406743095,-0.37669932254438276,upright
196,2,25.213395695084692,0.7277977222361651,flat
196,3,170.69903905062597,0.9608182828579181,flat
196,4,25.995514161460417,0.7118386440109259,flat
196,5,13.360282546682466,0.9199075430126351,flat
196,6,155.97692081801372,0.7513987752611442,flat
196,7,162.5229619399244,0.8647086368243349,flat
196,8,169.51422377483547,0.9503186817447382,flat
196,9,21.025818395254554,0.8069061113798552,flat
196,10,30.08814076682918,0.6229998574360367,flat
197,1,141.34176898088182,0.4146744308870559,flat
197,2,15.426259912606378,0.8938676313830132,flat
197,3,151.77482290411226,0.664494494319771,flat
197,4,27.615999768069173,0.6776911518345887,flat
197,5,8.623052400889055,0.9662800767570356,flat
197,6,158.6570118329542,0.8013104191861318,flat
197,7,161.98297820243195,0.8565007041728627,flat
197,8,162.03928859240693,0.8573667549928297,flat
197,9,23.150040773889373,0.7681610365701077,flat
197,10,17.790499085117077,0.8599703306539628,flat
198,1,100.77496901351225,-0.44757333379032593,upright
198,2,12.770913109160798,0.926703076398329,flat
198,3,168.35952890958382,0.9389334231610826,flat
198,4,28.11593265415717,0.6668750302746576,flat
198,5,22.194421338695705,0.7859566847032149,flat
198,6,147.67238403888203,0.5710481035639539,flat
198,7,155.39400973808114,0.7399467267647974,flat
198,8,162.43315765087374,0.8633586440143746,flat
198,9,23.469142967022584,0.7620892865078122,flat
198,10,20.48457595798323,0.816297020062942,flat
199,1,69.96349110978308,-0.3239184892309642,upright
199,2,4.522241279777108,0.9906749442768183,flat
199,3,166.35463965849735,0.9165186260660505,flat
199,4,25.33274430581929,0.7253851529252322,flat
199,5,38.01978869049899,0.43093870054238526,flat
199,6,154.3033128813588,0.7179774764796722,flat
199,7,171.76719947091618,0.9692425582816289,flat
199,8,161.8518499967478,0.8544748832828708,flat
199,9,21.07126656964067,0.8061084623923236,flat
199,10,7.853313683126971,0.9719953298541415,flat
200,1,88.20646503782201,-0.4985306548258656,upright
200,2,11.70854193283734,0.9382271255648353,flat
200,3,174.76832367582332,0.9875284505178135,flat
200,4,21.56885467804022,0.7972843151677576,flat
200,5,40.13839417748404,0.37666652016472724,flat
200,6,158.01847462257635,0.7898407196317279,flat
200,7,162.8671236903276,0.8698262373057817,flat
200,8,168.66890917469001,0.9420944556836346,flat
200,9,21.610583368889056,0.7965367644610772,flat
200,10,13.937406937526447,0.9129784282460938,flat
201,1,94.65998839506709,-0.4900994836350087,upright
201,2,27.326590651711626,0.6838932477913973,flat
201,3,165.44828676457593,0.905307352796449,flat
201,4,11.474576662089095,0.9406384315835603,flat
201,5,25.055139361656725,0.7309839952659092,flat
201,6,172.5168210556649,0.9745582220611626,flat
201,7,166.29959372806732,0.9158566440202076,flat
201,8,156.23914791488218,0.7564831537661509,flat
201,9,5.939496434275489,0.9839383920833333,flat
201,10,15.559890499455507,0.8920665278258597,flat
202,1,120.59094972345105,-0.11152286586725102,upright
202,2,4.9510714087777705,0.9888271715884864,flat
202,3,169.81863185607997,0.9531313702052309,flat
202,4,13.439092865264481,0.9189772906045306,flat
202,5,33.669555772789906,0.5389571535035038,flat
202,6,171.00631712709887,0.9633434757280401,flat
202,7,174.4561638795836,0.9860005482263656,flat
202,8,166.9842275896277,0.9239144200310485,flat
202,9,10.313899706024227,0.9519165363026221,flat
202,10,6.905420539042004,0.9783168467593117,flat
203,1,29.3098048491801,0.6405381027445267,flat
203,2,6.850033040486173,0.9786616351332498,flat
203,3,162.8248964250284,0.8692031280580688,flat
203,4,16.980578108470226,0.8720623659260591,flat
203,5,19.18554086589512,0.8380051469319507,flat
203,6,164.1556442904535,0.8881859671457595,flat
203,7,159.47775845735956,0.815650003103706,flat
203,8,161.03578496486332,0.8415843853102944,flat
203,9,23.28217956422595,0.7656545080155404,flat
203,10,12.021120216025254,0.9349340118053693,flat
204,1,22.174599554501818,0.786319562639689,flat
204,2,18.46153937581339,0.8495820581734619,flat
204,3,167.41024913232067,0.9287344917223863,flat
204,4,20.476121247726617,0.8164421200343983,flat
204,5,21.170080326942312,0.8043693811494785,flat
204,6,172.20010650103325,0.9723726748929491,flat
204,7,155.1916681126769,0.735923792184908,flat
204,8,159.40513877509895,0.8143997879415639,flat
204,9,15.95043183926508,0.8867227913764353,flat
204,10,14.59595971937453,0.9047431544548985,flat
205,1,43.73706142021098,0.283052946005643,flat
205,2,27.02884209628077,0.6902278398615349,flat
205,3,168.34493517302752,0.9387823271505622,flat
205,4,10.722970999360511,0.9480722080724995,flat
205,5,9.496644745526643,0.9591675248585387,flat
205,6,166.92253511022264,0.9232040432671784,flat
205,7,167.82148044923585,0.9332448656875107,flat
205,8,162.091911738743,0.8581739751036159,flat
205,9,23.546233549463654,0.7606128800246528,flat
205,10,21.7857351567955,0.7933863690310532,flat
206,1,154.216501975973,0.7161993297141331,flat
206,2,35.27007875659153,0.49985957346534526,flat
206,3,159.45747858991655,0.8153012318262363,flat
206,4,42.32392283762832,0.31995769156207354,flat
206,5,12.63152593985093,0.9282684627740054,flat
206,6,169.0038273856703,0.9454254205702408,flat
206,7,165.73461995945482,0.9089206122511575,flat
206,8,149.79186913591658,0.6202712995260256,flat
206,9,17.286343554045153,0.8675552245377003,flat
206,10,30.343914919344172,0.6171757573042818,flat
207,1,85.76505534607787,-0.4918200538774051,upright
207,2,6.627911044743148,0.980016972491528,flat
207,3,167.84671304146707,0.9335170411902118,flat
207,4,26.06082850955998,0.7104901699434181,flat
207,5,17.087917099886546,0.8704881791282268,flat
207,6,153.41904930637438,0.6996669320161375,flat
207,7,164.2848318969722,0.889956115306791,flat
207,8,144.11475906135908,0.48461821873820554,flat
207,9,26.116721786070194,0.7093343015756861,flat
207,10,18.880899557775223,0.8429226107375636,flat
208,1,121.22865453309029,-0.09680704581937838,upright
208,2,19.28464310320952,0.8363910962726286,flat
208,3,164.06993341233905,0.8870043800233312,flat
208,4,11.117106347739849,0.9442336014172452,flat
208,5,18.464272952276197,0.8495390634034139,flat
208,6,176.25227417349683,0.993591414919673,flat
208,7,163.37168975802896,0.8771670965481031,flat
208,8,163.69446543648155,0.8817612210227703,flat
208,9,18.631387920457755,0.8469002604983196,flat
208,10,25.16076847287382,0.7288589217431556,flat
209,1,78.39086650796776,-0.4392572722791787,upright
209,2,26.834919732891233,0.6943280034320507,flat
209,3,168.9750483918123,0.9451429223410899,flat
209,4,16.790633958270753,0.8748265900798389,flat
209,5,35.47668905600638,0.4947530651554026,flat
209,6,171.15599154614395,0.9645437854258165,flat
209,7,144.85582980033368,0.502965129408494,flat
209,8,162.74030618884723,0.8679508615927825,flat
209,9,23.872104526888894,0.754331213983517,flat
209,10,24.6648287879256,0.7387794169107607,flat
210,1,66.03021670303012,-0.2524355561453895,upright
210,2,9.301064992083049,0.960817413975142,flat
210,3,147.26377075743332,0.5613479530881857,flat
210,4,12.293793129258576,0.9319947095331398,flat
210,5,29.188834268250996,0.6432383748833685,flat
210,6,166.85520911975374,0.9224252352558864,flat
210,7,159.50153562873518,0.8160585596760648,flat
210,8,159.94987899876625,0.8236890102257213,flat
210,9,7.535764052619273,0.9742014727995665,flat
210,10,18.73872620211214,0.8451946334556506,flat
211,1,98.4107113673785,-0.46790852181687326,upright
211,2,13.930941029773429,0.9130575553768117,flat
211,3,147.40356142474167,0.5646736986526242,flat
211,4,20.68368654590333,0.8128656475229792,flat
211,5,23.23699556833708,0.7665128360650417,flat
211,6,173.85575204998932,0.98281624594261,flat
211,7,160.87251957472765,0.8389474936127495,flat
211,8,160.6694725679718,0.8356414131159564,flat
211,9,10.032649548244619,0.9544766617238718,flat
211,10,19.408170394350304,0.8343694191079853,flat
212,1,135.20148781365478,0.25527489513758495,flat
212,2,1.9567115112952704,0.9982512378329147,flat
212,3,170.14256986327223,0.9560373129141797,flat
212,4,16.951955647824594,0.8724806565240666,flat
212,5,12.316625379060964,0.9317457801625948,flat
212,6,157.86499020920638,0.7870435648038749,flat
212,7,162.29788139261183,0.8613137152876758,flat
212,8,160.5393002726474,0.8335064168022752,flat
212,9,15.085596120628916,0.8983957046645097,flat
212,10,19.967202379952813,0.8250848786523595,flat
213,1,155.56597384093996,0.7433464935085938,flat
213,2,5.034000879807387,0.9884507232324733,flat
213,3,175.51859583893648,0.9908422576092468,flat
213,4,23.953677818898083,0.7527485188772403,flat
213,5,15.883983698929677,0.8876403757230402,flat
213,6,163.34166208784353,0.8767356504665398,flat
213,7,160.98238905042064,0.8407241006226773,flat
213,8,162.52932552429098,0.8648040690741099,flat
213,9,20.267384388681926,0.8200087909681293,flat
213,10,23.826299677459907,0.7552181334654022,flat
214,1,140.4462916345161,0.3917262478075685,flat
214,2,24.118619967440146,0.7495358502290173,flat
214,3,178.02837086417398,0.9982244822453656,flat
214,4,56.522372630279506,-0.04358740961264179,upright
214,5,21.665236670376775,0.7955559214761063,flat
214,6,148.64932929152383,0.5939715624440303,flat
214,7,166.85770956842495,0.9224542261691455,flat
214,8,165.5937330345248,0.9071509535736386,flat
214,9,27.383395491797735,0.682679381468849,flat
214,10,15.311839117769493,0.8953986890789809,flat
215,1,146.6996819649026,0.5478532766048012,flat
215,2,28.749615547309865,0.6529831949147851,flat
215,3,171.43909719106267,0.9667607798243596,flat
215,4,30.09641398018434,0.6228119352150279,flat
215,5,19.63191682985524,0.8306798944725773,flat
215,6,160.05953021140277,0.8255338739292313,flat
215,7,168.24305689529626,0.937722554948937,flat
215,8,167.53230108780207,0.9300877912485972,flat
215,9,21.191194539086645,0.8039969238253153,flat
215,10,26.696261696239876,0.6972472230099072,flat
216,1,172.1717596045309,0.9721727531649993,flat
216,2,20.0348674094846,0.823946153287531,flat
216,3,176.79477183626565,0.9953106698710057,flat
216,4,34.991015468176165,0.5067361241990713,flat
216,5,14.867065407657964,0.9012521635260273,flat
216,6,166.59078439780365,0.9193305487292349,flat
216,7,161.93481151204327,0.8557580434469236,flat
216,8,166.36317212353495,0.9166210172205038,flat
216,9,18.971171252894997,0.8414724270413032,flat
216,10,5.859280798768606,0.9843677980484395,flat
217,1,122.56481116297076,-0.06542510667827905,upright
217,2,12.25621411200817,0.9324034727023007,flat
217,3,149.53181828559144,0.6143355496537095,flat
217,4,19.53697324390201,0.8322498305926131,flat
217,5,16.520094793862025,0.8787162472806771,flat
217,6,170.02514757813037,0.9549943671113017,flat
217,7,150.50654215007387,0.6364253557999051,flat
217,8,164.8271524300994,0.8972446748697158,flat
217,9,6.72292155398575,0.9794426067267483,flat
217,10,4.477551927312765,0.9908579628600851,flat
218,1,151.03943008307678,0.6483144921264075,flat
218,2,40.338027736833766,0.37151216849748514,flat
218,3,174.1580113000479,0.9844596109124506,flat
218,4,26.75830492876608,0.6959422947303779,flat
218,5,18.821413396636693,0.8438750183098946,flat
218,6,161.53104456146758,0.8494654027268815,flat
218,7,147.27218731791203,0.5615484011527365,flat
218,8,171.38825441140546,0.9663677815087379,flat
218,9,9.254324460898292,0.9612068099334539,flat
218,10,16.213998041427423,0.8830495052366023,flat
219,1,168.94481288248187,0.9448453711031344,flat
219,2,4.695792934664651,0.98994710206436,flat
219,3,163.3226039642089,0.8764614607162515,flat
219,4,24.160014440865766,0.7487269838169981,flat
219,5,11.705618527743793,0.9382575384650611,flat
219,6,163.43919931279123,0.878134576299602,flat
219,7,168.51411855167402,0.9405229793842553,flat
219,8,175.77021560793062,0.9918399399857281,flat
219,9,15.367307619263572,0.8946577526870472,flat
219,10,11.371416812032177,0.9416869997858817,flat
220,1,168.68992801762823,0.942306287560982,flat
220,2,18.937950305453594,0.8420067938420837,flat
220,3,166.16445460391375,0.9142210406085038,flat
220,4,9.50238211740233,0.9591186256172226,flat
220,5,7.024459357329453,0.9775666161352867,flat
220,6,171.6352805238134,0.968256040506472,flat
220,7,173.27697637759505,0.9794419853785108,flat
220,8,165.25032166351977,0.9027709186772097,flat
220,9,8.068520136560139,0.9704497573658051,flat
220,10,10.045195712958543,0.9543639032881155,flat
221,1,154.5173467750337,0.7223431378686955,flat
221,2,16.279246872302437,0.8821318545188226,flat
221,3,174.33469529379732,0.9853823779903386,flat
221,4,27.394369087641618,0.6824446897764296,flat
221,5,14.84706152668684,0.9015117475668826,flat
221,6,167.8276128585144,0.9333110626922057,flat
221,7,165.86572812462686,0.910553126796469,flat
221,8,174.74635035635063,0.9874237625494477,flat
221,9,13.547867709671667,0.9176850315971632,flat
221,10,9.008535297456197,0.9632233046149383,flat
222,1,156.3720991085398,0.7590447882986531,flat
222,2,22.960504400050862,0.7717370743623571,flat
222,3,147.77933072080359,0.573576227262292,flat
222,4,7.072292042872443,0.9772616164834631,flat
222,5,20.767265342038257,0.8114171806267332,flat
222,6,169.494849502929,0.9501369863309899,flat
222,7,169.5314686306555,0.9504801376819381,flat
222,8,162.97579388355223,0.8714235887673831,flat
222,9,15.985367278666518,0.8862389925975842,flat
222,10,29.689610031377445,0.632015166055103,flat
223,1,167.02180386840945,0.9243455722034564,flat
223,2,26.016711375508347,0.7114012710503583,flat
223,3,175.30624723946272,0.9899558159559574,flat
223,4,15.729793174096915,0.8897563729416598,flat
223,5,22.92236831410837,0.7724538441622184,flat
223,6,166.73543114768478,0.9210304993658771,flat
223,7,174.07948224626494,0.9840405075122134,flat
223,8,160.9251306988185,0.8397993064008946,flat
223,9,9.495507344001394,0.9591772154782716,flat
223,10,10.304483241404366,0.952003347206646,flat
224,1,158.12237312076792,0.7917254128512252,flat
224,2,20.90167954193271,0.809077691165307,flat
224,3,163.17151346871646,0.8742779158241873,flat
224,4,19.081168489437566,0.8396974226796603,flat
224,5,15.541936203680047,0.8923093332007894,flat
224,6,170.9803428399808,0.96313319198848,flat
224,7,174.7634623829149,0.987505327129186,flat
224,8,170.9862138745705,0.9631807742450886,flat
224,9,16.40766308077877,0.8803162531173216,flat
224,10,19.157967609107487,0.8384529744880385,flat
225,1,145.5476834621713,0.51994102454365,flat
225,2,17.74138170422134,0.8607176330854611,flat
225,3,162.80682621577108,0.8689360713427636,flat
225,4,22.50469960712293,0.7802430795697193,flat
225,5,24.897608431407722,0.7341410862303412,flat
225,6,167.57656518587345,0.9305755380510021,flat
225,7,162.7111989076488,0.8675187134694216,flat
225,8,172.51736758818893,0.9745619170452227,flat
225,9,12.727181525457272,0.9271959299147707,flat
225,10,25.06428221392791,0.7308003151092626,flat
226,1,144.8221900171949,0.5021358743220661,flat
226,2,27.36828439465966,0.6830024577633347,flat
226,3,159.19267206821502,0.8107211787319579,flat
226,4,49.995184120369224,0.11988803259343306,upright
226,5,7.052533586420172,0.9773878498453283,flat
226,6,165.37994713389972,0.9044352796511406,flat
226,7,178.61059882983477,0.9991181064118717,flat
226,8,176.5438834775518,0.9945487519425726,flat
226,9,8.617352137141092,0.9663243065453431,flat
226,10,7.71108177358435,0.9729944558973842,flat
227,1,177.0159538151914,0.9959349642556063,flat
227,2,23.579826381046782,0.759968366922587,flat
227,3,158.20551975346586,0.7932285407148145,flat
227,4,17.220890084996647,0.8685259781061989,flat
227,5,53.914100723337,0.02037706471623335,upright
227,6,166.23464586968146,0.9150724201651208,flat
227,7,165.79898859057332,0.909723835358087,flat
227,8,177.15218306640892,0.9962973516805329,flat
227,9,5.2761233166527,0.9873162419719832,flat
227,10,36.232009464792625,0.4759784973333667,flat
228,1,161.74922963787753,0.8528806488392218,flat
228,2,22.10534723229245,0.787585350080124,flat
228,3,153.08891530955543,0.6927200404904739,flat
228,4,21.159265878197633,0.8045600327620674,flat
228,5,72.73020868619098,-0.36780101887789257,upright
228,6,170.32370632809614,0.9576229004647867,flat
228,7,168.1336243845344,0.9365745127376603,flat
228,8,173.67231136438747,0.981779100455028,flat
228,9,2.97825325080966,0.9959507176539844,flat
228,10,14.54296352377174,0.9054187375452121,flat
229,1,149.63335669546865,0.6166567982643212,flat
229,2,35.56921518219457,0.4924620786273206,flat
229,3,159.40365081975523,0.8143741334670984,flat
229,4,34.162475218521045,0.5270065865489535,flat
229,5,110.06480523583481,-0.3234413116615622,upright
229,6,141.8796616839541,0.4283829619961852,flat
229,7,173.07201680302907,0.9781756132624966,flat
229,8,164.03725837392747,0.8865524289371585,flat
229,9,14.731850368979408,0.903000619059031,flat
229,10,16.355526593367472,0.8810549095713078,flat
230,1,164.59672547866805,0.894176022709833,flat
230,2,41.9199137552,0.3304812057016844,flat
230,3,168.4968299580496,0.9403462084986021,flat
230,4,20.66865567329548,0.813125632971379,flat
230,5,124.87713947787333,-0.009535242674305167,upright
230,6,169.50580886943052,0.9502398045876779,flat
230,7,166.5846261878983,0.9192577957975798,flat
230,8,164.1485171149951,0.8880879314375378,flat
230,9,19.53311474797819,0.8323134974927404,flat
230,10,16.397113202987242,0.8804658896522359,flat
231,1,143.43794486376638,0.46772465292612087,flat
231,2,59.99276418890455,-0.12483593417055416,upright
231,3,153.84001082255244,0.7084383346055427,flat
231,4,42.78419219685776,0.30795188992233746,flat
231,5,102.9714018239615,-0.42442340661001743,upright
231,6,152.15244223392733,0.6726973538556882,flat
231,7,161.93475532921826,0.8557571761887202,flat
231,8,174.26010649365688,0.9849962329709363,flat
231,9,27.447794313068226,0.6813011816041401,flat
231,10,11.568597127149207,0.9396749598265295,flat
232,1,146.35214489461364,0.5394813344067391,flat
232,2,20.618220882110997,0.81399685846605,flat
232,3,154.67644998900218,0.7255713046135694,flat
232,4,39.099433851516515,0.40338654736211643,flat
232,5,146.20978729494516,0.5360396627324828,flat
232,6,158.88465410747173,0.8053335007265057,flat
232,7,169.75914338536063,0.9525879364399452,flat
232,8,176.77366928963045,0.9952487849749558,flat
232,9,16.7738388660172,0.8750696861555658,flat
232,10,13.572095153157141,0.9173958950643448,flat
233,1,165.46964906517385,0.9055791895391243,flat
233,2,53.22838909141774,0.03753102564098887,upright
233,3,173.82877246500098,0.9826655911063586,flat
233,4,23.189207715887562,0.7674192295817499,flat
233,5,67.3111585053892,-0.2768227532418113,upright
233,6,160.41160643668843,0.8314003645939394,flat
233,7,159.61902621385718,0.818071638647957,flat
233,8,170.91854641237072,0.9626305416541876,flat
233,9,17.266109414475086,0.8678556656154188,flat
233,10,18.561198047576937,0.8480110619372205,flat
234,1,150.66813975760027,0.6400450363421353,flat
234,2,63.99771563029819,-0.21169897831194784,upright
234,3,176.04113268061542,0.9928501546575068,flat
234,4,24.697227837692388,0.7381357648092799,flat
234,5,84.61774488764523,-0.4868023465890791,upright
234,6,165.4978230391819,0.9059371478509306,flat
234,7,176.77035237343543,0.9952390210782658,flat
234,8,174.59543378442675,0.9866930285180624,flat
234,9,9.25158585525843,0.9612295665891337,flat
234,10,7.567862194479002,0.9739825123899641,flat
235,1,165.57036255161282,0.9068558625426197,flat
235,2,125.44520268377131,0.004467899817795606,upright
235,3,168.06145897208697,0.9358119520953583,flat
235,4,15.91547933405606,0.887205878909247,flat
235,5,28.66662907023072,0.6548138220483315,flat
235,6,164.18864488858847,0.8886393819336402,flat
235,7,152.45574957905876,0.6792328486767758,flat
235,8,156.3835587730782,0.7592650747171263,flat
235,9,21.83430616646,0.792509136491278,flat
235,10,5.422939696879216,0.9866026681734144,flat
236,1,167.7602907259278,0.9325826318686301,flat
236,2,105.86993638612884,-0.3878339163858788,upright
236,3,165.1605910370916,0.9016109684692255,flat
236,4,16.861652238225346,0.8737962819868239,flat
236,5,32.101338643757245,0.5763917719509011,flat
236,6,155.7427277688489,0.7468224290433088,flat
236,7,160.18190206251938,0.8275828034554744,flat
236,8,160.0102042203448,0.8247050139400942,flat
236,9,20.079466389624102,0.8231938521243298,flat
236,10,14.498624572962333,0.9059822369120867,flat
237,1,156.01857619353441,0.7522092581133801,flat
237,2,91.06823303906764,-0.49947865203268577,upright
237,3,165.48058264831678,0.9057181791126376,flat
237,4,22.291337374599944,0.7841787492629964,flat
237,5,11.91841611333078,0.9360250467201312,flat
237,6,165.55002226517894,0.90659867695561,flat
237,7,160.64677904269436,0.835270078551761,flat
237,8,164.95762507810062,0.8989636560604839,flat
237,9,6.134220610442523,0.9828720732519545,flat
237,10,10.126962605185836,0.9536257164904365,flat
238,1,150.02195052669262,0.6254975630139465,flat
238,2,127.1765172445603,0.047718072074399154,upright
238,3,172.930986290707,0.9772825851295277,flat
238,4,15.162971584812373,0.8973752613723427,flat
238,5,22.781829216854746,0.7750872815978804,flat
238,6,167.8512366339741,0.9335657796178012,flat
238,7,160.40339968353578,0.8312646152598182,flat
238,8,164.95351750771718,0.8989097437253601,flat
238,9,17.663606959414498,0.8618972736686914,flat
238,10,19.920570830924305,0.8258677675170563,flat
239,1,162.89338818140598,0.8702131192359728,flat
239,2,158.83188783503203,0.8044040844306957,flat
239,3,172.60361711929608,0.975141725355118,flat
239,4,14.321199581527528,0.9082213755244029,flat
239,5,21.48532848935675,0.7987771593296724,flat
239,6,165.1140328668711,0.9010065900319746,flat
239,7,143.7043597476765,0.4743895066076933,flat
239,8,165.31362104038044,0.9035853397749496,flat
239,9,5.711810934577591,0.9851422009490634,flat
239,10,32.436816194798396,0.5684620915277654,flat
240,1,169.44317487477772,0.9496508065426577,flat
240,2,163.68694891363188,0.881655146802125,flat
240,3,165.89769233154024,0.9109490379298957,flat
240,4,10.35180510361386,0.951566317391505,flat
240,5,12.87908841943108,0.9254771719514325,flat
240,6,167.0702977397268,0.9249002785203013,flat
240,7,164.3493641551867,0.8908354743300952,flat
240,8,164.0745564353042,0.8870682573518693,flat
240,9,9.129117349770782,0.962240580753039,flat
240,10,18.135820575179526,0.8546659026832111,flat
241,1,168.21455574457758,0.9374245188592278,flat
241,2,167.87287355205194,0.933798665966693,flat
241,3,167.63396891003336,0.9312056506032507,flat
241,4,21.048283995332817,0.8065119985802596,flat
241,5,15.160625939067035,0.8974062656735198,flat
241,6,163.16700469164152,0.8742124882950422,flat
241,7,127.4990245526043,0.055861049289927855,upright
241,8,159.8535449929838,0.8220612699635965,flat
241,9,20.697812588599437,0.8126211714642446,flat
241,10,17.535666627877312,0.8638279801407405,flat
242,1,160.22704724103326,0.8283360312715384,flat
242,2,159.12484335854094,0.8095403005978854,flat
242,3,167.21736948816715,0.9265707537462471,flat
242,4,15.983559022398032,0.8862640572191562,flat
242,5,13.341801975540463,0.9201249483513199,flat
242,6,165.9909748708949,0.9120997362983314,flat
242,7,168.65659007083576,0.9419701282478834,flat
242,8,159.4539806806719,0.815241046458212,flat
242,9,27.06016417417539,0.6895636898553965,flat
242,10,9.33491360306625,0.9605342394082421,flat
243,1,165.624029202244,0.9075328418687123,flat
243,2,161.47031998880166,0.8485086883256925,flat
243,3,172.04630931749315,0.9712795057318782,flat
243,4,17.364531570060983,0.8663913772503555,flat
243,5,25.270664145161042,0.7266411029994135,flat
243,6,161.79220404417293,0.8535492102680582,flat
243,7,151.65638175710245,0.661906744968257,flat
243,8,162.8720540866559,0.8698989028955881,flat
243,9,25.129322588188284,0.7294922399682151,flat
243,10,31.606449278785412,0.5880074412212042,flat
244,1,168.872135296096,0.9441269767396652,flat
244,2,168.63636746796573,0.9417657593331374,flat
244,3,136.38262037594416,0.2861828663432959,flat
244,4,10.805010974627098,0.9472840605897865,flat
244,5,18.453130104428368,0.8497142882842748,flat
244,6,170.31469309203771,0.9575446709241642,flat
244,7,151.48897595935287,0.6582371983933437,flat
244,8,163.28260133531572,0.8758850402265852,flat
244,9,15.951356304383392,0.8867100012379887,flat
244,10,22.012213855433743,0.7892826786654845,flat
245,1,166.64224300124914,0.919937269992539,flat
245,2,155.04393503107573,0.7329712568817597,flat
245,3,137.06874684766282,0.3041126070158202,flat
245,4,7.944225048363463,0.9713473868196802,flat
245,5,17.30614157567311,0.8672609608479045,flat
245,6,161.07691945300922,0.8422457195535631,flat
245,7,163.45475539891623,0.878357016347409,flat
245,8,147.6953833947941,0.5715921665665182,flat
245,9,9.476181078825487,0.9593417036720222,flat
245,10,28.55129147649972,0.657352448850141,flat
246,1,164.5096274723416,0.8930052528361283,flat
246,2,162.98902538348534,0.8716174694048437,flat
246,3,157.94533317320995,0.7885096914717886,flat
246,4,28.892474780954004,0.6498239015871916,flat
246,5,21.270432615261658,0.8025964721602477,flat
246,6,148.13647766737762,0.5819859875071651,flat
246,7,154.11996291632045,0.7142168946360128,flat
246,8,160.6699697081258,0.835649543716658,flat
246,9,30.200300206875486,0.620449566211452,flat
246,10,24.97907508263715,0.7325102277746485,flat
247,1,164.21823929973908,0.88904527635765,flat
247,2,158.5708642694164,0.7997788553071372,flat
247,3,167.78372339444354,0.9328366030921165,flat
247,4,15.693580237742237,0.8902506474410581,flat
247,5,21.56649881173486,0.7973264848380797,flat
247,6,153.70190250596698,0.7055714465859881,flat
247,7,163.4551062630789,0.8783620312983196,flat
247,8,161.66583124690052,0.8515793337126054,flat
247,9,15.650406741046657,0.8908385904587661,flat
247,10,10.777772801750187,0.9475463686433692,flat
248,1,157.683901273041,0.7837235181759161,flat
248,2,159.35367258028324,0.8135115532896344,flat
248,3,165.6528294330264,0.9078951918299984,flat
248,4,8.455162991531106,0.9675708831034848,flat
248,5,23.113235477258748,0.7688572322154648,flat
248,6,167.49177564048094,0.9296398169654654,flat
248,7,166.2950213640124,0.9158015461801405,flat
248,8,165.64247418211912,0.9077649838289534,flat
248,9,14.031870955023386,0.9118185674069836,flat
248,10,10.793609753332376,0.9473939329305514,flat
249,1,166.1535470544612,0.9140883802337194,flat
249,2,171.95924797126133,0.9706514690883019,flat
249,3,167.26632225856557,0.9271228175420967,flat
249,4,17.627230900098706,0.8624474564486229,flat
249,5,16.23063694752774,0.8828158096671348,flat
249,6,175.08952077870285,0.9890091782305539,flat
249,7,168.09100975470378,0.9361247370347343,flat
249,8,179.29317642974416,0.9997717314870671,flat
249,9,4.277357949852608,0.9916556938506884,flat
249,10,5.855639766168049,0.9843871524478189,flat
250,1,159.47468406771392,0.815597148260502,flat
250,2,159.16731891565072,0.8102801552323502,flat
250,3,161.3325301183718,0.8463278446114453,flat
250,4,35.94893876567876,0.48303373028884966,flat
250,5,19.652124135332116,0.8303449335583555,flat
250,6,167.24503195248067,0.9268829594414238,flat
250,7,164.1045231459244,0.8874819116255785,flat
250,8,168.4741481985063,0.9401139127567626,flat
250,9,9.336518781331863,0.9605207859866971,flat
250,10,17.92933920099197,0.8578482402110663,flat
251,1,155.06363364780728,0.7333656895196419,flat
251,2,115.46182166064324,-0.22276663643210348,upright
251,3,157.85558425979985,0.7868716453069371,flat
251,4,9.376004414595943,0.9601891442693051,flat
251,5,21.434390826183165,0.7996852672112142,flat
251,6,170.32933113616045,0.957671684965739,flat
251,7,164.00711314926525,0.8861347350360025,flat
251,8,166.6183180553409,0.9196554523148672,flat
251,9,3.1030535825531897,0.9956045849938682,flat
251,10,30.05448735731022,0.6237639582918002,flat
252,1,168.41067783107442,0.9394615810316203,flat
252,2,150.56929099179612,0.6378323553312633,flat
252,3,167.07827273558007,0.9249913168936015,flat
252,4,14.627888064166099,0.9043350576483444,flat
252,5,13.553339457142997,0.9176197720962342,flat
252,6,159.1743177047047,0.8104019445245207,flat
252,7,156.84779901832334,0.76812014827963,flat
252,8,158.72906494846646,0.8025875786153565,flat
252,9,27.278064495483203,0.6849288554260144,flat
252,10,16.22080065891481,0.8829539874038859,flat
253,1,161.5259987921957,0.8493860092804919,flat
253,2,165.93395946858095,0.9113972490241531,flat
253,3,138.01151393018552,0.3286961238113122,flat
253,4,22.450569057640575,0.7812443621886143,flat
253,5,37.21943496918636,0.4511997559011047,flat
253,6,173.37828778668418,0.9800541672444663,flat
253,7,143.9486445830765,0.4804836960193901,flat
253,8,164.00821703716505,0.8861500429950513,flat
253,9,5.493771445099828,0.9862514841074836,flat
253,10,34.24849299691454,0.5249126276584213,flat
254,1,166.75033458545784,0.9212046795928248,flat
254,2,126.26110241798938,0.02474787526465627,upright
254,3,131.52824825226622,0.1593320618765064,upright
254,4,17.665167793774845,0.8618736441881869,flat
254,5,19.23517664732018,0.8371976210887242,flat
254,6,170.60837490521942,0.9600575729529977,flat
254,7,162.58863332537788,0.8656920260931056,flat
254,8,161.88831819475106,0.8550395594864884,flat
254,9,10.138860452513015,0.953517825549131,flat
254,10,6.505477879507519,0.980745274875019,flat
255,1,161.89941812282535,0.8552112369863694,flat
255,2,156.27196689501724,0.757116508984879,flat
255,3,141.2742834042176,0.4129503205672648,flat
255,4,18.587966904456113,0.8475878500756973,flat
255,5,23.461525062638103,0.7622349802671593,flat
255,6,177.6850847737191,0.9975527414686369,flat
255,7,165.23816451133888,0.9026141376451331,flat
255,8,152.06323200034979,0.6707660518912131,flat
255,9,9.707941536083753,0.9573479070153303,flat
255,10,11.130308141059862,0.9441027465078897,flat
256,1,160.9061607509188,0.8394923981559228,flat
256,2,154.27565230366244,0.717411370884427,flat
256,3,166.99621861104401,0.9240521316292076,flat
256,4,18.549241739653016,0.8481999208174984,flat
256,5,18.864938638436104,0.8431784053318088,flat
256,6,174.69366206888668,0.9871709713900905,flat
256,7,162.00737570455073,0.856876224353442,flat
256,8,169.40742688081704,0.9493131399895183,flat
256,9,11.049462919570054,0.9449017630205865,flat
256,10,24.53574515844876,0.74133762710589,flat
257,1,156.13139226691243,0.7543989679007641,flat
257,2,155.69102649214065,0.7458076541557463,flat
257,3,158.58961383416366,0.8001126158840437,flat
257,4,17.116957005404494,0.8700607944904526,flat
257,5,11.412096027665287,0.9412745862386773,flat
257,6,171.3000168666734,0.9656803784340706,flat
257,7,158.81214478585193,0.8040558499706423,flat
257,8,156.62065158593128,0.763804318189655,flat
257,9,6.264244895496307,0.9821411978912475,flat
257,10,20.6761831611963,0.8129954511665636,flat
258,1,153.47932003830522,0.7009287684314063,flat
258,2,161.77283974921878,0.8532481240821388,flat
258,3,151.70817797187212,0.6630392781674277,flat
258,4,15.559592141536363,0.8920705647376186,flat
258,5,22.771429346788416,0.7752816541472085,flat
258,6,172.679800035171,0.9756483946421421,flat
258,7,166.57173533585325,0.9191054034878698,flat
258,8,160.49378612348187,0.8327570802291204,flat
258,9,6.644737845873971,0.9799158345822818,flat
258,10,5.201052090597564,0.987673630453278,flat
259,1,169.9210707835407,0.9540600541400499,flat
259,2,148.5454446683917,0.5915525108381909,flat
259,3,160.03763696193244,0.8251661964060928,flat
259,4,16.81040806883027,0.8745400997372759,flat
259,5,9.835611695218622,0.9562297982525148,flat
259,6,173.04711907244456,0.9780192389011353,flat
259,7,164.0956964530691,0.887360142232855,flat
259,8,175.82567081503115,0.9920521284428752,flat
259,9,14.593244701931404,0.9047778193356351,flat
259,10,5.418689280626041,0.9866235985597593,flat
260,1,170.04021723744904,0.9551288788118957,flat
260,2,131.07835986020868,0.14765205392832237,upright
260,3,156.75316976788977,0.766326123315674,flat
260,4,13.75441989330481,0.9152046868630948,flat
260,5,9.85058024848104,0.9560977876940406,flat
260,6,172.2370276330325,0.9726320074458588,flat
260,7,177.35036132693958,0.9967943973601934,flat
260,8,173.19589818030178,0.9789454921346166,flat
260,9,14.231092478547126,0.9093488834405443,flat
260,10,4.766919504810089,0.9896409640458856,flat
261,1,164.07930454465892,0.8871338457569937,flat
261,2,150.24156648956492,0.6304635176719786,flat
261,3,153.85053608787177,0.7086563846817007,flat
261,4,13.266329494058787,0.9210099103075067,flat
261,5,19.300539804638582,0.836131537510914,flat
261,6,165.6958873199738,0.9084356841715115,flat
261,7,154.16860965167174,0.7152165184321215,flat
261,8,159.4000269865491,0.8143116470397329,flat
261,9,5.228064109104796,0.987545618747923,flat
261,10,18.91387329733623,0.84239358068758,flat
262,1,160.840909651009,0.8384347502942542,flat
262,2,138.8702033529871,0.35101376738644174,flat
262,3,150.14273743961863,0.6282315453840297,flat
262,4,15.005698307157948,0.899444449323578,flat
262,5,26.576218824362275,0.6997660711564553,flat
262,6,159.00987739742382,0.8075316162318098,flat
262,7,171.3365370916846,0.9659657083720399,flat
262,8,169.29908571763545,0.948283127902992,flat
262,9,17.29768633173542,0.8673866696447354,flat
262,10,12.77180669633221,0.9266929892563329,flat
263,1,142.6775895591581,0.4486013886322876,flat
263,2,163.9374743154033,0.8851671232111857,flat
263,3,153.98295076990343,0.7113942978779615,flat
263,4,31.80803315871204,0.583287996287031,flat
263,5,13.361443552253405,0.9198938756414397,flat
263,6,170.6542622986644,0.960443476597935,flat
263,7,164.32531067998482,0.8905080857412124,flat
263,8,171.69236260823766,0.968684782933422,flat
263,9,9.375237164547993,0.9601956012943484,flat
263,10,9.061887959221803,0.96279004674824,flat
264,1,166.45078193039268,0.9176689286192434,flat
264,2,160.78552206166768,0.8375345833456753,flat
264,3,158.26543963864063,0.7943089382088329,flat
264,4,12.714543053739652,0.9273380711991044,flat
264,5,16.8412018826799,0.8740933618025235,flat
264,6,177.40296889764423,0.996920339418953,flat
264,7,160.06399342606008,0.825608788383509,flat
264,8,173.76044976776103,0.9822811689376967,flat
264,9,12.553463872788486,0.9291381262028415,flat
264,10,4.775816640225041,0.9896023487481127,flat
265,1,168.60171793468433,0.9414147911263506,flat
265,2,158.4822238757274,0.7981977837114766,flat
265,3,153.67842002740124,0.7050829362324023,flat
265,4,5.917681330379441,0.9840557413130293,flat
265,5,21.097136599404067,0.8056537990683568,flat
265,6,167.99273615331785,0.9350817232959092,flat
265,7,166.46789875577954,0.9178729361596987,flat
265,8,162.95464524475688,0.8711134233567821,flat
265,9,10.475231763334095,0.9504174350125751,flat
265,10,10.774873215757328,0.9475742549973991,flat
266,1,151.83126667654935,0.6657252103434019,flat
266,2,168.53876007936233,0.9407744972182357,flat
266,3,165.95482198327218,0.9116546003167816,flat
266,4,22.28735326115423,0.784251958900555,flat
266,5,10.59664346257137,0.9492746234894271,flat
266,6,167.50910279674494,0.9298315203993104,flat
266,7,158.6759540496422,0.8016465129329589,flat
266,8,163.00219260468458,0.8718102765295486,flat
266,9,11.825932952725134,0.9369999594065814,flat
266,10,19.36041034494338,0.8351523618560766,flat
267,1,157.30106685576337,0.7766346764242962,flat
267,2,156.3269250207461,0.7581756244161435,flat
267,3,153.32774705162373,0.6977516259385825,flat
267,4,4.144926858243613,0.9921635027675193,flat
267,5,17.59919231009661,0.8628708623260131,flat
267,6,170.4581920380215,0.9587818325999773,flat
267,7,157.98364598359817,0.7892073463617457,flat
267,8,164.52036955656956,0.8931499692779425,flat
267,9,12.143727756014226,0.9336200146159912,flat
267,10,18.223429417895577,0.8533061544633083,flat
268,1,171.5443826206188,0.9675674228134135,flat
268,2,129.42892503925643,0.10506714465150635,upright
268,3,139.4015378591089,0.364779164167202,flat
268,4,11.395183348316696,0.941446219497053,flat
268,5,24.821004802390313,0.7356710218790607,flat
268,6,170.6288574024357,0.9602300517489146,flat
268,7,162.2182707025654,0.8601038912226333,flat
268,8,156.6876612776067,0.7650808820798451,flat
268,9,20.325292891833605,0.8190223378204431,flat
268,10,21.800056031449106,0.7931278844742169,flat
269,1,168.84209979729417,0.9438287806929797,flat
269,2,154.75349214332542,0.7271292067456592,flat
269,3,121.83083450302111,-0.08275313216598607,upright
269,4,11.800402699504566,0.937267826364701,flat
269,5,27.19892634906101,0.6866150820417436,flat
269,6,172.06120554470763,0.9713862957876924,flat
269,7,155.8822840929562,0.7495535043393029,flat
269,8,158.60770992726813,0.8004345205646868,flat
269,9,10.849142639865422,0.9468577275395373,flat
269,10,29.27332995900005,0.6413530207346878,flat
270,1,155.92671320099896,0.750420483897414,flat
270,2,133.00431171426192,0.1977952507284333,upright
270,3,132.2527036451584,0.17818614133167876,upright
270,4,19.780528293214317,0.8282097369821,flat
270,5,46.19731059695174,0.2186636064884141,upright
270,6,166.01573991972327,0.9124040498938815,flat
270,7,154.03876343574086,0.7125453760702434,flat
270,8,163.0460843615565,0.8724520329005672,flat
270,9,13.033086899777896,0.9237153624262735,flat
270,10,35.66446066347034,0.4901011181313999,flat
271,1,155.90179506828815,0.7499343851847313,flat
271,2,138.8615953495002,0.35079045917430407,flat
271,3,158.16129040169344,0.7924295297392705,flat
271,4,24.93075824820003,0.7334779408599483,flat
271,5,42.37491168372214,0.3186285164124848,flat
271,6,155.7059809526964,0.746101341305667,flat
271,7,137.12127291846554,0.30548406072258727,flat
271,8,172.21894744548024,0.9725051628767711,flat
271,9,14.515815454594932,0.9057639461284481,flat
271,10,45.85442549889482,0.22763450890626546,upright
272,1,162.15923767551433,0.8592037381468758,flat
272,2,137.01168869162987,0.30262261475306274,flat
272,3,172.1253359168588,0.9718438144146908,flat
272,4,7.951927858983411,0.9712921534698793,flat
272,5,30.848615942427436,0.6055980600644595,flat
272,6,156.8256349939543,0.7677004587470826,flat
272,7,150.80872883490267,0.6431840481807924,flat
272,8,174.24931024357025,0.9849399281100788,flat
272,9,20.883769296052396,0.8093901322147625,flat
272,10,29.756176585793888,0.6305144356661052,flat
273,1,135.61219521874662,0.2660260135387129,flat
273,2,144.33238897612148,0.4900229809973813,flat
273,3,159.570144733532,0.8172352640695435,flat
273,4,30.242333028606986,0.619492355377258,flat
273,5,28.96154111303911,0.6482929481148574,flat
273,6,144.88100768391826,0.5035855618426313,flat
273,7,157.78817062937222,0.7856377837693593,flat
273,8,175.59234238560083,0.9911405896373968,flat
273,9,12.49036369055991,0.9298374191074492,flat
273,10,32.81270703670107,0.5595253352736771,flat
274,1,159.96356465348197,0.8239197287113862,flat
274,2,155.22060091077586,0.736500520978955,flat
274,3,160.00146179078646,0.824557930811677,flat
274,4,17.192307555875733,0.8689488788125002,flat
274,5,13.442305697774687,0.9189392598802661,flat
274,6,168.1395916005268,0.9366373724243557,flat
274,7,158.45691861738683,0.7977454521758283,flat
274,8,169.54186801387473,0.9505773798134161,flat
274,9,8.333422549341648,0.9684914643555305,flat
274,10,15.436838445897905,0.8937255616008757,flat
275,1,135.85024385468955,0.27225606435397354,flat
275,2,156.90536850593628,0.7692088126352916,flat
275,3,159.92536234492198,0.823275370916047,flat
275,4,24.041190339691564,0.7510460582291876,flat
275,5,13.056937553056446,0.9234407582460631,flat
275,6,162.24853808879865,0.8605644128756542,flat
275,7,162.44319625029186,0.8635098498223455,flat
275,8,169.09587802397272,0.9463242875055697,flat
275,9,18.11111133000945,0.8550483849799313,flat
275,10,16.43505828692337,0.8799272879924469,flat
276,1,154.85607004528686,0.7291981202917359,flat
276,2,149.87366718201685,0.622132083211492,flat
276,3,168.22665439925308,0.937551117430752,flat
276,4,22.232541320272276,0.7852581001202259,flat
276,5,21.02661799552954,0.8068920899121581,flat
276,6,158.37211904586786,0.7962265459539446,flat
276,7,159.09253719335038,0.8089767564641495,flat
276,8,161.74234888100372,0.8527734774923674,flat
276,9,16.244196270949672,0.88262520936419,flat
276,10,12.854857999838153,0.925752602585346,flat
277,1,168.337523411658,0.9387055211576394,flat
277,2,156.04077030179567,0.7526406523269309,flat
277,3,166.24346537448614,0.9151791134275287,flat
277,4,13.883586450700351,0.9136360315153402,flat
277,5,16.863629865030212,0.873767536385212,flat
277,6,169.3101032713521,0.9483883294826869,flat
277,7,167.98505341276382,0.9349998436377887,flat
277,8,163.76840179279256,0.8828023021283511,flat
277,9,16.239147843448993,0.8826961905153587,flat
277,10,14.638938208122049,0.9041936292689348,flat
278,1,164.86499516773952,0.8977446379465612,flat
278,2,152.56159158187512,0.6815021850850018,flat
278,3,154.16704552896897,0.7151843987093609,flat
278,4,9.32350374622541,0.9606298041362764,flat
278,5,22.648053530986566,0.777582247122214,flat
278,6,168.03729017725055,0.9355555911710944,flat
278,7,157.67415734625797,0.7835442692469266,flat
278,8,169.94001096583327,0.9542307750190755,flat
278,9,16.852606051753476,0.8739277340474896,flat
278,10,13.31425344248184,0.9204485114253131,flat
279,1,172.53909228101398,0.9747085792378092,flat
279,2,151.39022319370525,0.6560659858312483,flat
279,3,158.1861906876268,0.7928795169353626,flat
279,4,13.975580846308125,0.9125105834277325,flat
279,5,15.567201798821483,0.891967581019302,flat
279,6,166.00097241504258,0.912222645960024,flat
279,7,167.08702705328903,0.9250911913706266,flat
279,8,168.9959358900078,0.9453480264789129,flat
279,9,13.118378802542452,0.9227312056296797,flat
279,10,12.495339866824116,0.9297823915576724,flat
280,1,170.64710963046412,0.9603834440057941,flat
280,2,139.08268464893416,0.3565230005221285,flat
280,3,153.175081424542,0.6945389106784359,flat
280,4,4.326303923952571,0.9914639979198245,flat
280,5,12.63149450836875,0.9282688139555719,flat
280,6,161.76616669783775,0.8531443041261149,flat
280,7,168.77105866812855,0.9431204411366809,flat
280,8,169.29121523091288,0.948207912983392,flat
280,9,11.210211722199924,0.9433076049422875,flat
280,10,12.392769245256845,0.930912489791927,flat
281,1,168.18504079707307,0.9371151643821034,flat
281,2,156.81193157352837,0.7674408209539707,flat
281,3,161.1970775503129,0.8441705474902825,flat
281,4,6.413162008890963,0.981285597230424,flat
281,5,10.947827919529438,0.945898398349533,flat
281,6,169.3097418662336,0.9483848802290877,flat
281,7,162.70564785201728,0.86743622601763,flat
281,8,171.2671540485041,0.965422629371179,flat
281,9,15.327213011912256,0.8951935701394573,flat
281,10,11.616333723375734,0.9391829365891258,flat
282,1,178.32806664797994,0.9987230889544989,flat
282,2,140.09431827202704,0.3826671561985542,flat
282,3,155.06131746777368,0.7333193236486661,flat
282,4,8.087940928015893,0.9703082795476281,flat
282,5,32.547251141760476,0.5658421339402868,flat
282,6,171.60551365141762,0.9680313307400836,flat
282,7,152.3234757912799,0.6763885610541456,flat
282,8,158.93293522675964,0.8061822657666526,flat
282,9,13.756983302545573,0.9151736871145473,flat
282,10,20.099732999174464,0.8228515332424657,flat
283,1,175.06892473103872,0.9889170153811357,flat
283,2,139.8364450494432,0.3760172261438144,flat
283,3,175.20361371365902,0.9895127993772939,flat
283,4,8.590909507221479,0.9665291106485949,flat
283,5,26.321148013382988,0.7050919251215984,flat
283,6,168.86643459826277,0.9440704381805989,flat
283,7,160.9722598913848,0.8405606736933215,flat
283,8,165.11852366806806,0.901064960733674,flat
283,9,15.28298952407614,0.8957830994890323,flat
283,10,25.81097244800033,0.7156356788155798,flat
284,1,177.2787354612462,0.9966188772561195,flat
284,2,162.94268077802153,0.8709378028580455,flat
284,3,140.70499620574995,0.39837122285244053,flat
284,4,8.133885871668141,0.9699722590889013,flat
284,5,22.635053942575595,0.7778240817997435,flat
284,6,165.71930724564274,0.9087290427949082,flat
284,7,158.5916203555488,0.8001483199701644,flat
284,8,156.57374540006037,0.762909061830634,flat
284,9,18.373620916861512,0.8509619609201251,flat
284,10,50.02972111892816,0.1189976609446386,upright
285,1,164.86668602183897,0.8977669504603034,flat
285,2,147.7514440801551,0.5729174452721182,flat
285,3,143.95822364844057,0.480722326998011,flat
285,4,15.421791824795644,0.8939276114652992,flat
285,5,33.15623097006829,0.5513114566063986,flat
285,6,168.76178076261206,0.9430276178801711,flat
285,7,161.36178446648603,0.8467920176467816,flat
285,8,159.3082759755933,0.8127265615729935,flat
285,9,18.598053365353216,0.8474282491881437,flat
285,10,35.68704528744785,0.4895408965544149,flat
286,1,138.36987739198366,0.338019866706741,flat
286,2,149.98208001108227,0.6245936358547417,flat
286,3,140.07266096329033,0.382109072307375,flat
286,4,25.260890128057945,0.7268386383495868,flat
286,5,13.037425092035638,0.9236654494458478,flat
286,6,157.28365723735337,0.7763100619311181,flat
286,7,165.0068636892165,0.8996088796772437,flat
286,8,158.2075591062448,0.7932653507658465,flat
286,9,24.25581476032914,0.7468510123441698,flat
286,10,15.996457714453921,0.886085210281738,flat
287,1,153.31623530816782,0.6975098134342494,flat
287,2,153.65017568483813,0.7044949589060274,flat
287,3,132.2981030890753,0.1793693245513277,upright
287,4,14.39655990151612,0.907273392785398,flat
287,5,22.55328706493938,0.7793427182269856,flat
287,6,157.10688587262447,0.7730030507464334,flat
287,7,159.8768988826792,0.8224564716032137,flat
287,8,161.84533208118253,0.8543738562015255,flat
287,9,14.01021574624148,0.9120850934950839,flat
287,10,6.2531048006628955,0.9822044080722501,flat
288,1,153.86961132316605,0.709051405190334,flat
288,2,156.9645665771057,0.7703260876450031,flat
288,3,149.04498070539856,0.6031429897663081,flat
288,4,18.071308451765965,0.8556635597995335,flat
288,5,18.17505814496606,0.8540576076073843,flat
288,6,151.25527701039272,0.6530912154768396,flat
288,7,158.0230758899163,0.7899243359405657,flat
288,8,159.79854475450324,0.8211290376894074,flat
288,9,22.8109823274006,0.7745420440334216,flat
288,10,4.241231146878128,0.991795795089002,flat
289,1,161.93156737594097,0.855707961983807,flat
289,2,143.27559369846435,0.4636538724096607,flat
289,3,167.64590264918073,0.9313363022462746,flat
289,4,6.854071898535206,0.978636585204941,flat
289,5,18.299275974903537,0.8521244076034182,flat
289,6,152.8396778124281,0.6874364273388482,flat
289,7,165.86553914501806,0.9105507836346693,flat
289,8,165.10275302318863,0.9008599059120788,flat
289,9,24.217491311332694,0.7476021339037988,flat
289,10,9.256227853835176,0.9611909897140358,flat
290,1,151.36165682864464,0.6554370149123905,flat
290,2,161.87300637861296,0.8548025895790945,flat
290,3,157.1595413168108,0.7739902086859751,flat
290,4,11.299728718703907,0.9424103921181561,flat
290,5,17.8963030325089,0.8583544751140175,flat
290,6,173.94251414686292,0.9832963216596533,flat
290,7,168.3559460705091,0.9388963448525189,flat
290,8,164.5639160664884,0.8937356976151349,flat
290,9,9.341593095492053,0.9604782421525404,flat
290,10,13.083254911673508,0.9231372120011905,flat
291,1,162.68590712209107,0.8671426953734989,flat
291,2,156.95990387766327,0.7702381667156597,flat
291,3,168.6466806789535,0.9418700273587444,flat
291,4,9.05448968174266,0.9628502731852406,flat
291,5,17.31286607401456,0.8671609456179186,flat
291,6,171.2040647544874,0.9649251703476192,flat
291,7,147.24061663482226,0.5607963779340281,flat
291,8,172.37976215983224,0.9736232757786003,flat
291,9,14.051851036286129,0.9115723228886183,flat
291,10,12.392086575842487,0.930919982053144,flat
292,1,165.65480023526143,0.907919963166004,flat
292,2,154.3407450091662,0.7187428733258898,flat
292,3,161.81540617139134,0.8539096059100661,flat
292,4,7.5887038539299105,0.9738398524251832,flat
292,5,11.884610541041976,0.9363822382858533,flat
292,6,168.06369782289875,0.9358356751191992,flat
292,7,161.1392295546202,0.843245175755893,flat
292,8,168.99833562246187,0.9453715669052651,flat
292,9,15.882583024194618,0.8876596807812789,flat
292,10,17.236675691773605,0.8682921538512751,flat
293,1,149.04549725565482,0.6031549200504602,flat
293,2,164.2832498784749,0.8899345168837955,flat
293,3,159.4844593416219,0.8157651819933063,flat
293,4,15.988797486388567,0.8861914387997283,flat
293,5,24.3754713180652,0.7445000842480296,flat
293,6,163.2586002691625,0.8755386094732838,flat
293,7,154.25755315234443,0.7170407150200808,flat
293,8,169.31037854529993,0.9483909566250723,flat
293,9,16.68948308634403,0.8762874203009874,flat
293,10,30.51346829639087,0.6132987848259348,flat
294,1,157.55342051277742,0.7813180844692398,flat
294,2,158.23766530749427,0.7938084433504393,flat
294,3,156.2794249711655,0.757260345466249,flat
294,4,16.606999461820706,0.877472877876674,flat
294,5,18.69580915090118,0.8458775979786868,flat
294,6,167.4016180322801,0.9286383242719554,flat
294,7,149.24706896050597,0.607801632787579,flat
294,8,163.31771492263732,0.8763910772509877,flat
294,9,9.604790049645013,0.9582410268454851,flat
294,10,31.652375213450796,0.5869336953418478,flat
295,1,164.47850884880077,0.8925855151678985,flat
295,2,147.94192998212264,0.5774112763927992,flat
295,3,151.04704621564497,0.6484834246721674,flat
295,4,16.55957065912089,0.8781521714979577,flat
295,5,18.973761346361748,0.8414307313422276,flat
295,6,168.37903486068035,0.9391350985199731,flat
295,7,142.0331088848807,0.4322823415923336,flat
295,8,168.89962030795186,0.9443991826902258,flat
295,9,7.870355934866219,0.9718744199492679,flat
295,10,30.397471565867317,0.6159525253517923,flat
296,1,160.64490156131802,0.8352393408378762,flat
296,2,140.15915582154912,0.38433749059426137,flat
296,3,163.3772858532475,0.8772474266739829,flat
296,4,21.910218469790195,0.791134975251977,flat
296,5,33.34504785000477,0.5467781962923568,flat
296,6,148.05765118466994,0.580134247322146,flat
296,7,130.245872728734,0.1261077270446207,upright
296,8,148.7547363098172,0.5964214412551365,flat
296,9,25.380623432314227,0.7244149803329074,flat
296,10,53.32577637625728,0.03508711223874594,upright
297,1,170.17788262410588,0.956348642001311,flat
297,2,136.00965241464854,0.2764271667231708,flat
297,3,159.65471684793212,0.8186812699794044,flat
297,4,13.481762969480721,0.918471512917167,flat
297,5,40.37080592680391,0.37066529568354745,flat
297,6,168.2746935443227,0.9380525817405121,flat
297,7,137.64172625626355,0.3190622576506488,flat
297,8,164.00210156070932,0.8860652258911959,flat
297,9,7.481556837035384,0.9745691879953657,flat
297,10,56.45402618621138,-0.04194005755453856,upright
298,1,161.06485579707098,0.8420518942129831,flat
298,2,125.27515959093294,0.0002658478895596339,upright
298,3,152.25013402634252,0.6748075693841347,flat
298,4,20.69975450177072,0.8125875525385995,flat
298,5,40.1479588376371,0.37641970788770096,flat
298,6,173.7644790381578,0.982303955487974,flat
298,7,128.6007619084546,0.08385807787207,upright
298,8,169.4718629016127,0.9499209985042127,flat
298,9,9.22161637428535,0.9614781755219219,flat
298,10,55.21516064221332,-0.011801010478991625,upright
299,1,166.14873511749732,0.9140298256350203,flat
299,2,141.6122677327488,0.42157581973903113,flat
299,3,154.44926756038066,0.7209573700960688,flat
299,4,12.904403203263373,0.9251888990533608,flat
299,5,32.74087013056106,0.5612374146120349,flat
299,6,165.7293941487785,0.9088552559898913,flat
299,7,132.7185516797576,0.19033493673151258,upright
299,8,170.95553911509816,0.9629318377317289,flat
299,9,7.501695160297679,0.9744328822682322,flat
299,10,53.713720076997504,0.025376677218189148,upright
300,1,156.09666979062393,0.7537258517785963,flat
300,2,121.83620801151241,-0.08262705201190745,upright
300,3,160.0667523942363,0.8256550903036641,flat
300,4,9.588654371890144,0.9583799046829449,flat
300,5,38.5433104948348,0.41760829318436077,flat
300,6,172.30052177384297,0.973075180554146,flat
300,7,135.958335960859,0.2750844976984732,flat
300,8,155.16605556755636,0.735412833691274,flat
300,9,24.320394312615335,0.7455832726510347,flat
300,10,60.02657568260922,-0.12560237551044784,upright
301,1,150.779809360126,0.6425391178131694,flat
301,2,150.60791008905196,0.6386973758787313,flat
301,3,151.21374697438858,0.652173919308928,flat
301,4,10.176767360926714,0.9531732725870294,flat
301,5,26.577072067382044,0.6997481954536067,flat
301,6,162.58090974426864,0.8655765379205524,flat
301,7,135.88155882125596,0.27307551375764616,flat
301,8,155.81379550043863,0.7482146805077967,flat
301,9,11.157353014896497,0.9438342200610093,flat
301,10,33.19608606401203,0.5503556681925323,flat
302,1,147.07798697248776,0.5569165301092798,flat
302,2,160.8478552492619,0.8385474760029383,flat
302,3,168.9823545099391,0.9452147065692398,flat
302,4,8.264313810328384,0.9690082809946035,flat
302,5,21.83071617352984,0.7925740281309164,flat
302,6,166.812182067021,0.9219255650542482,flat
302,7,150.8075466403381,0.6431576920261781,flat
302,8,160.7950045600298,0.8376888501579884,flat
302,9,9.085246335567764,0.9625995835266665,flat
302,10,45.132172331224695,0.24653974873603768,upright
303,1,164.59832861173575,0.894197516222641,flat
303,2,161.65262786361828,0.8513728456545437,flat
303,3,165.02093077456234,0.8997928626529574,flat
303,4,13.53204344985027,0.9178736245802803,flat
303,5,18.154856762214273,0.8543709286801782,flat
303,6,167.70665028099816,0.9319995395406875,flat
303,7,147.36534791902977,0.5637653058298717,flat
303,8,159.76850117048556,0.8206189215874655,flat
303,9,17.25555249681481,0.8680122947661113,flat
303,10,26.333392538034644,0.7048370816304199,flat
304,1,147.21859960037378,0.5602717020597985,flat
304,2,149.2998844279054,0.6090162369654673,flat
304,3,149.98152910339616,0.6245811408268944,flat
304,4,23.202978522518734,0.7671581858681071,flat
304,5,13.318941136248958,0.9203934972813608,flat
304,6,154.41602404631848,0.7202797239309326,flat
304,7,166.0359187339739,0.9126516417304065,flat
304,8,164.65460136276144,0.894950697112322,flat
304,9,9.742562956590437,0.9570460871387665,flat
304,10,4.103220185254111,0.9923201442654852,flat
305,1,160.5036363735454,0.8329193777214137,flat
305,2,168.54894330967684,0.9408782889451155,flat
305,3,162.51030637484695,0.864518756000243,flat
305,4,16.014456879531515,0.8858354271784963,flat
305,5,9.83058749980518,0.95627406438425,flat
305,6,155.07318469646805,0.7335568514181916,flat
305,7,168.53053968785204,0.9406906478944221,flat
305,8,164.7563642725075,0.896306418530193,flat
305,9,21.893135906786018,0.791444534728547,flat
305,10,8.946962289991301,0.9637202420660778,flat
306,1,162.56307339070008,0.8653096658206079,flat
306,2,163.98620159954947,0.8858445696344095,flat
306,3,135.41543136757392,0.26087558659447796,flat
306,4,21.164397340757024,0.8044695783059508,flat
306,5,18.5981701967079,0.8474264000990732,flat
306,6,177.74150176138676,0.9976705115588351,flat
306,7,166.535865372793,0.9186806451975895,flat
306,8,159.44677835433947,0.8151170959900462,flat
306,9,28.807482901285734,0.651704677084215,flat
306,10,4.970490927711394,0.9887395740496556,flat
307,1,159.51478505300216,0.8162860517108648,flat
307,2,156.17440434240115,0.755231755332348,flat
307,3,155.06142747298452,0.7333215258319425,flat
307,4,16.21098775087477,0.8830917623430212,flat
307,5,10.655535829768253,0.9487157624836082,flat
307,6,164.9110839285028,0.8983520175481812,flat
307,7,165.85492736835153,0.9104191618902828,flat
307,8,158.30707501411277,0.7950582513186744,flat
307,9,30.98785658956587,0.602384341621296,flat
307,10,22.47189763187438,0.7808500620267853,flat
308,1,170.84981976068846,0.9620676265955319,flat
308,2,163.4271659780576,0.8779623818320437,flat
308,3,155.38357241903353,0.7397398092550491,flat
308,4,8.9400452591697,0.9637758614127852,flat
308,5,12.397471826211847,0.9308608687059072,flat
308,6,172.0295565464162,0.971159173250076,flat
308,7,160.25301769520547,0.8287686864657848,flat
308,8,155.76518962986026,0.7472627987047158,flat
308,9,23.26306759656492,0.7660177210573567,flat
308,10,23.599001892304212,0.7596001505405094,flat
309,1,163.09823255553687,0.873212610088199,flat
309,2,162.57401988213073,0.8654734783139828,flat
309,3,157.88153868874412,0.7873458930692179,flat
309,4,22.82086748002339,0.7743570431031941,flat
309,5,13.199553706061067,0.9217890151923531,flat
309,6,169.94271099907616,0.9542550872073199,flat
309,7,174.53475107374763,0.9863934402758474,flat
309,8,156.73283499703328,0.765939871307054,flat
309,9,22.94955165886614,0.7719430264189313,flat
309,10,16.942158542119962,0.872623689373121,flat
310,1,164.5585913888721,0.8936641570946962,flat
310,2,165.38821688823327,0.904541007071967,flat
310,3,157.56125129343997,0.7814627575560942,flat
310,4,18.97525316511588,0.8414067136340706,flat
310,5,9.748898610228386,0.9569907428893725,flat
310,6,167.75674119082365,0.9325441209688599,flat
310,7,167.89231779574305,0.9340076189620734,flat
310,8,165.8887636855113,0.9108385298303918,flat
310,9,13.616229137663465,0.9168679621643081,flat
310,10,10.971065449482744,0.9456713024678995,flat
311,1,152.49861229263388,0.6801525668879174,flat
311,2,166.025299189101,0.9125213820550719,flat
311,3,168.03017215492073,0.9354799965446814,flat
311,4,40.308816419515466,0.3722667518848698,flat
311,5,15.160555206160652,0.8974072005402662,flat
311,6,150.29645215640008,0.6317011111617852,flat
311,7,162.54263252999596,0.8650035311186479,flat
311,8,152.47937184342857,0.6797398377349564,flat
311,9,39.44692728262144,0.3944704127320041,flat
311,10,26.86639476651998,0.6936638957206696,flat
312,1,168.5435016601621,0.9408228362450592,flat
312,2,145.81186486912358,0.5263821994367495,flat
312,3,174.232638111723,0.9848527741629485,flat
312,4,17.969290592533824,0.857234959024153,flat
312,5,27.87172364608174,0.6721745935356134,flat
312,6,163.8178095809401,0.883495652989815,flat
312,7,148.56736029840928,0.5920632118650277,flat
312,8,164.0457976186532,0.8866706210970798,flat
312,9,13.574816187842398,0.9173633917186306,flat
312,10,33.384896012779265,0.5458198369508576,flat
313,1,157.24984252226238,0.7756790076582862,flat
313,2,158.49499216982503,0.7984258546524772,flat
313,3,150.63122647258982,0.639219292477504,flat
313,4,8.605495818103241,0.9664162118803099,flat
313,5,20.51394583777912,0.8157925901834144,flat
313,6,174.26340206141762,0.9850133992994723,flat
313,7,172.63540979464483,0.9753537924067504,flat
313,8,158.89016286136754,0.8054304224391795,flat
313,9,10.409667348318338,0.9510293431490282,flat
313,10,6.515284369254477,0.9806874318043692,flat
314,1,170.68495480274066,0.9607005770462282,flat
314,2,154.97248138351912,0.7315385991728489,flat
314,3,162.79779702718145,0.8688025381452549,flat
314,4,8.281822255488915,0.9688777430266682,flat
314,5,12.976193555952836,0.9243685173041696,flat
314,6,160.8352330102974,0.8383425938324955,flat
314,7,165.3186226015931,0.903649554782374,flat
314,8,158.4103482330586,0.7969118897309793,flat
314,9,11.155920845732423,0.9438484554649107,flat
314,10,3.3791031717152475,0.994788709117324,flat
315,1,149.86360482513382,0.6219033429274858,flat
315,2,156.19674030157407,0.7556637685914627,flat
315,3,162.0313247857413,0.8572444144598315,flat
315,4,24.983633216360577,0.7324188643620579,flat
315,5,11.905175321205546,0.9361650635024392,flat
315,6,164.7965665562383,0.8968397612268353,flat
315,7,170.5625285524391,0.959670195118715,flat
315,8,167.28708772804916,0.9273564025344694,flat
315,9,13.576574561679099,0.9173423843617678,flat
315,10,32.489496658257906,0.5672128886513095,flat
316,1,160.0052983098546,0.8246224832142002,flat
316,2,149.74747944925406,0.619260235734715,flat
316,3,162.0840670598118,0.8580537706420437,flat
316,4,19.042044782354274,0.8403297519927801,flat
316,5,20.59892853541075,0.8143296580943549,flat
316,6,168.95649073118636,0.9449603859572582,flat
316,7,145.3801805071757,0.5158451022031121,flat
316,8,158.33863810309606,0.7956255260685401,flat
316,9,10.206592597999162,0.9529013121274788,flat
316,10,23.574886153984895,0.7600631942708642,flat
317,1,163.0715825754517,0.8728241801322529,flat
317,2,159.197954948718,0.8108130202887021,flat
317,3,148.9760300876851,0.6015494720617784,flat
317,4,12.570346823631574,0.9289504660226751,flat
317,5,24.33581008726375,0.7452802781359993,flat
317,6,155.33723257146755,0.7388203475324819,flat
317,7,146.329789401655,0.5389413335749411,flat
317,8,162.61335437566515,0.8660613709448206,flat
317,9,16.187036577574055,0.8834277290451946,flat
317,10,29.425648260337553,0.6379457500556174,flat
318,1,156.2196833556619,0.7561072040040671,flat
318,2,143.76670692350456,0.47594645391911516,flat
318,3,162.4994239851195,0.8643553835402189,flat
318,4,16.52165811479764,0.8786939314793927,flat
318,5,4.793981529259911,0.9895232881003344,flat
318,6,173.02220904679248,0.9778622370195789,flat
318,7,174.80319908033846,0.9876937173008429,flat
318,8,162.66021298841986,0.8667602029335459,flat
318,9,26.05315394791404,0.710648742480531,flat
318,10,16.189728181637058,0.8833899955891993,flat
319,1,160.23854285919415,0.828527601354976,flat
319,2,168.32990828055708,0.9386265596879266,flat
319,3,161.89562877276444,0.8551526390588171,flat
319,4,12.394198847349555,0.9308967987308454,flat
319,5,10.267463754174385,0.9523438965966511,flat
319,6,170.5974731456169,0.9599656235169067,flat
319,7,164.14335369560115,0.8880168829117121,flat
319,8,160.33374692978092,0.8301105575671586,flat
319,9,11.70208913083138,0.9382942460971977,flat
319,10,8.859312724847202,0.9644219479330054,flat
320,1,123.52718833545948,-0.042393009300717766,upright
320,2,168.64074753815405,0.9418100534170708,flat
320,3,147.63918073105458,0.570262295296754,flat
320,4,15.212585788462425,0.8967184538018889,flat
320,5,19.324483183591855,0.8357402532976059,flat
320,6,164.53377511742707,0.8933304410070562,flat
320,7,160.2906202159592,0.8293942832580772,flat
320,8,152.1281887672918,0.6721726983006018,flat
320,9,16.076800472263223,0.884968315375307,flat
320,10,22.471889539685918,0.7808502116824338,flat
321,1,162.57236913327043,0.8654487808745956,flat
321,2,143.02420383850108,0.4573370512976682,flat
321,3,176.89105758277412,0.9955879027162338,flat
321,4,16.880691852452063,0.8735194100937973,flat
321,5,21.535689786125673,0.7978776211774137,flat
321,6,158.33362650137346,0.7955354981390625,flat
321,7,141.6443379259603,0.42239304253986987,flat
321,8,162.51861294371216,0.8646433991374658,flat
321,9,15.166987042487149,0.8973221757393244,flat
321,10,21.968239074146975,0.7900821263784144,flat
322,1,148.62782126569584,0.5934710979791231,flat
322,2,150.3198769682717,0.6322288809333774,flat
322,3,155.04906019397598,0.7330739018858559,flat
322,4,10.854848804025062,0.9468024825010797,flat
322,5,23.794015395871583,0.75584247830162,flat
322,6,158.02718653452837,0.7899990246517219,flat
322,7,172.28831636638938,0.9729902655847922,flat
322,8,161.29646055648124,0.8457546799424058,flat
322,9,13.923781412015794,0.9131451324387465,flat
322,10,8.202854225244797,0.9694643798086089,flat
323,1,170.17262382036643,0.9563023466337355,flat
323,2,148.91548071151348,0.6001484357529758,flat
323,3,163.91151142275584,0.8848054153959057,flat
323,4,18.19863122864706,0.8536916121080962,flat
323,5,16.66743184053689,0.8766048504596478,flat
323,6,172.02579809987125,0.9711321430566904,flat
323,7,170.29870881759015,0.9574057646740577,flat
323,8,163.69742608829623,0.8818029902162046,flat
323,9,8.833820182521348,0.9646247813187614,flat
323,10,13.499491475487305,0.9182609370753532,flat
324,1,165.69471247681113,0.9084209564615975,flat
324,2,160.28340143814526,0.8292742611387174,flat
324,3,158.786125150633,0.8035965050972589,flat
324,4,16.99613083359121,0.8718348169329364,flat
324,5,22.305763585462234,0.7839135755913782,flat
324,6,162.79919166819758,0.8688231675870943,flat
324,7,168.35051042976164,0.9388400715804037,flat
324,8,161.83151786252472,0.8541596336926054,flat
324,9,21.912452086565402,0.7910944848254855,flat
324,10,5.2924937047866445,0.9872376356357673,flat
325,1,160.1767448000644,0.8274966654357878,flat
325,2,163.2793575024947,0.8758382444989778,flat
325,3,167.87559654179896,0.933827946906578,flat
325,4,17.997583425802915,0.8567999303057783,flat
325,5,17.660610131471675,0.8619426375726225,flat
325,6,161.98132999383384,0.856475319497791,flat
325,7,164.11727701457067,0.8876577518082585,flat
325,8,162.93913300002052,0.8708857059562103,flat
325,9,18.042021513857016,0.8561154585631714,flat
325,10,12.675346055585148,0.9277780700909821,flat
326,1,158.49201824994475,0.7983727433708361,flat
326,2,165.30200443199652,0.9034361173604346,flat
326,3,157.2858989355083,0.7763518708638137,flat
326,4,20.443239344664697,0.8170059709852795,flat
326,5,16.513519726944576,0.8788100833188981,flat
326,6,165.04832020332105,0.9001506386015317,flat
326,7,166.2855341037813,0.9156871688198038,flat
326,8,143.11813598721739,0.4596992340848959,flat
326,9,22.92305124098522,0.7724410166521367,flat
326,10,26.181829794258487,0.7079856689779822,flat
327,1,167.3721405785199,0.9283094229980671,flat
327,2,161.0197117765701,0.8413256392913864,flat
327,3,162.62218595653735,0.8661932079754302,flat
327,4,28.17703891454989,0.6655442140278496,flat
327,5,13.025971725081643,0.9237971924708719,flat
327,6,174.0657463392127,0.9839666332048145,flat
327,7,153.1726223853546,0.694487058784047,flat
327,8,174.10466793340615,0.9841755225129356,flat
327,9,10.57206694433759,0.9495069693506819,flat
327,10,35.980536720809155,0.4822473006854173,flat
328,1,167.7157766731685,0.9320989157975268,flat
328,2,158.44610707220303,0.7975520654619788,flat
328,3,155.24580406613214,0.7370025009666104,flat
328,4,20.788088815289637,0.8110555542144637,flat
328,5,21.88193468052938,0.7916474118155667,flat
328,6,160.87917383770622,0.8390553408099288,flat
328,7,147.8515695652421,0.5752813392182585,flat
328,8,174.24037853323622,0.984893268345336,flat
328,9,12.3041302419386,0.9318820624722157,flat
328,10,32.75030463848608,0.5610126746540822,flat
329,1,165.3100449601437,0.9035394142930002,flat
329,2,167.9307715236305,0.9344199250346483,flat
329,3,158.06225089943948,0.7906356775808863,flat
329,4,18.354549415648968,0.8512605463998757,flat
329,5,13.23694068531864,0.921353252945863,flat
329,6,166.50160268134266,0.9182739406740625,flat
329,7,159.08551468985252,0.8088541628363577,flat
329,8,153.64853015377412,0.704460689396367,flat
329,9,17.39514617051544,0.8659344202718864,flat
329,10,40.0410192702915,0.379178432803585,flat
330,1,163.99180050240045,0.8859222923548615,flat
330,2,167.90914337758034,0.9341881768180222,flat
330,3,165.7347022741068,0.9089216415386008,flat
330,4,14.44733070560728,0.9066321651217559,flat
330,5,13.427893790331717,0.9191097897548941,flat
330,6,166.20347495756846,0.9146948275088762,flat
330,7,167.95577236481014,0.9346873259900061,flat
330,8,169.3003474336497,0.9482951806887621,flat
330,9,13.852970438742947,0.9140090668841361,flat
330,10,24.66159198489618,0.7388436861620182,flat
331,1,165.05540483715453,0.9002430853007262,flat
331,2,159.75063915808525,0.8203153413499107,flat
331,3,152.0701156358719,0.670915220427575,flat
331,4,20.008111937726646,0.8243968004822024,flat
331,5,12.832731855758109,0.9260036913552876,flat
331,6,164.99332663205072,0.8994316810344656,flat
331,7,163.90352986256812,0.8846941137197231,flat
331,8,161.01627637294808,0.841270312052312,flat
331,9,19.470114343635156,0.8333515370493658,flat
331,10,11.380883785817757,0.9415911463102373,flat
332,1,172.51580401529264,0.9745513453768961,flat
332,2,165.57869741202822,0.906961154112345,flat
332,3,167.06102035963437,0.9247943070005185,flat
332,4,17.9016818176389,0.8582721075758868,flat
332,5,7.748141262120142,0.9727358426439292,flat
332,6,166.6662092937433,0.9202191062379426,flat
332,7,163.75322019459108,0.8825888771367969,flat
332,8,176.70306846739354,0.9950388030909407,flat
332,9,15.621509136270507,0.8912313092429724,flat
332,10,13.611995517523038,0.9169186735870534,flat
333,1,173.20868451179098,0.979024178845437,flat
333,2,160.87715508680833,0.8390226257997893,flat
333,3,171.2482566449475,0.9652739872448153,flat
333,4,11.074800900256474,0.9446519356192775,flat
333,5,20.442343160344564,0.8170213280844949,flat
333,6,169.94178437349905,0.9542467442019664,flat
333,7,170.08644643836843,0.9555403028904141,flat
333,8,164.1091965355565,0.8875463592677408,flat
333,9,17.627320368591434,0.8624461044612435,flat
333,10,11.505434092857966,0.9403230406109544,flat
334,1,162.7969158258105,0.8687895027141639,flat
334,2,153.01460120247637,0.6911481356402926,flat
334,3,166.51246717518572,0.9184030077632532,flat
334,4,23.397293707437303,0.7634619750009763,flat
334,5,15.757989069940615,0.8893708160696567,flat
334,6,171.23869663635287,0.9651986721141883,flat
334,7,171.34908401382106,0.966063468074174,flat
334,8,165.2751220053095,0.9030903842387032,flat
334,9,14.1609222141858,0.9102224049845629,flat
334,10,16.698810858137904,0.876153034288008,flat
335,1,160.6415297829112,0.8351841325097107,flat
335,2,170.6521565214918,0.9604258073368876,flat
335,3,170.33630707509224,0.9577321500564233,flat
335,4,25.377535724126343,0.7244775864281057,flat
335,5,17.45927010853286,0.8649750201217359,flat
335,6,170.83522214062222,0.9619475350117346,flat
335,7,165.96336541240345,0.9117598872376109,flat
335,8,176.87887091129838,0.9955532794539763,flat
335,9,12.5224981399903,0.9294817085660965,flat
335,10,14.495165353448499,0.9060261337308277,flat
336,1,164.67347527573457,0.8952027572667187,flat
336,2,174.86747560205944,0.9879954449858899,flat
336,3,164.64921048861981,0.8948786508575963,flat
336,4,46.985503918436045,0.19806123344260895,upright
336,5,12.280463875027449,0.9321398319143428,flat
336,6,166.14987424252865,0.9140436888993013,flat
336,7,162.3964088181372,0.8628044745445134,flat
336,8,172.38168541452072,0.9736365098757518,flat
336,9,12.078268380843827,0.9343231088006523,flat
336,10,13.862637122312094,0.9138913667952242,flat
337,1,174.97712688986564,0.9885015959324106,flat
337,2,174.81975439735018,0.9877717866130533,flat
337,3,173.00093292483686,0.9777277030009666,flat
337,4,24.82366574352252,0.7356179354407182,flat
337,5,14.164019204224275,0.9101839353097656,flat
337,6,162.292604328538,0.8612336670329697,flat
337,7,161.75567895755043,0.8529810687522605,flat
337,8,171.76645543571163,0.9692370369760523,flat
337,9,13.544848742372771,0.9177210272726299,flat
337,10,19.789108677694344,0.8280666416631519,flat
338,1,167.4116829054164,0.9287504608109916,flat
338,2,176.1543227166732,0.9932525543349684,flat
338,3,174.04528756820304,0.9838562892447145,flat
338,4,39.61408287423708,0.39017381067985035,flat
338,5,19.71142891602132,0.8293602173567924,flat
338,6,165.80378659093662,0.9097835738078031,flat
338,7,150.40922476839106,0.6342395708804864,flat
338,8,178.10380185732728,0.9983576910289127,flat
338,9,19.857168734402453,0.8269297661741166,flat
338,10,43.88508944172118,0.2791809226751698,flat
339,1,176.00146768642236,0.9927063981604645,flat
339,2,172.5589093377682,0.9748419996146525,flat
339,3,169.4536674145689,0.9497497096469816,flat
339,4,18.09513094508177,0.8552955107915623,flat
339,5,6.112271471979209,0.9829939619091066,flat
339,6,168.21612546729912,0.9374409511328525,flat
339,7,172.20389782699112,0.9723993603004581,flat
339,8,167.6801337499955,0.9317104113582362,flat
339,9,10.744387053435421,0.9478670187005385,flat
339,10,24.200065451550564,0.7479433781227021,flat
340,1,160.20112120378872,0.8279036419752959,flat
340,2,172.88597078876396,0.9769938277899011,flat
340,3,173.78741778125004,0.9824334039179834,flat
340,4,19.17819509320186,0.838124505614045,flat
340,5,8.368902403932726,0.9682245104576788,flat
340,6,170.82828781027598,0.9618904229544367,flat
340,7,168.81736287469337,0.9435826168109829,flat
340,8,173.5814828490056,0.9812544611461584,flat
340,9,2.976399372935989,0.9959557526769496,flat
340,10,20.721275752477496,0.8122147977919281,flat
341,1,168.02695608597097,0.9354458274571387,flat
341,2,164.09133390555206,0.8872999359940814,flat
341,3,165.21890499246675,0.9023655225298337,flat
341,4,20.907919078872684,0.8089687922242237,flat
341,5,17.68878897930938,0.8615158212253815,flat
341,6,165.1188364392173,0.901069025486152,flat
341,7,161.94029943281214,0.8558427457278515,flat
341,8,164.1270379178372,0.887792241995119,flat
341,9,14.940256456740986,0.9002996810216632,flat
341,10,23.29195126391251,0.7654687132485816,flat
342,1,159.342515555159,0.8133187586501223,flat
342,2,157.1605687233942,0.7740094523947081,flat
342,3,157.5666815128684,0.7815630571385546,flat
342,4,18.860096962959318,0.8432559631148357,flat
342,5,7.4309731253374105,0.974909983233875,flat
342,6,166.57264593547887,0.9191161728079043,flat
342,7,157.2570011029505,0.7758126630926052,flat
342,8,166.7155730063303,0.9207981300744563,flat
342,9,11.980549260242485,0.9353660533902133,flat
342,10,16.453058043794922,0.8796714085929942,flat
343,1,159.62482943122643,0.8181708233923146,flat
343,2,160.00361346919465,0.8245941357351996,flat
343,3,149.98545288915705,0.6246701324121988,flat
343,4,19.63592109947268,0.8306135417319784,flat
343,5,14.564890105109036,0.9051394945152644,flat
343,6,169.65144634579678,0.9515964066396034,flat
343,7,158.38757678385804,0.7965037777237307,flat
343,8,172.04562351695031,0.9712745845776642,flat
343,9,4.245819443545455,0.9917780668774323,flat
343,10,15.435395778993419,0.8937449417976873,flat
344,1,152.84248087247417,0.6874960345595771,flat
344,2,157.36585134953347,0.7778409191337246,flat
344,3,153.21542763734317,0.6953891926597082,flat
344,4,21.576375591889736,0.7971496671180458,flat
344,5,15.627134591205243,0.891154910376541,flat
344,6,166.8713384422027,0.922612153145054,flat
344,7,160.58186254726098,0.8342058216472301,flat
344,8,173.64489224776182,0.9816214983550444,flat
344,9,9.418183949437317,0.9598333859788215,flat
344,10,19.160656186434444,0.8384093322790251,flat
345,1,170.09574633996115,0.9556228468928323,flat
345,2,154.07682701372346,0.7133293911069547,flat
345,3,161.61817625369704,0.8508334546176517,flat
345,4,17.84941940896563,0.859071514775499,flat
345,5,24.05770075568337,0.7507243413474254,flat
345,6,164.19029413272528,0.8886620196474091,flat
345,7,154.54676274895138,0.7229410818179796,flat
345,8,173.72072677434858,0.9820557500015501,flat
345,9,13.542088805246088,0.9177539279978257,flat
345,10,14.013735319282283,0.912041801343948,flat
346,1,159.8531713638196,0.8220549442065694,flat
346,2,147.87748755267995,0.575892598876186,flat
346,3,163.64201112656204,0.8810200716202559,flat
346,4,17.47661665229506,0.864714957454068,flat
346,5,32.414301239278686,0.5689956566102776,flat
346,6,170.092810739527,0.955596799141988,flat
346,7,156.92526344780163,0.769584547470759,flat
346,8,167.3345214411086,0.927888636026988,flat
346,9,11.801672178031046,0.9372545197137292,flat
346,10,11.458996790207559,0.9407973676343016,flat
347,1,140.46752703276755,0.3922721339519737,flat
347,2,163.11725514717946,0.8734895391454589,flat
347,3,158.81505669824097,0.8041072277962718,flat
347,4,21.95127417713201,0.790390202811226,flat
347,5,16.65149387819259,0.876834048089373,flat
347,6,169.09460049642928,0.946311861727757,flat
347,7,163.56680609131257,0.8799537772495709,flat
347,8,175.11041256354906,0.989102274200385,flat
347,9,10.627463946811652,0.9489825199570772,flat
347,10,14.733948771640474,0.9029735957979215,flat
348,1,168.43009779322983,0.9396615337673653,flat
348,2,167.48633703372195,0.9295795942760301,flat
348,3,166.71317133719597,0.920770005183549,flat
348,4,30.940358584425987,0.6034815500193353,flat
348,5,10.772795753904282,0.9475942302957836,flat
348,6,162.6110507942124,0.8660269736639141,flat
348,7,166.67525559034186,0.9203253659790054,flat
348,8,170.91680732922873,0.9626163480200072,flat
348,9,15.712568055743995,0.8899916080739367,flat
348,10,6.788650435848259,0.9790405612109931,flat
349,1,169.39644465802849,0.9492091860054248,flat
349,2,178.50902917888172,0.9989844852140661,flat
349,3,161.03340174134502,0.841546031959727,flat
349,4,5.528118299392785,0.9860795717343755,flat
349,5,12.511001164426677,0.9296090719560968,flat
349,6,161.35967481681317,0.8467585650622065,flat
349,7,158.9608425079278,0.8066721456192876,flat
349,8,169.6965117117413,0.9520125153041203,flat
349,9,20.993110891337803,0.8074792850073997,flat
349,10,19.038795838173613,0.8403822129263228,flat
350,1,155.95031030863038,0.750880463257404,flat
350,2,162.47300965383909,0.8639584682851893,flat
350,3,170.8069130817654,0.9617141154558047,flat
350,4,24.632178180036114,0.7394274341002303,flat
350,5,24.45604891803807,0.7429120888281981,flat
350,6,166.4601617033655,0.9177807513279705,flat
350,7,157.60298323489823,0.7822330820877239,flat
350,8,142.89678990784415,0.4541293191828881,flat
350,9,20.229915168786267,0.8206458265573215,flat
350,10,10.807560088309502,0.947259479948708,flat
351,1,161.92241430604005,0.8555666192797724,flat
351,2,141.66784011158958,0.4229917955470852,flat
351,3,160.32460871368218,0.8299588943142324,flat
351,4,20.13467143880157,0.8222607226300407,flat
351,5,14.368947995849666,0.9076212604961558,flat
351,6,161.96850043476766,0.8562776580526921,flat
351,7,169.28448806257646,0.9481435825028506,flat
351,8,161.19574361380091,0.8441492363047653,flat
351,9,10.073353675914689,0.9541103422842847,flat
351,10,15.908933116187852,0.8872962504253787,flat
352,1,173.83877101081939,0.982721499088755,flat
352,2,149.40511908977055,0.6114326901998843,flat
352,3,160.93123383370414,0.8398979919362197,flat
352,4,15.829883016731273,0.8883849203480989,flat
352,5,13.768224155104186,0.9150376866729333,flat
352,6,151.36176096530806,0.6554393085138874,flat
352,7,161.85422997069674,0.8545117648579477,flat
352,8,134.78944037288457,0.24448761148396359,upright
352,9,14.602699209624697,0.9046570803739697,flat
352,10,21.44408784300668,0.7995125243037553,flat
353,1,176.61370525379314,0.9947665295199166,flat
353,2,149.91787883625145,0.6231365703897582,flat
353,3,136.52894020504658,0.2900085614845491,flat
353,4,5.824262321768647,0.9845534518340313,flat
353,5,9.768739218899855,0.9568172042384138,flat
353,6,162.92002703971752,0.8706049831732194,flat
353,7,153.8334990828278,0.708303401048223,flat
353,8,163.75246807475227,0.8825782991137618,flat
353,9,14.053938474753116,0.9115465776839866,flat
353,10,21.978322998912493,0.7898989161742662,flat
354,1,165.7940646646746,0.9096625098074236,flat
354,2,144.9874024324149,0.5062051687426234,flat
354,3,167.75310228084854,0.9325046295136108,flat
354,4,19.381793243607916,0.8348020274507371,flat
354,5,18.546076894344274,0.848249894491029,flat
354,6,163.33186041267248,0.8765946681307757,flat
354,7,160.0140955472735,0.8247704646316973,flat
354,8,163.68662665306493,0.881650598043805,flat
354,9,4.294158431681761,0.9915901390926289,flat
354,10,9.879760523727466,0.9558398870616536,flat
355,1,154.45645423790637,0.7211037822367008,flat
355,2,159.09867790250038,0.8090839288572216,flat
355,3,173.86083405562914,0.982844551278703,flat
355,4,27.643470592617035,0.6771001683616604,flat
355,5,26.25265672731119,0.7065158897214743,flat
355,6,168.96447317632234,0.9450389384244056,flat
355,7,160.0030804161165,0.824585166692251,flat
355,8,166.545116253051,0.9187902909043231,flat
355,9,14.26092619869141,0.9089762966280237,flat
355,10,14.173286709331284,0.9100687716727784,flat
356,1,169.04352663871512,0.945813961598361,flat
356,2,166.09951067442626,0.9134297566621523,flat
356,3,162.56722471862662,0.8653718003549564,flat
356,4,15.253178533740638,0.8961796321483018,flat
356,5,10.837279874394849,0.9469724901021106,flat
356,6,163.05700714453758,0.8726115116513746,flat
356,7,158.30619458367315,0.7950424180951343,flat
356,8,164.08882798671243,0.887265345860305,flat
356,9,15.174757279942163,0.8972194146036498,flat
356,10,11.24785089051157,0.9429311785639798,flat
357,1,173.83439768513168,0.9826970561325883,flat
357,2,150.915897423193,0.6455705056230947,flat
357,3,162.22153722422877,0.8601536245059713,flat
357,4,14.08688386432376,0.9111397840733426,flat
357,5,17.033515605159774,0.8712870977546257,flat
357,6,169.76704067797473,0.9526602535302275,flat
357,7,159.87261516957477,0.8223840097872872,flat
357,8,169.75453788740828,0.9525457383250904,flat
357,9,16.065933605993845,0.8851196747340011,flat
357,10,8.624048916974685,0.9662723416244301,flat
358,1,151.71280969380507,0.663140485856009,flat
358,2,168.57659976008082,0.9411597344906686,flat
358,3,167.76491272140498,0.9326327627869295,flat
358,4,11.999055288399672,0.9351691524701218,flat
358,5,15.650093610996063,0.8908428493950353,flat
358,6,163.4260302934604,0.8779461247041245,flat
358,7,163.16456015865447,0.8741770088521639,flat
358,8,165.91181615178638,0.9111237145708819,flat
358,9,26.55940226743694,0.700118301737737,flat
358,10,5.847504090569484,0.9844303558597773,flat
359,1,142.85814091619469,0.45315550351313094,flat
359,2,129.09525125232466,0.09650626854978839,upright
359,3,165.92273596120467,0.9112586553946345,flat
359,4,31.29900924339489,0.5951728664901195,flat
359,5,21.473194735475186,0.7989936353274856,flat
359,6,163.99840413707966,0.8860139313189894,flat
359,7,154.2193022359013,0.7162567543107436,flat
359,8,165.06002813316212,0.9003033927985706,flat
359,9,11.170944277843224,0.9436990399942005,flat
359,10,29.5578656647831,0.6349792295526868,flat
360,1,156.7464293984727,0.7661981211212114,flat
360,2,160.55349462134706,0.8337398087468348,flat
360,3,161.95416820246047,0.8560567015511564,flat
360,4,25.044312204101473,0.7312014498021477,flat
360,5,14.455573348918513,0.9065278671244728,flat
360,6,161.03403277127802,0.8415561875585378,flat
360,7,168.42086288603926,0.9395664883921295,flat
360,8,173.59077360864464,0.9813084635669194,flat
360,9,15.461615643806685,0.893392460123489,flat
360,10,12.850837552045771,0.9257982568334233,flat
361,1,164.87640242154401,0.8978951243448021,flat
361,2,176.92190238319432,0.9956749322213341,flat
361,3,161.06240759209763,0.842012546375706,flat
361,4,25.118149359556906,0.7297171290527529,flat
361,5,19.105000827612706,0.8393116980334079,flat
361,6,170.7889453463957,0.9615656037149383,flat
361,7,170.45145390479354,0.9587241381456506,flat
361,8,174.6833755376727,0.9871213270705363,flat
361,9,11.031587144932425,0.9450776875447326,flat
361,10,17.618150734526854,0.8625846387030469,flat
362,1,172.59838001507538,0.9751067065568433,flat
362,2,172.80344762026587,0.9764598119590544,flat
362,3,158.6487200838173,0.8011632219518199,flat
362,4,18.79278914616768,0.8443323967197947,flat
362,5,13.278967066963363,0.9208620513325687,flat
362,6,165.05122127552954,0.9001884992188216,flat
362,7,158.10018630773672,0.7913235470080566,flat
362,8,175.8289908440845,0.992064743672153,flat
362,9,9.626730475963502,0.9580518277786649,flat
362,10,29.72420954779683,0.6312353834015139,flat
363,1,154.02379955461487,0.7122369336533863,flat
363,2,159.3594245189791,0.8136109140440007,flat
363,3,153.22373147143347,0.6955640834246806,flat
363,4,29.781431731638364,0.6299445251473808,flat
363,5,11.404823007573897,0.9413484238336509,flat
363,6,153.30457842233568,0.6972648784767994,flat
363,7,159.23038816409237,0.8113764455665802,flat
363,8,170.6916757787105,0.9607567674623088,flat
363,9,17.169795703428115,0.8692815254314654,flat
363,10,20.567010051031943,0.8148797008950059,flat
364,1,130.76992771767019,0.1396589443653855,upright
364,2,165.054796212943,0.9002351449837986,flat
364,3,162.5077919107203,0.8644810153490929,flat
364,4,68.31830837790517,-0.2952602213586795,upright
364,5,11.350457063798018,0.9418989492901435,flat
364,6,115.37568306282354,-0.22451514817732005,upright
364,7,168.2197791347998,0.937479190700002,flat
364,8,152.74579372609497,0.6854375616935173,flat
364,9,52.21225812457613,0.06317176695568794,upright
364,10,5.785268244376847,0.9847588910781544,flat
365,1,146.2175100882081,0.5362265528056698,flat
365,2,168.661725141834,0.9420219682047821,flat
365,3,162.73132731370956,0.8678176226230299,flat
365,4,49.40069455603917,0.13524265343456654,upright
365,5,14.468964305289504,0.906358309260825,flat
365,6,132.30609219869544,0.1795775521574543,upright
365,7,167.93506402772965,0.9344658733483437,flat
365,8,172.75903401287803,0.976169911529869,flat
365,9,23.067484927727573,0.7697214389674278,flat
365,10,12.543574917993071,0.9292479360203814,flat
366,1,131.65207902321865,0.1625510043937909,upright
366,2,144.7113499549321,0.4994010995957805,flat
366,3,162.33326416754596,0.8618499038125522,flat
366,4,65.73868124187862,-0.246743063528012,upright
366,5,20.53850953585037,0.8153702501497604,flat
366,6,149.59643904933878,0.615813362956408,flat
366,7,172.99793489680783,0.9777087134843334,flat
366,8,164.3642340180761,0.891037640063234,flat
366,9,14.403357208271695,0.9071876634636322,flat
366,10,4.20775795534361,0.9919245526455807,flat
367,1,151.6470980391,0.6617036124607856,flat
367,2,146.73014622156933,0.5485850689539566,flat
367,3,167.90619360368945,0.9341565394089284,flat
367,4,47.234939940227434,0.19154874235257902,upright
367,5,24.57220931923476,0.740615980369717,flat
367,6,140.928284443906,0.4040968006390453,flat
367,7,159.22438838447405,0.8112722724543477,flat
367,8,169.48984354115402,0.9500899874572235,flat
367,9,22.984939494889222,0.7712773293649009,flat
367,10,28.592258371563286,0.6564515050131061,flat
368,1,147.54004065051794,0.567913434212828,flat
368,2,147.88689244287914,0.5761143414461278,flat
368,3,167.35853824043207,0.9281574096932774,flat
368,4,20.54227876427468,0.8153054065011376,flat
368,5,13.077511873824136,0.9232035010649844,flat
368,6,152.86122224196575,0.6878944631286907,flat
368,7,161.35963791180487,0.8467579798329674,flat
368,8,170.7024602946886,0.960846849171147,flat
368,9,12.48820475564394,0.9298612866603735,flat
368,10,8.639460754524473,0.9661526018919562,flat
369,1,141.2207565905249,0.4115821828950351,flat
369,2,132.78896310336145,0.192172639497172,upright
369,3,168.37190220411,0.9390613898141111,flat
369,4,21.516916927281166,0.7982131343531083,flat
369,5,11.807121665163445,0.9371973829577764,flat
369,6,155.34859873763403,0.73904599015771,flat
369,7,169.56326209197644,0.9507771403615388,flat
369,8,162.5326326183614,0.8648536523248269,flat
369,9,12.575443037291336,0.9288937734068696,flat
369,10,10.414505696441786,0.9509843126279307,flat
370,1,141.34586610950475,0.41477907432223593,flat
370,2,118.2003003249906,-0.165037113074886,upright
370,3,168.44682941628648,0.9398335525542554,flat
370,4,21.54047911891672,0.7977919873648449,flat
370,5,11.504908641998922,0.940328417900091,flat
370,6,162.89449591487283,0.8702294249472871,flat
370,7,175.44895429073404,0.9905560247389549,flat
370,8,178.95857206297524,0.9995044852189743,flat
370,9,18.095584300462523,0.8552885025536456,flat
370,10,2.4199428296076397,0.9973257749767352,flat
371,1,142.32175091446456,0.43960301413519054,flat
371,2,161.89585037141669,0.8551560661178443,flat
371,3,163.52761790186557,0.8793964266786878,flat
371,4,22.005891089063475,0.7893977028327439,flat
371,5,13.466005484588065,0.9186584624546965,flat
371,6,162.85540049317797,0.8696533837566229,flat
371,7,161.49551832456132,0.8489060142564244,flat
371,8,175.36935642517594,0.9902235110926467,flat
371,9,20.783295951983057,0.8111388147234906,flat
371,10,10.04824211301605,0.954336503436245,flat
372,1,150.20090946798888,0.6295458591916154,flat
372,2,162.0801416375647,0.8579936040574128,flat
372,3,178.8478245301403,0.9993935085223207,flat
372,4,21.498197349518044,0.7985474608675007,flat
372,5,18.85298748124728,0.8433698176995859,flat
372,6,156.05840659804701,0.7529832397436234,flat
372,7,163.0190972915843,0.872057618638463,flat
372,8,160.5121273946373,0.8330592245920452,flat
372,9,16.591895964011652,0.87768938272948,flat
372,10,8.969331466612852,0.9635400882879921,flat
373,1,162.7452589470249,0.8680243303904669,flat
373,2,158.37974466840672,0.7963633300123281,flat
373,3,161.64647034965773,0.8512765044515951,flat
373,4,20.421710655840542,0.8173747351559908,flat
373,5,22.531868794051086,0.7797398023636726,flat
373,6,159.21791256356698,0.8111598062957766,flat
373,7,150.28539862478596,0.6314519823144118,flat
373,8,171.31607947089134,0.9658060177299777,flat
373,9,17.738031878531793,0.8607685340515603,flat
373,10,28.32371752607689,0.6623420370749662,flat
374,1,153.03870720945744,0.6916583558706462,flat
374,2,157.84808966239933,0.7867346195749765,flat
374,3,154.7858402960696,0.7277823045278355,flat
374,4,15.24323573135787,0.8963117313405338,flat
374,5,36.08124694807652,0.4797388810637322,flat
374,6,153.1771024652863,0.6945815243796565,flat
374,7,175.37531777131866,0.9902486121295979,flat
374,8,159.37015926200195,0.8137962885165271,flat
374,9,30.525610359997078,0.6130206569966845,flat
374,10,3.6075894082432445,0.9940610973844817,flat
375,1,164.64258373611756,0.89479005643744,flat
375,2,150.31419869510367,0.6321009707679461,flat
375,3,166.06322078972005,0.912986111595333,flat
375,4,38.37204880025152,0.42197549773046417,flat
375,5,10.895294491476884,0.9464101095426614,flat
375,6,153.14385194678465,0.6938801551596645,flat
375,7,167.78388064612383,0.9328383058962455,flat
375,8,144.19749747570128,0.48667461031001447,flat
375,9,26.4318665781076,0.7027845386675611,flat
375,10,11.551376114685036,0.9398519876237461,flat
376,1,168.55630052918002,0.9409532224753001,flat
376,2,172.97979509150633,0.9775936459273784,flat
376,3,168.40195590829052,0.9393716748505703,flat
376,4,52.10610030819439,0.06586463881982496,upright
376,5,37.28755310098677,0.44948122852321015,flat
376,6,155.74136404052578,0.7467956830161333,flat
376,7,145.37422762517184,0.5156993692891321,flat
376,8,152.0570127328102,0.6706312593340154,flat
376,9,19.795524246124035,0.8279596151608621,flat
376,10,53.71391590355173,0.02537178582838362,upright
377,1,157.49776187889552,0.7802886521462213,flat
377,2,142.74797123843157,0.4503776003929094,flat
377,3,158.6497800727994,0.8011820417194202,flat
377,4,49.73976965121841,0.12647846027053278,upright
377,5,34.4628860438329,0.5196828414645709,flat
377,6,154.18534763905245,0.7155601511139986,flat
377,7,151.97274072598802,0.6688028483801731,flat
377,8,141.72531943395614,0.4244556750683386,flat
377,9,17.497063864147027,0.8644081195813547,flat
377,10,48.99613146030693,0.14572046773184655,upright
378,1,165.48581510625098,0.9057846612196749,flat
378,2,161.5759445861804,0.8501710698885112,flat
378,3,144.68515184987228,0.4987541625030941,flat
378,4,36.57434432735538,0.46741675767944246,flat
378,5,14.21057035563424,0.9096047646555716,flat
378,6,143.70460387060666,0.4743956049762813,flat
378,7,160.8287270852208,0.8382369460849963,flat
378,8,153.827569413528,0.7081805083129269,flat
378,9,20.22987008106034,0.820646592531658,flat
378,10,26.517252976079593,0.7010004563617096,flat
379,1,141.54050444418024,0.4197463475684122,flat
379,2,167.11332454154362,0.9253908296458386,flat
379,3,156.3727192338708,0.7590567109060398,flat
379,4,24.401837612020206,0.7439808964672494,flat
379,5,21.08803874318608,0.8058137447047418,flat
379,6,146.1858111996271,0.5354593135728365,flat
379,7,158.01809466720903,0.7898338142886381,flat
379,8,157.81887444213694,0.7862001192631711,flat
379,9,22.4071734692933,0.7820457047197122,flat
379,10,29.39623699945319,0.6386045199939985,flat
380,1,138.5883245204255,0.34369666428127754,flat
380,2,166.32729550859077,0.91619009291053,flat
380,3,171.33345126365643,0.9659416440122564,flat
380,4,19.45639954493137,0.8335771380932511,flat
380,5,13.681799982878218,0.9160806783106619,flat
380,6,146.33737763094334,0.5391246483192582,flat
380,7,151.25131389685035,0.653003716595201,flat
380,8,167.7774181004945,0.9327683090927652,flat
380,9,12.887366992574453,0.9253829574676435,flat
380,10,23.26729178545591,0.7659374623014663,flat
381,1,158.0487679534981,0.7903909676524774,flat
381,2,159.23341592229283,0.8114290066487004,flat
381,3,170.4321157525112,0.9585583398243842,flat
381,4,28.516545106744992,0.6581159381011612,flat
381,5,12.238961767816054,0.9325907406480762,flat
381,6,152.1644350377648,0.6729566725255629,flat
381,7,157.6225629861575,0.78259411303612,flat
381,8,170.0419015486285,0.9551439008428648,flat
381,9,17.27303058014605,0.8677529332594038,flat
381,10,3.932969647544742,0.992943246302779,flat
382,1,157.726832199163,0.7845125383618119,flat
382,2,164.22353242937584,0.889117801013438,flat
382,3,172.7094733065956,0.9758443540477264,flat
382,4,54.46301267507837,0.006739657544138966,upright
382,5,22.196537303247332,0.7859179325231329,flat
382,6,146.74558718390068,0.5489558527130411,flat
382,7,143.88562856644853,0.47891321763040196,flat
382,8,172.18711949647474,0.972281169420274,flat
382,9,25.049211500458497,0.731103059984926,flat
382,10,31.484033379829224,0.5908652672076857,flat
383,1,161.76917820562608,0.8531911614974739,flat
383,2,161.90465251749134,0.855292163445756,flat
383,3,152.89337822278185,0.688577640345674,flat
383,4,46.32250448062965,0.21538921004112987,upright
383,5,11.575064116764189,0.9396084163846847,flat
383,6,156.36633828805466,0.7589340186421116,flat
383,7,170.40264994721383,0.9583050899214425,flat
383,8,152.3818853324621,0.6776456676891771,flat
383,9,20.628800533669942,0.8138142472296868,flat
383,10,8.062764728241579,0.9704916211340633,flat
384,1,151.20205046605437,0.6519154196361758,flat
384,2,162.97620450652994,0.8714296076027286,flat
384,3,171.58286370422482,0.9678598271876431,flat
384,4,14.234934481196523,0.9093009416140623,flat
384,5,24.783420101689572,0.7364203982394406,flat
384,6,158.65030541488494,0.8011913687215735,flat
384,7,149.6481850317425,0.6169954010426684,flat
384,8,164.9395591363872,0.8987264388051341,flat
384,9,17.30724654456593,0.8672445286902901,flat
384,10,24.045544771659554,0.7509612252622693,flat
385,1,136.8444896512368,0.2982552703961482,flat
385,2,158.04060864142699,0.7902428213512498,flat
385,3,172.24238164997172,0.9726695142090622,flat
385,4,19.54500580786047,0.832117255831422,flat
385,5,18.60577843653764,0.8473059631472744,flat
385,6,162.55065117778207,0.8651236605716799,flat
385,7,170.32610665178092,0.9576437220396099,flat
385,8,175.38588422299821,0.9902930248120931,flat
385,9,20.69111981596201,0.8127370187433922,flat
385,10,8.715676462232022,0.9655574102622977,flat
386,1,150.52686674555727,0.6368812917780078,flat
386,2,156.1352718571791,0.7544741300926825,flat
386,3,163.2480165380745,0.8753857046682583,flat
386,4,24.285290171086594,0.7462727031851346,flat
386,5,15.918236219263422,0.8871678097400166,flat
386,6,157.68446630303472,0.7837339105536618,flat
386,7,170.97827254363787,0.9631164059675843,flat
386,8,178.63773207277728,0.9991522081823812,flat
386,9,35.569926610094804,0.4924444535387702,flat
386,10,2.754096265690177,0.9965368626467113,flat
387,1,135.41928358024603,0.2609764265841438,flat
387,2,161.491615833555,0.8488445103151367,flat
387,3,162.11058679969847,0.8584599506051493,flat
387,4,31.84308635263619,0.5824656464658569,flat
387,5,16.275367125773446,0.8821865104903914,flat
387,6,137.3167281416537,0.310585714028318,flat
387,7,162.63084781736907,0.8663224545571597,flat
387,8,176.30316332698504,0.9937640335514484,flat
387,9,22.285008310018224,0.7842950434611893,flat
387,10,11.879877108210739,0.9364321757300544,flat
388,1,98.0864453552779,-0.4703191863565126,upright
388,2,152.22285305154398,0.6742187760799712,flat
388,3,172.10058735737985,0.9716676818432655,flat
388,4,35.16270798042417,0.5025081972110303,flat
388,5,12.196800895204591,0.9330473398200283,flat
388,6,153.3919189735041,0.699098277662324,flat
388,7,175.268013842218,0.9897918915726602,flat
388,8,172.79344477024648,0.9763946727863912,flat
388,9,21.088668262371034,0.8058026791940724,flat
388,10,7.6721642961838565,0.9732647323925132,flat
389,1,132.66849620531403,0.18902873254867625,upright
389,2,166.43789562854818,0.9175151854639432,flat
389,3,150.95512023978668,0.6464425472976663,flat
389,4,46.63083491200226,0.20732789825607134,upright
389,5,11.855947489109719,0.9366843449668756,flat
389,6,156.9556727395539,0.7701583714786027,flat
389,7,166.86805291709874,0.9225740954683936,flat
389,8,173.77572815808998,0.9823674954464561,flat
389,9,25.562985403867373,0.7207076755962978,flat
389,10,11.26422114305757,0.9427670876605383,flat
390,1,156.02812211151235,0.7523948422310913,flat
390,2,165.22398321555244,0.9024311043527848,flat
390,3,164.3126192528329,0.8903351624556191,flat
390,4,52.182345833366085,0.06393028462390615,upright
390,5,32.54666799961309,0.5658559807594967,flat
390,6,149.1798673003093,0.6062544298772035,flat
390,7,172.27982204034072,0.9729310917525447,flat
390,8,168.634948455617,0.9417514059004228,flat
390,9,13.40772573823579,0.9193481452969634,flat
390,10,15.257628451655844,0.8961204857183924,flat
391,1,159.62370209429102,0.8181515575212477,flat
391,2,163.55180334981907,0.879740541281423,flat
391,3,140.73273366343335,0.3990829667157815,flat
391,4,65.12249013498497,-0.234542832307561,upright
391,5,16.151931483828054,0.883919353346065,flat
391,6,164.8718008918318,0.8978344325559733,flat
391,7,164.40699276723055,0.8916180113254524,flat
391,8,171.27688309928914,0.9654990342010688,flat
391,9,13.469079923876059,0.9186220026559289,flat
391,10,15.226175841615948,0.896538206127885,flat
392,1,164.85279907343582,0.8975836314320511,flat
392,2,168.96461821741661,0.9450403652242414,flat
392,3,153.34020506817254,0.6980132341348693,flat
392,4,57.208403736143026,-0.060028667907586764,upright
392,5,20.549128628575694,0.8151875403050688,flat
392,6,151.9944224556869,0.6692736137806148,flat
392,7,167.88972873787498,0.9339798144433529,flat
392,8,165.8840091875155,0.9107796581490455,flat
392,9,7.55870937318774,0.9740450418414948,flat
392,10,4.734380654343955,0.9897815814012014,flat
393,1,149.06904387166068,0.6036986325223466,flat
393,2,168.2999219005146,0.9383151572360653,flat
393,3,172.17355144864578,0.9721854114139377,flat
393,4,36.628776007973336,0.46605253787670686,flat
393,5,7.641649757511858,0.9734757180924507,flat
393,6,153.33126614951397,0.6978255327099405,flat
393,7,167.13098084728693,0.9255916894332692,flat
393,8,170.4193027607366,0.9584483080329362,flat
393,9,12.622953305335415,0.9283642139112787,flat
393,10,15.352614261656857,0.8948542588374315,flat
394,1,125.31779956733108,0.0013187329639257062,upright
394,2,163.8528879190848,0.8839867716957135,flat
394,3,178.1507625080651,0.9984380016597063,flat
394,4,28.830591026404115,0.6511936693275377,flat
394,5,21.964207322746446,0.7901553586959664,flat
394,6,160.61460685299795,0.8347430150919011,flat
394,7,154.5488235489616,0.7229829533983771,flat
394,8,166.56488901602532,0.9190244129849754,flat
394,9,11.544600043944298,0.9399215756372825,flat
394,10,14.315033616482136,0.9082987377716567,flat
395,1,155.8713233958993,0.7493394349258686,flat
395,2,169.00221565610858,0.9454096181784322,flat
395,3,155.39290739396955,0.7399248761110817,flat
395,4,16.427115780427005,0.8800401173256014,flat
395,5,11.135900944696926,0.9440472667230402,flat
395,6,158.61553637442586,0.8005736742994847,flat
395,7,164.15111102216613,0.8881236157152921,flat
395,8,162.11218704888816,0.8584844435631847,flat
395,9,23.085023521295547,0.7693902995836692,flat
395,10,17.04162707132946,0.8711681180546453,flat
396,1,109.71112323197022,-0.32936529940532916,upright
396,2,161.116470407728,0.8428804433327823,flat
396,3,166.74584778484208,0.9211522603349094,flat
396,4,24.82220400822269,0.7356470979426615,flat
396,5,7.076019470328694,0.977237763804653,flat
396,6,155.76520600288026,0.7472631195898631,flat
396,7,169.6296458638088,0.9513944899044686,flat
396,8,164.98215991593182,0.8992854007571083,flat
396,9,22.300491081284804,0.7840105071995287,flat
396,10,20.646114249776588,0.8135152360579767,flat
397,1,80.97123195082567,-0.46305929277524344,upright
397,2,166.3639041120649,0.9166297984638725,flat
397,3,148.53112686005196,0.5912187542613936,flat
397,4,35.79925738450423,0.4867552253254279,flat
397,5,10.40974502247675,0.9510286203933203,flat
397,6,157.84448193859225,0.7866686454959895,flat
397,7,160.5644581443101,0.833919979440509,flat
397,8,164.64316571089265,0.8947978383601731,flat
397,9,23.02857389105726,0.7704554074939873,flat
397,10,21.547871132261367,0.7976597872791786,flat
398,1,124.6973062799256,-0.013947247390771578,upright
398,2,163.6316355400065,0.8808732198219604,flat
398,3,161.46751370913313,0.8484644104052099,flat
398,4,18.096149282879303,0.8552797685062521,flat
398,5,5.952289009459921,0.9838693794653939,flat
398,6,161.73554884841874,0.8526675293046422,flat
398,7,167.61351142342434,0.9309814052173002,flat
398,8,162.86345990152188,0.8697722274492024,flat
398,9,22.025298428074144,0.7890445598647136,flat
398,10,19.921390251260423,0.8258540235775362,flat
399,1,155.38952898347725,0.7398579047746356,flat
399,2,167.11938773558532,0.9254598340357227,flat
399,3,163.02250152747237,0.8721074017555284,flat
399,4,23.522526079534344,0.7610673097362863,flat
399,5,18.986455575088655,0.8412263079091045,flat
399,6,160.78940574338543,0.8375977731284747,flat
399,7,165.43858469665602,0.9051837729813579,flat
399,8,170.848109906765,0.9620535695420382,flat
399,9,13.321955451312498,0.9203581122026954,flat
399,10,19.47084551920084,0.8333395058511821,flat
400,1,161.8022412805169,0.8537051659641934,flat
400,2,158.85822802904508,0.8048682715043265,flat
400,3,173.11735204735186,0.9784589362339939,flat
400,4,47.20266804661468,0.1923910857206751,upright
400,5,13.500773156083785,0.9182457035949676,flat
400,6,159.50622817543277,0.8161391443474608,flat
400,7,161.36962024367526,0.8469162407459656,flat
400,8,173.1917365262579,0.9789198501132905,flat
400,9,23.209162434098342,0.7670409228250612,flat
400,10,17.29119503520248,0.8674831428544338,flat
401,1,144.57719090228477,0.4960859812919288,flat
401,2,161.502236688961,0.8490118708190599,flat
401,3,167.3698254797158,0.9282835613451896,flat
401,4,19.662703725000725,0.8301694486902937,flat
401,5,17.602996659910225,0.8628134479154597,flat
401,6,166.18523011265415,0.9144734512192016,flat
401,7,167.3663294953163,0.9282444997854598,flat
401,8,167.61622562481014,0.9310111770040759,flat
401,9,17.65575357435425,0.8620161385479896,flat
401,10,14.526875225824162,0.905623383698716,flat
402,1,163.35992816760086,0.876998184742813,flat
402,2,161.73693662726168,0.8526891544080384,flat
402,3,140.265870535667,0.3870851553646695,flat
402,4,10.296175347899096,0.9520798751555515,flat
402,5,9.736059056882926,0.9571028651077198,flat
402,6,169.66247259445447,0.9516983773881169,flat
402,7,163.7675819842265,0.8827907816855951,flat
402,8,162.4208121553326,0.8631725874588045,flat
402,9,29.77913776455482,0.6299963032707505,flat
402,10,15.255598098699787,0.8961474742464146,flat
403,1,152.17104933704135,0.6730996608555402,flat
403,2,166.1929897638529,0.9145676369369231,flat
403,3,173.05745689258242,0.9780842340762335,flat
403,4,29.395518813987334,0.6386206011952602,flat
403,5,4.616165881926274,0.9902844157293751,flat
403,6,155.92031988239947,0.7502958002140017,flat
403,7,169.63452749631477,0.9514397390316756,flat
403,8,155.42272571888444,0.7405156789596734,flat
403,9,14.54823497464766,0.905351638742397,flat
403,10,13.773029711616422,0.9149795141263257,flat
404,1,147.93409877878125,0.5772268112251757,flat
404,2,163.48758535070988,0.878825851178485,flat
404,3,170.83324387068572,0.9619312459726521,flat
404,4,20.349413300458412,0.8186107681027259,flat
404,5,9.422588816470439,0.9597961448973036,flat
404,6,164.79945852035218,0.8968780783038155,flat
404,7,169.91952409269786,0.9540460991598658,flat
404,8,171.6431551088062,0.9683153559596334,flat
404,9,17.221668937660617,0.8685144457571541,flat
404,10,8.499049138507244,0.9672358447309679,flat
405,1,163.9426182936909,0.8852387257789733,flat
405,2,162.0549639316444,0.8576074234834958,flat
405,3,174.68298659241464,0.9871194480985519,flat
405,4,3.254516641051278,0.9951654967383681,flat
405,5,22.94294377323513,0.7720672422195425,flat
405,6,173.8227691653702,0.9826319801079122,flat
405,7,149.46810310767202,0.6128766311709017,flat
405,8,172.70717105498633,0.9758291780645945,flat
405,9,13.074889267636616,0.9232337635212671,flat
405,10,14.985908515940649,0.8997034313498564,flat
406,1,161.73019798813624,0.8525841361330531,flat
406,2,164.57587311868969,0.8938962673741002,flat
406,3,126.23355992556824,0.024060207619160945,upright
406,4,4.61713031308207,0.9902803644461271,flat
406,5,11.6269954310798,0.9390727844169993,flat
406,6,165.12016758057086,0.9010863240402052,flat
406,7,166.95449817241874,0.9235724815808557,flat
406,8,145.77309898009966,0.5254384819384774,flat
406,9,21.099547655874634,0.805611401890419,flat
406,10,15.201440839927983,0.8968661629365018,flat
407,1,162.13878192775124,0.8588912191660787,flat
407,2,155.5510701633924,0.7430525464455324,flat
407,3,176.01824038545232,0.9927673606400624,flat
407,4,14.657240141775919,0.903959172721903,flat
407,5,25.554773257049295,0.7208750346521098,flat
407,6,169.53046995081343,0.9504707944089295,flat
407,7,155.67434824785556,0.745479954662402,flat
407,8,165.71241541871723,0.9086427612893093,flat
407,9,23.07905795512495,0.7695029549776016,flat
407,10,13.82737455913504,0.9143203533128177,flat
408,1,144.64569385155642,0.49777939261533577,flat
408,2,171.4093332162531,0.9665309877691421,flat
408,3,170.21453552370724,0.9566706510841771,flat
408,4,31.515943661018344,0.5901209123434661,flat
408,5,16.311358896361877,0.8816790310169831,flat
408,6,155.7065633363834,0.7461127758682649,flat
408,7,165.40798452175855,0.9047935119204928,flat
408,8,165.60970218920872,0.9073523390825757,flat
408,9,20.925968963915075,0.8086536174213768,flat
408,10,22.765458686194165,0.7753932139288313,flat
409,1,142.8477655778456,0.45289401925165484,flat
409,2,149.99979264962747,0.6249952988405045,flat
409,3,163.6866206809796,0.8816505137461317,flat
409,4,31.878450170176663,0.5816355050095738,flat
409,5,29.13586051911676,0.6444186356703927,flat
409,6,162.16381901068738,0.8592736883384271,flat
409,7,151.88239538386733,0.6668386422902652,flat
409,8,168.00166401546113,0.9351768110792054,flat
409,9,20.842823138683503,0.8101036091321396,flat
409,10,25.461764683313724,0.722767794418987,flat
410,1,148.8398052176919,0.5983952017475052,flat
410,2,160.97894616894584,0.8406685604105959,flat
410,3,153.14727628811744,0.6939524140787381,flat
410,4,5.844149159234688,0.984448154523057,flat
410,5,21.366847935057624,0.800886729812698,flat
410,6,159.2103067760546,0.8110276792912046,flat
410,7,160.36246287544867,0.8305867601792447,flat
410,8,167.67270286034855,0.9316292824199468,flat
410,9,23.91971855796986,0.7534078966515287,flat
410,10,18.634427142924743,0.8468520817982663,flat
411,1,127.31716011171063,0.05126606809996537,upright
411,2,165.47485144907458,0.9056453350402407,flat
411,3,179.04712118611462,0.9995851593595886,flat
411,4,23.87460567771225,0.7542827470467146,flat
411,5,17.18341084768872,0.8690803868001642,flat
411,6,153.62483907193942,0.7039671373994993,flat
411,7,162.12891938161,0.8587404301506749,flat
411,8,168.81122811333694,0.9435214880880236,flat
411,9,16.843954341801897,0.8740533956834406,flat
411,10,25.140842339150105,0.729260299892005,flat
412,1,142.09514890973148,0.43385741600432637,flat
412,2,161.8704443136863,0.8547629214772661,flat
412,3,170.03671814437487,0.9550976633165302,flat
412,4,13.425703270216182,0.9191356944089402,flat
412,5,16.142142553407965,0.8840562713401403,flat
412,6,146.917107482111,0.5530687038549018,flat
412,7,155.31028559801442,0.7382850852750118,flat
412,8,173.77389230111808,0.9823571334322718,flat
412,9,25.55004345769478,0.720971407813831,flat
412,10,21.535020380503035,0.7978895890061022,flat
413,1,148.87366947268578,0.5991800629834221,flat
413,2,150.96566402950376,0.6466768409196879,flat
413,3,165.08732631754785,0.9006591322575748,flat
413,4,11.137214454046958,0.9440342330687148,flat
413,5,25.582729101888745,0.7203051515830616,flat
413,6,151.54393696219944,0.6594434905319768,flat
413,7,153.77605661404462,0.7071120771859631,flat
413,8,168.49364599353794,0.940313625962234,flat
413,9,24.174574201727477,0.7484422319967012,flat
413,10,26.3842448608742,0.7037778111189064,flat
414,1,161.13488785618296,0.8431756256710601,flat
414,2,158.16827143091533,0.7925557292338912,flat
414,3,166.75772037213488,0.9212909318248808,flat
414,4,18.324873884655076,0.8517246197645207,flat
414,5,23.798827260684728,0.7557494624997081,flat
414,6,152.2076940015009,0.6738914386495436,flat
414,7,161.01051722691298,0.8411775418241885,flat
414,8,163.0990307628003,0.8732242358367093,flat
414,9,15.941344944421013,0.886848474882604,flat
414,10,27.750415256639318,0.6747957182489932,flat
415,1,165.17660797144288,0.9018184888423906,flat
415,2,164.09421358690972,0.8873396792899553,flat
415,3,163.40870966114886,0.8776980605764637,flat
415,4,14.132525667829196,0.9105747766974226,flat
415,5,12.989061865450061,0.9242210174130923,flat
415,6,168.3221711886788,0.938546283771079,flat
415,7,177.2487729182013,0.9965440690528029,flat
415,8,165.09636723265734,0.9007768197741672,flat
415,9,19.82988452899308,0.8273859130630663,flat
415,10,17.439942645057815,0.8652645155406387,flat
416,1,163.89763177165491,0.8846118340591296,flat
416,2,154.44883459497947,0.7209485484682219,flat
416,3,166.90875127618577,0.9230448983235022,flat
416,4,25.162956576716358,0.7288148319843202,flat
416,5,14.853794079131527,0.9014244168205268,flat
416,6,157.2333405317398,0.7753707795536586,flat
416,7,169.79848883514939,0.9529477008627303,flat
416,8,166.92837496841338,0.9232714219126841,flat
416,9,22.560487390690195,0.779209161287727,flat
416,10,15.301007570369967,0.8955430922927412,flat
417,1,158.42371522918748,0.7971512933263871,flat
417,2,163.17046991609828,0.8742627740535045,flat
417,3,178.5483606643427,0.9990373453287744,flat
417,4,10.763887529735467,0.947679843433687,flat
417,5,20.445195863789305,0.8169724419606281,flat
417,6,146.38268107128624,0.5402186561716893,flat
417,7,169.13701428529336,0.946723656028134,flat
417,8,171.24155838531365,0.965221225739131,flat
417,9,12.054887563991523,0.9345733745774147,flat
417,10,14.964665511981444,0.899981086033905,flat
418,1,171.3835445357276,0.9663312614754984,flat
418,2,163.8370754357335,0.8837655046469581,flat
418,3,162.14704683610358,0.8590175262318516,flat
418,4,13.68658976834989,0.9160230323940448,flat
418,5,15.575752998623003,0.8918518010818117,flat
418,6,174.28454652226222,0.985123307556595,flat
418,7,174.19403916733387,0.984650042235039,flat
418,8,158.63998892064393,0.8010081742202004,flat
418,9,16.076399023874938,0.8849739085824047,flat
418,10,13.336534085492167,0.9201868687097172,flat
419,1,150.90036235668668,0.64522490907742,flat
419,2,160.82543128517966,0.8381834150085496,flat
419,3,174.9798135372241,0.988513861749754,flat
419,4,31.81073065174446,0.5832247306613345,flat
419,5,8.205096852207724,0.9694477952072003,flat
419,6,146.28363446731868,0.5378258968213872,flat
419,7,171.49763804465664,0.9672104854827739,flat
419,8,164.92244502662203,0.8985014817482637,flat
419,9,20.701761382227517,0.8125528061655571,flat
419,10,14.308717863493062,0.9083779477407783,flat
420,1,178.37345376815165,0.9987914568888312,flat
420,2,171.1035995156917,0.9641258461475299,flat
420,3,170.54836597434965,0.9595501612031303,flat
420,4,66.91590331958231,-0.2694078037798583,upright
420,5,3.2195236222620296,0.9952687914857501,flat
420,6,112.73668993281885,-0.27593042840783627,upright
420,7,175.47693835682662,0.9906715677524085,flat
420,8,154.33684952273066,0.7186632572973031,flat
420,9,15.433820280883028,0.8937661045296421,flat
420,10,15.071980024538973,0.8985747872922139,flat
421,1,159.26818024310535,0.8120320565424419,flat
421,2,165.76498946049142,0.9092999924126632,flat
421,3,174.12664105917497,0.9842928521843595,flat
421,4,51.37772130362806,0.08440743761930969,upright
421,5,6.453967053383274,0.9810477024988662,flat
421,6,127.86103194366555,0.06503062105591106,upright
421,7,173.71967494295276,0.9820497619682471,flat
421,8,168.9853161807129,0.9452437927605162,flat
421,9,23.274440745973646,0.7658016079056313,flat
421,10,12.554019350195112,0.9291319556202917,flat
422,1,166.69412071623188,0.9205467447471534,flat
422,2,173.96497475254296,0.9834195058431536,flat
422,3,157.090121378539,0.7726883874141799,flat
422,4,18.270894822589266,0.8525671020898042,flat
422,5,8.446758481347633,0.9676348532398209,flat
422,6,140.98469558900877,0.4055418329066789,flat
422,7,170.50248100335938,0.9591600755109213,flat
422,8,148.03850494102383,0.5796840984721647,flat
422,9,20.540468663957615,0.8153365476524432,flat
422,10,6.845545048973483,0.9786894537024216,flat
423,1,164.59300199301867,0.894126093439231,flat
423,2,153.28534092827553,0.6968604975426087,flat
423,3,170.78301916937986,0.9615165597009718,flat
423,4,49.90724666320734,0.12215593088516186,upright
423,5,7.291878501142006,0.9758354437690622,flat
423,6,170.67582654498844,0.9606241980178281,flat
423,7,166.79624191052247,0.9217400682770318,flat
423,8,169.09821259406723,0.9463469909527347,flat
423,9,14.81191869504027,0.9019670156659154,flat
423,10,3.012991237378804,0.9958557936787684,flat
424,1,168.96211543704632,0.9450157423471977,flat
424,2,161.69285418748265,0.8520015477415495,flat
424,3,166.2932146053062,0.9157797697254135,flat
424,4,41.54069096463221,0.34034456923274914,flat
424,5,16.60350551614123,0.8775229782202396,flat
424,6,145.61254917540776,0.5215247040628479,flat
424,7,160.2894156597514,0.8293742584097898,flat
424,8,158.0700379296411,0.7907769544284551,flat
424,9,17.018652064482506,0.8715049882138559,flat
424,10,13.00994307225281,0.9239813821597997,flat
425,1,150.15817334374086,0.6285804497996494,flat
425,2,149.5734858351497,0.6152886582871708,flat
425,3,159.5126252437509,0.8162489761425382,flat
425,4,28.540803247400763,0.6575829720949486,flat
425,5,10.988346167065854,0.9455021245949091,flat
425,6,161.51150647056102,0.8491578741880639,flat
425,7,166.61752379457124,0.919646088515601,flat
425,8,173.0272596332072,0.9778941141287674,flat
425,9,13.136313193803712,0.9225235072040423,flat
425,10,18.059515563412283,0.8558456007464716,flat
426,1,170.4821835516054,0.9589869386681498,flat
426,2,151.04583661483392,0.648456596539045,flat
426,3,163.33703362404566,0.8766690861269086,flat
426,4,27.414729638902994,0.6820090717268013,flat
426,5,13.69874680570803,0.9158766367027762,flat
426,6,171.14242815046134,0.9644358173409844,flat
426,7,164.69379930670928,0.8954738705194583,flat
426,8,164.90367435779993,0.8982544838667779,flat
426,9,7.142566655322973,0.9768098412110942,flat
426,10,8.129647105154087,0.970003337058569,flat
427,1,159.28508599090182,0.8123250182056716,flat
427,2,157.7112442593248,0.7842261889710818,flat
427,3,156.65673485793837,0.7644920700402196,flat
427,4,49.39144678349918,0.13548191464956716,upright
427,5,35.79383742561505,0.48688985992127687,flat
427,6,146.11255720173088,0.5336849398473822,flat
427,7,178.17176749963025,0.9984732727924552,flat
427,8,173.5553361345333,0.9811020709296838,flat
427,9,0.7885398594140703,0.9997159035045358,flat
427,10,19.246617461466553,0.8370112401145873,flat
428,1,154.13052047980983,0.7144339519368119,flat
428,2,142.54957026535905,0.4453675194810449,flat
428,3,168.0390350104024,0.9355741151418291,flat
428,4,22.161457841429268,0.7865600068004932,flat
428,5,7.249848910119245,0.9761117206575545,flat
428,6,162.1676574078922,0.859332282973202,flat
428,7,169.04170659817922,0.9457961778778223,flat
428,8,170.82756640065494,0.9618844789344629,flat
428,9,14.895335823538788,0.9008847658246308,flat
428,10,23.44237811821296,0.7626010089935922,flat
429,1,165.6351540694159,0.9076728881209553,flat
429,2,159.8867476756183,0.8226230218475117,flat
429,3,168.5225505908062,0.9406091033191952,flat
429,4,16.09878677988927,0.8846617992578811,flat
429,5,8.038709886114688,0.9706662767948679,flat
429,6,167.4851670946099,0.9295666361246775,flat
429,7,177.54068603224795,0.9972381046639374,flat
429,8,168.13501446033894,0.9365891586983948,flat
429,9,14.72513927051781,0.9030870211651769,flat
429,10,24.17327816091857,0.7484675844735056,flat
430,1,158.54109284825634,0.7992484111315665,flat
430,2,134.7288617219214,0.2429017224538229,upright
430,3,154.54717048274043,0.7229493663959472,flat
430,4,10.733052282903703,0.9479756668695556,flat
430,5,10.3708500861931,0.9513898916746417,flat
430,6,162.17498973000247,0.8594441833313078,flat
430,7,157.6797231773676,0.7836466656374919,flat
430,8,144.90775217522005,0.5042443840177215,flat
430,9,21.747945105994887,0.7940678082702328,flat
430,10,42.940305462474136,0.303876233037808,flat
431,1,166.55640970356885,0.9189240515611516,flat
431,2,125.25356260349051,-0.0002672235043330029,upright
431,3,166.25893932135028,0.9153661559308404,flat
431,4,18.620425987822003,0.8470739766475468,flat
431,5,38.07192002619713,0.4296139190116457,flat
431,6,160.47670094611814,0.8324754131942949,flat
431,7,134.81009391327808,0.24502830668796072,upright
431,8,155.78565439077002,0.7476637486557869,flat
431,9,22.147718988763835,0.7868112556564597,flat
431,10,39.7233101581888,0.3873636226889916,flat
432,1,166.84477945358606,0.9223042554955807,flat
432,2,134.41249567991272,0.23462025096002426,upright
432,3,162.3409689543692,0.8619665379855712,flat
432,4,23.116927404940515,0.7687874356757582,flat
432,5,52.1308808736925,0.06523581044317495,upright
432,6,151.106299516817,0.6497967523826873,flat
432,7,116.44142012430659,-0.202585124313518,upright
432,8,153.887455530555,0.7094207486504027,flat
432,9,18.127826018585612,0.854789702217289,flat
432,10,56.41668668133831,-0.04103936223481375,upright
433,1,162.922856909571,0.8706465797070115,flat
433,2,131.8448868799135,0.16756621521603,upright
433,3,169.27522547242785,0.9480549433286296,flat
433,4,15.497079134246855,0.8929148561611828,flat
433,5,61.18722951090659,-0.15158777163381032,upright
433,6,154.9032030071239,0.7301466956670228,flat
433,7,139.33051871744595,0.3629414385429599,flat
433,8,166.48740708294355,0.9181051561796656,flat
433,9,14.780920729463837,0.9023677735531359,flat
433,10,104.37596437408943,-0.4075329227621494,upright
434,1,157.1462443838109,0.7737410913731271,flat
434,2,167.29727083364733,0.927470819411794,flat
434,3,163.44607429864777,0.8782329061443916,flat
434,4,25.768540763661022,0.7165060048106002,flat
434,5,4.886667966010191,0.9891152523636997,flat
434,6,156.03893707330622,0.7526050306859235,flat
434,7,173.26753186408126,0.9793844512117691,flat
434,8,154.1496826695912,0.714827754138502,flat
434,9,24.8404293579998,0.7352834008370996,flat
434,10,33.09832386505183,0.5526991211923704,flat
435,1,157.38324365287735,0.7781642924990968,flat
435,2,163.15681728344867,0.8740646003788859,flat
435,3,166.19939574480364,0.9146453552269203,flat
435,4,15.96806519509673,0.8864787165020938,flat
435,5,15.083168083630397,0.8984276496046297,flat
435,6,168.85781424970105,0.9439848908169659,flat
435,7,177.55770692936332,0.9972761794133416,flat
435,8,145.12813032776154,0.5096646777168148,flat
435,9,27.61649904470642,0.6776804143376014,flat
435,10,34.184563652189745,0.5264691181438255,flat
436,1,166.8761366251369,0.9226677167057826,flat
436,2,146.63259033337548,0.5462404589964649,flat
436,3,168.32106553480537,0.9385348079978568,flat
436,4,41.92979803484198,0.33022392527021815,flat
436,5,17.609701780873838,0.8627122293966469,flat
436,6,126.63996447140381,0.03422797509317399,upright
436,7,155.11588297699421,0.734410789500598,flat
436,8,167.28880500360918,0.9273757037586636,flat
436,9,16.406640646231377,0.880330758785864,flat
436,10,34.85620763856075,0.5100493109918631,flat
437,1,151.4254114691324,0.6568402021419844,flat
437,2,124.617781487057,-0.01589499212523149,upright
437,3,120.85057154259434,-0.10555298217584463,upright
437,4,33.06849490207657,0.5534134492300096,flat
437,5,48.39690391557263,0.16127750940648378,upright
437,6,121.09674450143989,-0.09986536972966592,upright
437,7,134.52484449448232,0.23756102829407544,upright
437,8,121.93935261590076,-0.08020467786566854,upright
437,9,32.75766034235336,0.5608374306048851,flat
437,10,52.40443135377468,0.058303520174056045,upright
438,1,168.80996495435286,0.9435088976197612,flat
438,2,134.47623339266946,0.2362885861882078,upright
438,3,150.6714453016539,0.6401189492252477,flat
438,4,7.7722216951513525,0.9725671531988958,flat
438,5,35.142226854498794,0.5030130242098487,flat
438,6,115.37765153132118,-0.22447523843125916,upright
438,7,132.83452626071735,0.1933620018625799,upright
438,8,132.25679632850827,0.1782927959525631,upright
438,9,13.207777671342678,0.9216932592702047,flat
438,10,40.981460113955606,0.3548604532924109,flat
439,1,159.4129326859427,0.8145341412152514,flat
439,2,158.02609196691034,0.7899791378971752,flat
439,3,151.23894993183933,0.6527306914864623,flat
439,4,29.405005594535105,0.6384081588992663,flat
439,5,8.708939521394031,0.9656102251964156,flat
439,6,163.96354143262153,0.8855297582226866,flat
439,7,164.69339638583273,0.8954684988957253,flat
439,8,175.67965313244198,0.9914874443048001,flat
439,9,19.153799609310646,0.838520621109315,flat
439,10,49.67464863843455,0.1281603612724933,upright
440,1,150.26699079156242,0.6310369733083843,flat
440,2,176.08352836312903,0.9930022333891606,flat
440,3,151.11474702278144,0.6499838490895624,flat
440,4,11.931868411655326,0.9358826432542795,flat
440,5,11.572774715335811,0.9396319776777853,flat
440,6,174.00363760327718,0.9836304945304934,flat
440,7,163.61489532635778,0.8806361112437093,flat
440,8,171.88915900208895,0.970141030366273,flat
440,9,24.82923889604241,0.7355067360836338,flat
440,10,17.602028761128977,0.8628280562559867,flat
441,1,167.77552246431688,0.9327477705815217,flat
441,2,167.1858097953257,0.9262137925455334,flat
441,3,156.75318215111997,0.7663263584516515,flat
441,4,21.18737602264442,0.8040643052261902,flat
441,5,8.825093157650482,0.9646940885575581,flat
441,6,170.072189131854,0.9554136136236098,flat
441,7,161.25465602526964,0.8450892020030709,flat
441,8,158.9969874327144,0.8073058424803197,flat
441,9,19.392569084957607,0.834625354103901,flat
441,10,15.23926278105576,0.8963644938380098,flat
442,1,167.8682916406477,0.9337493816679314,flat
442,2,165.1174170715609,0.9010505788580969,flat
442,3,168.1115656781921,0.9363418839357371,flat
442,4,9.525692658569815,0.9589196589057114,flat
442,5,19.4389284195149,0.8338643349647161,flat
442,6,171.27720516436148,0.965501562052923,flat
442,7,154.02296112459797,0.7122196478154372,flat
442,8,166.25918783348146,0.9153691582563237,flat
442,9,23.758217322431427,0.7565340251346357,flat
442,10,19.606687485368287,0.8310976962938452,flat
443,1,163.83107649566668,0.8836815098274997,flat
443,2,163.26487037690765,0.8756291544211012,flat
443,3,175.63862310381037,0.9913253041488264,flat
443,4,12.71422931304842,0.9273415980743382,flat
443,5,25.79364592149436,0.7159911906743388,flat
443,6,173.17124738564465,0.9787933820385026,flat
443,7,168.4146163303256,0.9395021584091059,flat
443,8,171.05935562578068,0.963771045617773,flat
443,9,22.342465358820938,0.7832383361033217,flat
443,10,6.708136145170311,0.9795325160540649,flat
444,1,162.07677198985772,0.8579419469556351,flat
444,2,160.4336971200876,0.8317655333375127,flat
444,3,177.33511731360537,0.9967574327156901,flat
444,4,6.8356731469976095,0.978750581211147,flat
444,5,6.1850417291204245,0.982588200669388,flat
444,6,177.4658612481894,0.9970675976044066,flat
444,7,175.0246904467475,0.9887177856335054,flat
444,8,156.8862678007164,0.7688478421002267,flat
444,9,18.614684854062244,0.8471649227718179,flat
444,10,17.68170940805246,0.8616231089816906,flat
445,1,163.85390803397797,0.8840010397233742,flat
445,2,160.31787710891084,0.8298471348628993,flat
445,3,171.49603534377874,0.9671982135416288,flat
445,4,19.653372621271515,0.830324228897285,flat
445,5,9.21074877129253,0.9615681343175675,flat
445,6,166.05590468355732,0.9128965430681435,flat
445,7,173.3745311011058,0.9800316301421457,flat
445,8,160.85240245161364,0.8386212574744953,flat
445,9,17.97721137824093,0.8571132292287629,flat
445,10,24.731837927105072,0.7374474976535348,flat
446,1,159.09731714322243,0.8090601820519026,flat
446,2,167.12777782993038,0.9255552706600554,flat
446,3,159.68753853420858,0.8192411177851542,flat
446,4,11.099796322304769,0.9444049533388841,flat
446,5,11.570804335169768,0.9396522522484902,flat
446,6,166.93429328133467,0.9233396772029945,flat
446,7,159.44797393499084,0.8151376741455065,flat
446,8,162.0359900270655,0.8573160879041493,flat
446,9,15.208222526610705,0.896776293780176,flat
446,10,9.754289675078224,0.9569436227379451,flat
447,1,154.4990024936009,0.7219699981014578,flat
447,2,167.19472589040163,0.9263147227277877,flat
447,3,146.27185215622177,0.5375410312224758,flat
447,4,15.938859564443433,0.8868828397429473,flat
447,5,24.18944217077046,0.748151319546116,flat
447,6,158.5478723006341,0.7993692543540576,flat
447,7,145.86987811335146,0.5277935289877056,flat
447,8,165.3668850908346,0.9042681725330368,flat
447,9,19.146170123403877,0.8386444153639265,flat
447,10,22.9477368141538,0.7719771448466768,flat
448,1,156.01901707260345,0.7522178305606904,flat
448,2,142.3669396813523,0.44074738887144416,flat
448,3,152.945395000351,0.6896816043772405,flat
448,4,25.695743906986607,0.7179967727039651,flat
448,5,28.89688672900999,0.6497261738733551,flat
448,6,156.30889203470002,0.7578283109981372,flat
448,7,157.46571369098538,0.7796949976539467,flat
448,8,163.56645622527066,0.8799488065240879,flat
448,9,24.91928529807853,0.7337075247417033,flat
448,10,9.14237033775282,0.962131801114978,flat
449,1,170.00740537870217,0.9548357502949114,flat
449,2,159.65529647311737,0.8186911632697411,flat
449,3,155.97329501373866,0.751328178314389,flat
449,4,12.209636145477665,0.9329084915856476,flat
449,5,16.24620213198636,0.8825970014007596,flat
449,6,172.25458506035733,0.9727549090357428,flat
449,7,153.87503639712523,0.7091637134534068,flat
449,8,163.97813352077367,0.8857325276505197,flat
449,9,16.689397439921983,0.8762886539087804,flat
449,10,13.234435903425492,0.9213824830625335,flat
450,1,158.52304997357717,0.7989266484168076,flat
450,2,146.39817392892974,0.540592618263529,flat
450,3,162.2000769364556,0.8598267432903248,flat
450,4,11.161429302674309,0.9437936932868922,flat
450,5,8.322684404204738,0.9685720419855914,flat
450,6,172.0925419580282,0.9716103076795759,flat
450,7,170.19896206940186,0.9565339739148251,flat
450,8,165.31137360968586,0.9035564785416583,flat
450,9,27.003174849857412,0.6907716931435264,flat
450,10,28.94193512719466,0.648727778366774,flat
451,1,171.49629265251642,0.9672001839156121,flat
451,2,153.1773623054365,0.6945870029560466,flat
451,3,160.3143915564913,0.8297892544422252,flat
451,4,14.487546873865004,0.906122777014502,flat
451,5,11.34272977333943,0.9419769958857942,flat
451,6,170.404218623623,0.9583185911189023,flat
451,7,171.05238898653866,0.9637150235931742,flat
451,8,168.21767873509273,0.9374572091203346,flat
451,9,23.32775825455701,0.7647873826355571,flat
451,10,21.353826900789446,0.8011179979645455,flat
452,1,156.67064552048635,0.7647569911486514,flat
452,2,147.27221858288593,0.5615491457064858,flat
452,3,133.73180648493005,0.21680961433137358,upright
452,4,16.32007976563765,0.8815559177559349,flat
452,5,10.356201911072528,0.9515256145088089,flat
452,6,163.1802378700916,0.874404472987985,flat
452,7,165.26953804405653,0.9030184971370971,flat
452,8,123.48777715558744,-0.04334287508791512,upright
452,9,27.22982721461239,0.6859570613195543,flat
452,10,11.823774666461283,0.9370226255612135,flat
453,1,161.7130923915439,0.8523174043590453,flat
453,2,149.20025164100264,0.6067239518662797,flat
453,3,161.74471287317155,0.8528103018144275,flat
453,4,18.342492652078164,0.8514491709210079,flat
453,5,21.398088447918752,0.8003313993277279,flat
453,6,165.14372709932658,0.9013922539300869,flat
453,7,165.8441504428626,0.9102853990012425,flat
453,8,168.55945386692215,0.9409853253756679,flat
453,9,25.254508689326848,0.726967578887054,flat
453,10,0.23122733129799167,0.9999755700842006,flat
454,1,160.50737471470396,0.8329809544021136,flat
454,2,125.47257536120645,0.005145137101139952,upright
454,3,160.5548806718791,0.8337625913370172,flat
454,4,11.951845023962818,0.9356708956058135,flat
454,5,15.548014820273542,0.8922271571184273,flat
454,6,160.1507921249809,0.82706291269329,flat
454,7,164.33821332811473,0.8906837580927318,flat
454,8,167.3475388659206,0.9280343740764487,flat
454,9,24.100995376147107,0.7498799261108127,flat
454,10,3.9295995104631416,0.9929553159372182,flat
455,1,163.79594447962774,0.8831890472957369,flat
455,2,146.97310202309635,0.554409040749479,flat
455,3,156.191776484327,0.7555677869640944,flat
455,4,11.547370769545424,0.9398931258628342,flat
455,5,13.955115013499155,0.9127615511738583,flat
455,6,164.60591681554328,0.8942992253537951,flat
455,7,169.21071088308457,0.9474355415777476,flat
455,8,165.84579009114967,0.9103057562958266,flat
455,9,14.927392797145524,0.9004673917803894,flat
455,10,8.974443533194568,0.9634988563587235,flat
456,1,168.42325582875728,0.9395911233621359,flat
456,2,146.41293053479154,0.5409487298989784,flat
456,3,163.498907567968,0.8789873489322462,flat
456,4,18.674095459703185,0.8462226314726757,flat
456,5,11.462127171822601,0.9407654498505842,flat
456,6,172.74801368866747,0.9760977084001874,flat
456,7,174.96890292445113,0.9884640092659032,flat
456,8,161.4228212577694,0.847758472190387,flat
456,9,11.606974302173937,0.9392795554198705,flat
456,10,37.35620336838891,0.44774813504092503,flat
457,1,146.99022686082304,0.5548187246500853,flat
457,2,157.00486610879113,0.7710854102119278,flat
457,3,151.24072091721163,0.6527698035672829,flat
457,4,26.749070209907618,0.6961366571898087,flat
457,5,11.043299843115177,0.9449624475319982,flat
457,6,156.1159475484788,0.7540996541647251,flat
457,7,154.55390325115079,0.72308615294091,flat
457,8,158.91524278451635,0.8058714221270431,flat
457,9,30.704639962441032,0.6089122367020743,flat
457,10,16.41490816310417,0.8802134413727754,flat
458,1,152.05810555535862,0.6706549459297144,flat
458,2,149.74874266604652,0.619289020287934,flat
458,3,157.8414483035548,0.7866131631326485,flat
458,4,16.382215117548313,0.8806770543284168,flat
458,5,18.597270918163396,0.8474406327184862,flat
458,6,156.87058404539093,0.7685512735957669,flat
458,7,173.86306531745478,0.9828569714914577,flat
458,8,152.76245397059296,0.685792613253368,flat
458,9,46.10462277409792,0.22108820882160907,upright
458,10,12.949114411872777,0.9246784609875309,flat
459,1,159.25136571176932,0.8117404814366473,flat
459,2,144.01144212726095,0.48204762025320813,flat
459,3,144.13731006320398,0.4851788990708463,flat
459,4,14.736019630244376,0.902946923814886,flat
459,5,14.060424354589717,0.9114665623509621,flat
459,6,158.06660552638473,0.790714686688694,flat
459,7,159.25263263516965,0.8117624574696138,flat
459,8,148.27133790295449,0.5851481996601045,flat
459,9,23.56749632344123,0.7602050132888425,flat
459,10,6.925041933995518,0.9781940500336446,flat
460,1,154.66374221363003,0.7253140045390187,flat
460,2,161.49107246936174,0.8488359459189807,flat
460,3,163.4501941582012,0.8782918133143747,flat
460,4,11.286162387563335,0.9425467998947616,flat
460,5,15.307960654637458,0.895450406288369,flat
460,6,170.66740239637613,0.9605536464779585,flat
460,7,161.64090196174593,0.8511893568668958,flat
460,8,155.57645512612532,0.7435531372184176,flat
460,9,19.407481380466322,0.8343807258412577,flat
460,10,18.119921715610456,0.8549120578269145,flat
461,1,167.04312734197802,0.9245897229062339,flat
461,2,165.75014841065996,0.9091146884316839,flat
461,3,158.8481391277044,0.8046905325612326,flat
461,4,14.92380811243569,0.9005141039648226,flat
461,5,24.61890430645849,0.7396906991833854,flat
461,6,160.29677635421072,0.8294966084678559,flat
461,7,153.88972199097134,0.7094676476085637,flat
461,8,162.74528541298267,0.8680247229346398,flat
461,9,19.621437254912927,0.8308534925451663,flat
461,10,9.390192073972145,0.9600696519295071,flat
462,1,165.31618711713998,0.9036182881041384,flat
462,2,135.02182775204952,0.2505714491570681,flat
462,3,163.77958262609744,0.8829593701860765,flat
462,4,17.5514821490078,0.863589975565844,flat
462,5,18.526354794931837,0.8485611466747991,flat
462,6,162.28237916053752,0.8610785015239177,flat
462,7,167.16951709800995,0.9260291900392512,flat
462,8,169.29537063900048,0.9482476310316743,flat
462,9,17.924920198924564,0.8579160023269483,flat
462,10,15.958973637787782,0.8866045888447016,flat
463,1,144.22473255370622,0.4873510835356838,flat
463,2,139.02897556309023,0.35513096823565427,flat
463,3,144.9852342708757,0.5061518203284372,flat
463,4,18.99486019198643,0.8410908990139903,flat
463,5,12.414355085695979,0.9306753869363058,flat
463,6,170.11330759310997,0.9557785141495962,flat
463,7,174.249209868264,0.9849394041406474,flat
463,8,155.88682939399837,0.7496422555231599,flat
463,9,27.5587201470897,0.6789221503436671,flat
463,10,6.567395987129045,0.9803786179182583,flat
464,1,153.81902990498494,0.7080034920210543,flat
464,2,154.403331571498,0.7200208294659209,flat
464,3,156.89764080356545,0.7690628001194431,flat
464,4,16.863718982507756,0.8737662409568112,flat
464,5,23.514259035417243,0.761225691869003,flat
464,6,165.77305987118507,0.9094006845498033,flat
464,7,162.98853435367351,0.8716102767336606,flat
464,8,160.8152645040359,0.8380182349704588,flat
464,9,15.426088164689096,0.893869937234637,flat
464,10,15.646553434678395,0.8908909946227017,flat
465,1,161.85799028360748,0.8545700285311455,flat
465,2,162.6448364582624,0.8665310648647284,flat
465,3,149.5922109036024,0.6157167262494356,flat
465,4,11.77974638720709,0.9374841558030731,flat
465,5,15.683357979328242,0.8903899870942615,flat
465,6,166.85725135522213,0.9224489138982785,flat
465,7,167.2426651047988,0.9268562712745076,flat
465,8,160.82060150037347,0.83810495456652,flat
465,9,5.169200132453871,0.9878237363116866,flat
465,10,32.33327519426064,0.5709141994105018,flat
466,1,169.1407217062926,0.94675957870873,flat
466,2,144.50455345075528,0.4942888271405148,flat
466,3,148.34560155140028,0.5868863722788782,flat
466,4,13.913487099877539,0.9132709807601336,flat
466,5,16.94402067845927,0.8725965087171934,flat
466,6,174.999747820267,0.988604668296593,flat
466,7,153.45436882619214,0.7004066281721075,flat
466,8,159.51652453394965,0.8163159095284638,flat
466,9,16.277760693097836,0.8821527924546058,flat
466,10,25.683469634945126,0.7182478335007563,flat
467,1,169.67866479190369,0.9518479344170574,flat
467,2,157.83417839535255,0.7864801787858677,flat
467,3,156.8279066854026,0.7677434888890073,flat
467,4,10.237242371081482,0.9526210394185313,flat
467,5,19.239381643050233,0.8371291288750657,flat
467,6,161.5794975328834,0.8502268465293696,flat
467,7,167.94204448985707,0.934540561595588,flat
467,8,162.3904807853493,0.8627149858067757,flat
467,9,17.001298360213678,0.8717591712568167,flat
467,10,20.13899229369965,0.8221875976169091,flat
468,1,155.5296794209446,0.7426304210166323,flat
468,2,159.99995850649506,0.8245326340801094,flat
468,3,159.58282039373327,0.817452306539987,flat
468,4,14.533582464001539,0.9055380915056335,flat
468,5,14.925508136522936,0.9004919521457593,flat
468,6,156.75674712282537,0.7663940470446384,flat
468,7,163.25670323019415,0.8755112089365344,flat
468,8,163.95008251619382,0.8853425889977933,flat
468,9,20.40589069133108,0.8176455105585636,flat
468,10,2.703348898849878,0.9966632175014443,flat
469,1,154.18529504390426,0.7155590715787956,flat
469,2,167.97179094999825,0.9348583815489135,flat
469,3,158.2472373204948,0.7939809892594167,flat
469,4,17.04191589100575,0.8711638807039943,flat
469,5,13.400029099546575,0.9194390203492602,flat
469,6,163.83694960130381,0.8837637430476835,flat
469,7,161.4469965695846,0.848140513314056,flat
469,8,160.11593861630976,0.8264796533551308,flat
469,9,17.002327377130246,0.8717441054104578,flat
469,10,16.870562524868284,0.8736667439102974,flat
470,1,165.89892666816078,0.9109643100208809,flat
470,2,154.84869545471406,0.7290495854018331,flat
470,3,148.24933927642672,0.5846328794348319,flat
470,4,9.113069295659528,0.9623720980638317,flat
470,5,12.97324446205306,0.924402301417266,flat
470,6,169.35079296680453,0.9487759614525033,flat
470,7,156.64830837027483,0.764331533099436,flat
470,8,159.44115655927266,0.815020321299093,flat
470,9,18.40164262151464,0.8505227669748496,flat
470,10,3.6640179192937254,0.9938741116644785,flat
471,1,168.82579987140892,0.9436666337926667,flat
471,2,156.30433393031518,0.7577404905224654,flat
471,3,169.07125290382723,0.9460845292099251,flat
471,4,19.440785686966578,0.8338338148235187,flat
471,5,20.014292138783702,0.8242927507349151,flat
471,6,170.89974325107795,0.9624769392022925,flat
471,7,160.8196413473492,0.8380893547718682,flat
471,8,150.82376693646074,0.6435192531026219,flat
471,9,18.572993914319028,0.8478246352691596,flat
471,10,14.80749646989794,0.9020242351935501,flat
472,1,168.87549462044626,0.9441602810810188,flat
472,2,145.25421101418738,0.5127587956832005,flat
472,3,156.09250800260455,0.7536451233280212,flat
472,4,15.994394218228342,0.8861138303736673,flat
472,5,17.963778061265273,0.8573196504096336,flat
472,6,169.57372235419368,0.950874667554769,flat
472,7,170.87864121223356,0.9623041917743498,flat
472,8,166.1918168484503,0.9145534033579064,flat
472,9,11.213735847547513,0.9432724112120705,flat
472,10,18.967081743635863,0.8415382507091325,flat
473,1,163.46991407867097,0.8785735955530183,flat
473,2,158.14398380262804,0.7921165309549263,flat
473,3,146.91441440670056,0.5530042106986612,flat
473,4,27.355122735934007,0.6832837567694818,flat
473,5,19.342517540257983,0.8354452645326338,flat
473,6,165.98014747361879,0.9119665334820839,flat
473,7,162.18949016022276,0.8596653603844846,flat
473,8,154.8434154836663,0.7289432196690737,flat
473,9,7.394999879412222,0.9751509689864293,flat
473,10,4.644273641069545,0.9901659994729395,flat
474,1,136.53227126378516,0.29009564395863363,flat
474,2,160.28773876677565,0.8293463796095992,flat
474,3,151.26237496494028,0.6532479070939239,flat
474,4,20.806132359862467,0.8107419651203716,flat
474,5,19.639029094759312,0.8305620328839141,flat
474,6,142.99477991486566,0.4565966459573959,flat
474,7,164.46131393111997,0.8923532595155783,flat
474,8,145.0386268491432,0.5074651368307366,flat
474,9,37.73609764134477,0.4381373507366352,flat
474,10,30.3905753859024,0.6161101056946521,flat
475,1,153.48406390949063,0.7010280021203914,flat
475,2,158.63121285818048,0.8008522775909279,flat
475,3,164.6299306955538,0.8946207995042572,flat
475,4,17.94689757491675,0.8575788526961095,flat
475,5,12.308352969910333,0.9318360204155827,flat
475,6,162.77593867213284,0.8684790191523448,flat
475,7,164.94693010480418,0.8988232554502618,flat
475,8,152.84814476708158,0.6876164647965028,flat
475,9,28.173697600167127,0.665617032502754,flat
475,10,13.281463202539355,0.9208328312300307,flat
476,1,149.07413548078185,0.6038161709329861,flat
476,2,165.56496767807522,0.9067876812250906,flat
476,3,165.32585333479017,0.9037423548894259,flat
476,4,13.471310913827658,0.9185955405076811,flat
476,5,11.526625447506651,0.9401059818137825,flat
476,6,155.6476777274257,0.7449555747735546,flat
476,7,164.0253451707383,0.8863874431418,flat
476,8,160.0566068834506,0.8254847986935152,flat
476,9,22.110081286644665,0.7874989214296242,flat
476,10,9.898714000796451,0.9556719804231013,flat
477,1,161.14727092156502,0.8433739551955723,flat
477,2,150.35667598835474,0.633057460406913,flat
477,3,166.46998656594536,0.9178978034921939,flat
477,4,11.746380620035081,0.9378328338257083,flat
477,5,17.654785674144023,0.8620307850145319,flat
477,6,173.20549786999828,0.9790045819310329,flat
477,7,159.98010379290696,0.8241983776414987,flat
477,8,157.9129508128409,0.7879192756527713,flat
477,9,11.572202479612308,0.9396378661333136,flat
477,10,8.474092887102715,0.9674265737900107,flat
478,1,162.64482606075424,0.8665309098629788,flat
478,2,147.25262659965304,0.5610825034601437,flat
478,3,168.8463342141128,0.9438708666818503,flat
478,4,16.82560283178683,0.8743197535052167,flat
478,5,28.526067073174875,0.6579067696129681,flat
478,6,174.64022700276152,0.9869120505210534,flat
478,7,164.69164587945488,0.895445160172369,flat
478,8,161.50317781578786,0.8490266968648044,flat
478,9,12.84352941732849,0.9258812103666112,flat
478,10,13.665514958544481,0.916276532181673,flat
479,1,161.23018843728372,0.8446991194111715,flat
479,2,166.18026201729745,0.9144131234739465,flat
479,3,157.3087664535863,0.7767781787807027,flat
479,4,12.391623458704107,0.9309250645194553,flat
479,5,19.187256551118534,0.8379772638420797,flat
479,6,174.13255458933415,0.9843243548298206,flat
479,7,163.2018313886978,0.8747174619702929,flat
479,8,166.4275708196277,0.9173919053614625,flat
479,9,14.729908608737698,0.9030256219557122,flat
479,10,17.78693785764927,0.8600245737029049,flat
480,1,161.35802345535055,0.8467323772674367,flat
480,2,171.17780481889125,0.9647170886914507,flat
480,3,161.60473107987448,0.8506227147141903,flat
480,4,2.9896811109534025,0.9959196112819888,flat
480,5,16.06584566779607,0.8851208992101787,flat
480,6,175.65072352219283,0.9913732800172408,flat
480,7,159.19575569914915,0.810774789201687,flat
480,8,160.3398178321917,0.8302112812316105,flat
480,9,15.882810142751998,0.8876565505813574,flat
480,10,18.315995339832313,0.8518633392025221,flat
481,1,175.7232700105882,0.9916581391803481,flat
481,2,166.54605697700399,0.9188014368929966,flat
481,3,151.63309974042116,0.6613972407731246,flat
481,4,13.83350418856888,0.9142458555953139,flat
481,5,12.18856957402548,0.9331363118473541,flat
481,6,162.63341806403272,0.8663607952453887,flat
481,7,161.3717652608533,0.8469502386088197,flat
481,8,166.96911282045463,0.923740665358612,flat
481,9,16.070636037203343,0.88505418804441,flat
481,10,23.594884241423156,0.7596792386922258,flat
482,1,155.04769034409142,0.7330464685162053,flat
482,2,155.62405907850274,0.7444908407874633,flat
482,3,155.38920882657564,0.7398515578462324,flat
482,4,8.28620767235625,0.9688450045580832,flat
482,5,28.976004296828833,0.6479720576296097,flat
482,6,174.03131661711572,0.9837807221465138,flat
482,7,156.78405948918103,0.7669123651911776,flat
482,8,151.16238416979718,0.6510382726804114,flat
482,9,43.545247299570164,0.2880689705965789,flat
482,10,11.419721703496666,0.9411971205430352,flat
483,1,176.10279534971608,0.9930708087646705,flat
483,2,161.92967587361812,0.8556787582666621,flat
483,3,156.65101734676,0.7643831479260554,flat
483,4,26.000483057104308,0.7117361409251379,flat
483,5,19.588386255290764,0.8314004854559243,flat
483,6,158.8406449216788,0.8045584605457945,flat
483,7,159.7156212901556,0.819719539328537,flat
483,8,170.5893643822581,0.9598971645578749,flat
483,9,24.22110534721429,0.7475313385091693,flat
483,10,12.825793837229392,0.9260823413525461,flat
484,1,162.24253449324922,0.8604731216702106,flat
484,2,159.05658259750038,0.8083487338554829,flat
484,3,160.4957424430037,0.8327893189808073,flat
484,4,23.066731921351224,0.7697356518284959,flat
484,5,8.956954023886073,0.9636398257917691,flat
484,6,168.0927802887166,0.9361434543547549,flat
484,7,161.97368433364014,0.8563575395813368,flat
484,8,164.0816882158371,0.8871667661992853,flat
484,9,17.514569202144628,0.8641451797835327,flat
484,10,19.607481165815127,0.8310845596879961,flat
485,1,153.1717547508862,0.6944687628524027,flat
485,2,145.52211166588998,0.519316315004692,flat
485,3,163.732178192048,0.8822927720344984,flat
485,4,19.60492213917365,0.831126913830788,flat
485,5,32.53450198813162,0.5661448351186578,flat
485,6,164.31228109673052,0.8903305532906898,flat
485,7,152.41775696258523,0.6784168262328789,flat
485,8,167.11505306633558,0.9254105048354175,flat
485,9,22.960677357722325,0.7717338215065048,flat
485,10,34.454997414451675,0.5198755418016348,flat
486,1,165.00560549570645,0.899592416171251,flat
486,2,147.49886070778408,0.5669366639746212,flat
486,3,167.2398823845063,0.9268248878905543,flat
486,4,15.046058234352264,0.8989153127774443,flat
486,5,23.24030133394573,0.7664500823383698,flat
486,6,164.5062774459466,0.8929601030718379,flat
486,7,159.53686206525302,0.8166648439538391,flat
486,8,167.4095069230799,0.9287262244709735,flat
486,9,13.643438961962193,0.9165416881333199,flat
486,10,12.269160678976162,0.9322627798602787,flat
487,1,162.92345428705627,0.8706553598429685,flat
487,2,147.01989128966238,0.5555281400404495,flat
487,3,172.46388824865886,0.9741991058112109,flat
487,4,32.314681513676,0.5713541008489307,flat
487,5,31.579582654651237,0.5886351788963511,flat
487,6,166.8124531952919,0.9219287183948257,flat
487,7,155.89833098492232,0.749866778479209,flat
487,8,153.26222457728915,0.6963743147319441,flat
487,9,25.9326018551478,0.7131352560182018,flat
487,10,10.485172141663472,0.9503243417999467,flat
488,1,149.0127065016339,0.6023973547609001,flat
488,2,166.67789741716516,0.9203563848341161,flat
488,3,158.49595201755824,0.7984429953266032,flat
488,4,16.220899597500726,0.8829525979107076,flat
488,5,22.780185292883857,0.7751180109806688,flat
488,6,158.96568210404797,0.806757045363542,flat
488,7,149.70040940126125,0.6181871529304703,flat
488,8,150.85288619782776,0.6441680240019032,flat
488,9,36.788104727812275,0.46205482152650257,flat
488,10,11.109404198326773,0.9443098762879891,flat
489,1,159.6859352916933,0.8192137882237027,flat
489,2,153.81369305306873,0.7078928432406713,flat
489,3,167.51462003621253,0.9298925095933868,flat
489,4,27.05454586278878,0.6896828586281807,flat
489,5,18.552108131675904,0.8481546534931086,flat
489,6,157.69368415418813,0.7839034215925949,flat
489,7,163.86713255266426,0.8841859341575258,flat
489,8,168.9704267148733,0.9450974899953146,flat
489,9,23.56782023042068,0.7601987978671498,flat
489,10,23.520608150358672,0.7611040577029413,flat
490,1,157.4273885413605,0.7789841996220068,flat
490,2,157.73127366803942,0.784594098876318,flat
490,3,166.96046911454383,0.9236412157142695,flat
490,4,17.638077045002362,0.8622835133111515,flat
490,5,17.324593443469077,0.8669864400126948,flat
490,6,146.09965869327158,0.5333723170796638,flat
490,7,165.90203097422196,0.9110027132808156,flat
490,8,168.54980653346334,0.9408870832682648,flat
490,9,25.3632157611223,0.7247678646482134,flat
490,10,27.270336154489016,0.685093672571063,flat
491,1,152.38319195428633,0.6776737688636731,flat
491,2,160.6020261977265,0.834536710894739,flat
491,3,144.14374434827155,0.48533884650299275,flat
491,4,25.797881805423458,0.7159042930323911,flat
491,5,16.514885952463416,0.8787905879635916,flat
491,6,151.07172726945876,0.6490306786601132,flat
491,7,169.96629952780702,0.9544672217478858,flat
491,8,150.2023076364267,0.6295774295709105,flat
491,9,32.480884216465334,0.5674171874793306,flat
491,10,16.327233422330945,0.8814548852747301,flat
492,1,133.75253358417257,0.21735172555179472,upright
492,2,160.09787990862165,0.8261771125565445,flat
492,3,140.52575080750825,0.3937684570761246,flat
492,4,31.96284020176615,0.5796524671748688,flat
492,5,27.028071295946244,0.6902441771984769,flat
492,6,135.19298168067976,0.25505221037563586,flat
492,7,161.302155434559,0.8458452374143297,flat
492,8,134.88508318871882,0.24699149298418377,upright
492,9,53.89133884913059,0.020944425568509284,upright
492,10,7.648319934025111,0.9734296687979835,flat
493,1,124.07128735601108,-0.029223675049374342,upright
493,2,166.93032450868793,0.9232939089326955,flat
493,3,150.32435222294495,0.6323296810298218,flat
493,4,54.9349722665259,-0.004914694563142752,upright
493,5,15.81366770511288,0.8886076354430381,flat
493,6,118.52036721541108,-0.15803198347561914,upright
493,7,159.59884971071318,0.8177266138443422,flat
493,8,132.50105276091224,0.18466064932087123,upright
493,9,40.725435737051754,0.36149304461849163,flat
493,10,14.420638643445239,0.9069695391155046,flat
494,1,152.2360893677932,0.6745044977620731,flat
494,2,162.52445421428936,0.864731018616878,flat
494,3,172.39455882598355,0.9737250090554721,flat
494,4,49.092492230037365,0.14322284683803987,upright
494,5,21.293114337713504,0.8021948172623772,flat
494,6,159.76002250808648,0.8204748470904564,flat
494,7,158.10229124676138,0.7913616873429881,flat
494,8,160.39704627533055,0.831159489667816,flat
494,9,38.34055858226756,0.4227778397229778,flat
494,10,14.93656004831871,0.9003478866019976,flat
495,1,153.276231893284,0.6966689511490698,flat
495,2,162.9242972232538,0.8706677486931627,flat
495,3,166.2743516984181,0.9155522612384397,flat
495,4,40.57980151039288,0.36526191909640926,flat
495,5,25.205100657683907,0.7279650943211764,flat
495,6,150.31897255764073,0.6322085089643412,flat
495,7,157.91774928764997,0.7880068078970304,flat
495,8,167.05118708711709,0.9246819085055096,flat
495,9,46.80154504622356,0.2028667410232663,upright
495,10,28.028699254053837,0.6687715742593201,flat
496,1,155.1455562833952,0.7350036028401785,flat
496,2,161.83015143400937,0.8541384363135871,flat
496,3,151.18929885507927,0.6516335252435645,flat
496,4,22.445220652922963,0.781343191678256,flat
496,5,21.378877370905364,0.8006729724217265,flat
496,6,157.88483587339502,0.7874061087328756,flat
496,7,157.49638182742467,0.7802631020053794,flat
496,8,149.4736065544607,0.6130027172892527,flat
496,9,52.56310194232744,0.05429047408003529,upright
496,10,14.89127413909232,0.9009375898110767,flat
497,1,157.01514240449225,0.7712788709309706,flat
497,2,177.64404895524405,0.9974652581312906,flat
497,3,162.88165206667605,0.8700403080028982,flat
497,4,28.266365191958105,0.6635954016497809,flat
497,5,9.247323406286286,0.9612649728083782,flat
497,6,167.0933457146298,0.9251632392562441,flat
497,7,161.81202322856177,0.853857083759074,flat
497,8,160.83080274538878,0.838270655397783,flat
497,9,46.81257856130742,0.20257845874814362,upright
497,10,19.28027316144389,0.8364624163366479,flat
498,1,148.8596832742903,0.598855968322946,flat
498,2,156.03097712681156,0.7524503363239894,flat
498,3,162.89813382351065,0.8702829680271997,flat
498,4,9.815788433691727,0.9564043266689111,flat
498,5,23.360818618335806,0.7641576003876014,flat
498,6,171.06047177777032,0.9637800171981707,flat
498,7,159.6799903200948,0.819112432120048,flat
498,8,174.54514166534875,0.9864449727117188,flat
498,9,18.139530431566286,0.8546084377855556,flat
498,10,21.95418933586142,0.7903372780574915,flat
499,1,147.79520178227463,0.5739510215183503,flat
499,2,169.1126182569559,0.9464869821874595,flat
499,3,160.21771744564637,0.8281804853364763,flat
499,4,27.10340061495676,0.6886460458480974,flat
499,5,10.517461501000856,0.950021365125346,flat
499,6,154.19677209660688,0.7157946052068911,flat
499,7,161.99930089662723,0.85675198767066,flat
499,8,162.67396736423223,0.8669650174197714,flat
499,9,26.956970953256004,0.6917497974835325,flat
499,10,12.709588308192497,0.9273937598383384,flat
